frame,t_s,x_px_filt,y_px_filt,x_mm_abs,y_mm_abs,angle_deg_raw,mm_per_px,x_mm,y_mm,angle_deg_unwrapped,vx_mm_s,vy_mm_s,speed_mm_s,angular_vel_dps
2160,17.9002796,154.4630943,181.9999696,69.31036284,81.66665301,0,0.448717949,-0.006867808,2.24E-06,0,-0.312954116,0.000113712,0.312954137,0
2161,17.9128785,154.4618773,181.9999695,69.30981672,81.66665298,0,0.448717949,-0.007413934,2.26E-06,0,-0.108682958,1.38E-05,0.108682959,0
2162,17.9161959,154.461985,181.9999695,69.30986505,81.66665298,0,0.448717949,-0.007365599,2.27E-06,0,-0.01793172,7.16E-06,0.017931721,0
2163,17.9283942,154.4631334,181.9999695,69.31038038,81.66665297,0,0.448717949,-0.006850269,2.27E-06,0,0.075855421,8.80E-07,0.075855421,0
2164,17.9314732,154.465057,181.9999695,69.31124354,81.66665297,0,0.448717949,-0.005987107,2.27E-06,0,0.166014925,4.59E-07,0.166014925,0
2165,17.9443921,154.4675178,181.9999695,69.31234772,81.66665297,0,0.448717949,-0.004882932,2.27E-06,0,0.184125378,5.77E-08,0.184125378,0
2166,17.9474894,154.4703302,181.9999695,69.31360971,81.66665297,0,0.448717949,-0.003620936,2.27E-06,0,0.259430879,3.05E-08,0.259430879,0
2167,17.9603094,154.4733336,181.9999695,69.31495738,81.66665297,0,0.448717949,-0.002273268,2.27E-06,0,0.224496096,3.50E-09,0.224496096,0
2168,17.9636032,154.4764076,181.9999695,69.31633674,81.66665297,0,0.448717949,-0.000893912,2.27E-06,0,0.295062962,1.89E-09,0.295062962,0
2169,17.9765379,154.4794535,181.9999695,69.31770348,81.66665297,0,0.448717949,0.000472826,2.27E-06,0,0.231930005,2.14E-10,0.231930005,0
2170,17.9795435,154.4823893,181.9999695,69.31902084,81.66665297,0,0.448717949,0.001790193,2.27E-06,0,0.262586379,1.12E-10,0.262586379,0
2171,17.9930903,154.4851603,181.9999695,69.32026424,81.66665297,0,0.448717949,0.003033595,2.27E-06,0,0.198264729,1.32E-11,0.198264729,0
2172,17.9975325,154.4877185,181.9999695,69.32141213,81.66665297,0,0.448717949,0.004181478,2.27E-06,0,0.1887022,7.04E-12,0.1887022,0
2173,18.0083077,154.4900517,181.9999695,69.3224591,81.66665297,0,0.448717949,0.005228454,2.27E-06,0,0.153223059,4.20E-13,0.153223059,0
2174,18.0244602,154.4921342,181.9999695,69.32339355,81.66665297,0,0.448717949,0.006162905,2.27E-06,0,0.146174087,-8.13E-05,0.146174109,0
2175,18.027619,154.4939709,181.9999695,69.32421771,81.66665297,0,0.448717949,0.006987062,2.27E-06,0,0.13251117,-0.000481366,0.132512044,0
2176,18.0402545,154.495563,181.9999809,69.32493213,81.66665811,0,0.448717949,0.007701483,-2.86E-06,0,0.1210635,-0.000586495,0.121064921,0
2177,18.0434633,154.4969224,181.9999952,69.32554209,81.66666453,0,0.448717949,0.008311443,-9.28E-06,0,0.134913401,-0.000998601,0.134917096,0
2178,18.0562855,154.4980633,182.0000103,69.32605404,81.66667127,0,0.448717949,0.008823394,-1.60E-05,0,0.087982693,-0.001025227,0.087988666,0
2179,18.0595954,154.4990008,182.0000255,69.32647474,81.66667809,0,0.448717949,0.009244087,-2.28E-05,0,0.093943119,-0.000971849,0.093948146,0
2180,18.0724028,154.4997502,182.0000293,69.32681099,81.66667979,0,0.448717949,0.009580343,-2.45E-05,0,0.059077047,-0.000573448,0.059079831,0
2181,18.075458,154.5003381,182.0000302,69.32707479,81.66668022,0,0.448717949,0.009844137,-2.50E-05,0,0.060647913,-0.000470046,0.060649734,0
2182,18.0881149,154.5007826,182.0000304,69.32727425,81.66668032,0,0.448717949,0.010043601,-2.51E-05,0,0.036728617,-5.80E-05,0.036728663,0
2183,18.0912005,154.5011112,182.0000305,69.32742168,81.66668035,0,0.448717949,0.010191035,-2.51E-05,0,0.035389957,-3.15E-05,0.035389971,0
2184,18.1043228,154.5013307,182.0000305,69.32752016,81.66668036,0,0.448717949,0.010289515,-2.51E-05,0,0.018589034,-3.63E-06,0.018589034,0
2185,18.107419,154.5014656,182.0000305,69.32758073,81.66668036,0,0.448717949,0.010350081,-2.51E-05,0,0.015936158,-1.95E-06,0.015936159,0
2186,18.1204828,154.5015337,182.0000305,69.32761128,81.66668036,0,0.448717949,0.010380629,-2.51E-05,0,0.006164837,-2.23E-07,0.006164837,0
2187,18.1235438,154.5015507,182.0000305,69.32761891,81.66668036,0,0.448717949,0.010388265,-2.51E-05,0,0.002445286,-1.22E-07,0.002445286,0
2188,18.136095,154.5015206,182.0000305,69.32760542,81.66668036,0,0.448717949,0.010374769,-2.51E-05,0,-0.002154794,-1.40E-08,0.002154794,0
2189,18.1391767,154.5014445,182.0000305,69.32757123,81.66668036,0,0.448717949,0.010340584,-2.51E-05,0,-0.006120475,-7.69E-09,0.006120475,0
2190,18.1521147,154.5013453,182.0000305,69.32752674,81.66668036,0,0.448717949,0.010296091,-2.51E-05,0,-0.007448905,-8.91E-10,0.007448905,0
2191,18.1550995,154.501229,182.0000305,69.32747454,81.66668036,0,0.448717949,0.010243887,-2.51E-05,0,-0.010905283,-4.79E-10,0.010905283,0
2192,18.168152,154.5011083,182.0000305,69.3274204,81.66668036,0,0.448717949,0.010189755,-2.51E-05,0,0.567934071,-5.63E-11,0.567934071,0
2193,18.1711271,154.5009866,182.0000305,69.32736579,81.66668036,0,0.448717949,0.01013514,-2.51E-05,0,0.855291685,-3.10E-11,0.855291685,0
2194,18.1841887,154.58491,182.0000305,69.36502374,81.66668036,0,0.448717949,0.047793089,-2.51E-05,0,0.803344719,-3.43E-12,0.803344719,0
2195,18.1873677,154.5950648,182.0000305,69.36958036,81.66668036,0,0.448717949,0.052349706,-2.51E-05,0,0.496941539,-1.91E-12,0.496941539,0
2196,18.2001705,154.587155,182.0000305,69.3660311,81.66668036,0,0.448717949,0.048800451,-2.51E-05,0,0.413367547,8.24E-05,0.413367555,0
2197,18.203633,154.5753013,182.0000305,69.36071213,81.66668036,0,0.448717949,0.043481486,-2.51E-05,0,-0.503837969,0.000511234,0.503838228,0
2198,18.2160987,154.5631826,182.0000191,69.35527426,81.66667523,0,0.448717949,0.038043609,-2.00E-05,0,-0.860481323,0.000613145,0.860481542,0
2199,18.2190923,154.5518217,182.0000048,69.35017639,81.66666881,0,0.448717949,0.032945736,-1.36E-05,0,-1.077548076,0.001064825,1.077548602,0
2200,18.2323194,154.5415084,181.9999897,69.34554865,81.66666207,0,0.448717949,0.028318003,-6.82E-06,0,-0.824063126,0.001090271,0.824063848,0
2201,18.2353393,154.5323383,181.9999745,69.34143386,81.66665525,0,0.448717949,0.024203212,0,0,-0.294713755,0.001013326,0.294715497,0
2202,18.2487405,154.5243123,181.9999707,69.33783244,81.66665354,0,0.448717949,0.020601794,1.71E-06,0,0.179185726,0.000591603,0.179186703,0
2203,18.2644018,154.6014646,181.9999698,69.37245206,81.66665311,0,0.448717949,0.055221406,2.13E-06,0,0.160150098,0.00049011,0.160150848,0
2204,18.2673941,154.6059097,181.9999696,69.37444664,81.66665301,0,0.448717949,0.057215995,2.24E-06,0,-0.031396506,3.89E-05,0.03139653,0
2205,18.2801545,154.5932537,181.9999695,69.36876768,81.66665298,0,0.448717949,0.051537033,2.26E-06,0,-0.082882225,1.34E-05,0.082882226,0
2206,18.283192,154.577547,181.9999695,69.3617198,81.66665298,0,0.448717949,0.044489147,2.27E-06,0,-0.928419626,8.03E-06,0.928419626,0
2207,18.2961246,154.5623822,181.9999695,69.35491509,81.66665297,0,0.448717949,0.037684439,2.27E-06,0,-1.145192499,9.11E-07,1.145192499,0
2208,18.2991751,154.548669,181.9999695,69.34876172,81.66665297,0,0.448717949,0.03153107,2.27E-06,0,-1.353854481,4.95E-07,1.353854481,0
2209,18.312128,154.5366233,181.9999695,69.34335659,81.66665297,0,0.448717949,0.026125945,2.27E-06,0,-0.951137462,5.64E-08,0.951137462,0
2210,18.3152544,154.5262533,181.9999695,69.3387034,81.66665297,0,0.448717949,0.02147275,2.27E-06,0,-1.057420014,3.08E-08,1.057420014,0
2211,18.3281052,154.5174695,181.9999695,69.33476197,81.66665297,0,0.448717949,0.017531325,2.27E-06,0,-0.695166126,3.48E-09,0.695166126,0
2212,18.3312025,154.5101695,181.9999695,69.33148633,81.66665297,0,0.448717949,0.014255683,2.27E-06,0,-0.74911099,1.88E-09,0.74911099,0
2213,18.3441583,154.5042247,181.9999695,69.32881876,81.66665297,0,0.448717949,0.011588112,2.27E-06,0,0.103311728,2.20E-10,0.103311728,0
2214,18.3472518,154.4994883,181.9999695,69.32669348,81.66665297,0,0.448717949,0.009462831,2.27E-06,0,0.329187156,1.19E-10,0.329187156,0
2215,18.3602566,154.5798777,181.9999695,69.36276565,81.66665297,0,0.448717949,0.045534998,2.27E-06,0,0.470220234,1.30E-11,0.470220234,0
2216,18.3643772,154.5874324,181.9999695,69.36615554,81.66665297,0,0.448717949,0.048924894,2.27E-06,0,0.135452541,6.87E-12,0.135452541,0
2217,18.3767624,154.5777053,181.9999695,69.36179082,81.66665297,0,0.448717949,0.044560171,2.27E-06,0,0.18127635,4.37E-13,0.18127635,0
2218,18.3798644,154.5647106,181.9999695,69.35595988,81.66665297,0,0.448717949,0.038729229,2.27E-06,0,-0.694144099,-0.000318925,0.694144173,0
2219,18.3923113,154.5520091,181.9999695,69.35026049,81.66665297,0,0.448717949,0.033029844,2.27E-06,0,-0.930554731,-0.000420518,0.930554826,0
2220,18.3955316,154.5405024,181.9999809,69.34509724,81.66665811,0,0.448717949,0.027866594,-2.86E-06,0,1.407195055,-0.000872497,1.407195325,0
2221,18.4081682,154.5303816,181.9999952,69.34055587,81.66666453,0,0.448717949,0.023325219,-9.28E-06,0,2.382246235,-0.000977206,2.382246436,0
2222,18.4111506,154.6057285,182.0000103,69.37436535,81.66667127,0,0.448717949,0.057134703,-1.60E-05,0,4.482259256,-0.00107211,4.482259384,0
2223,18.4241774,154.6926919,182.0000255,69.41338739,81.66667809,0,0.448717949,0.096156738,-2.28E-05,0,4.699521348,-0.000760083,4.699521409,0
2224,18.4277706,154.7731066,182.0000293,69.44947091,81.66667979,0,0.448717949,0.13224026,-2.45E-05,0,3.812516242,-0.000664901,3.8125163,0
2225,18.4401291,154.7588666,182.0000302,69.44308115,81.66668022,0,0.448717949,0.125850497,-2.50E-05,0,1.285200664,-0.000213327,1.285200682,0
2226,18.4434538,154.7233432,182.0000304,69.42714118,81.66668032,0,0.448717949,0.109910528,-2.51E-05,0,-0.221967967,-0.000108994,0.221967994,0
2227,18.4566014,154.6852456,182.0000305,69.4100461,81.66668035,0,0.448717949,0.092815448,-2.51E-05,0,-2.470193605,-1.41E-05,2.470193605,0
2228,18.4601395,154.6494456,182.0000305,69.39398198,81.66668036,0,0.448717949,0.07675133,-2.51E-05,0,-2.064715387,-7.22E-06,2.064715387,0
2229,18.4721922,154.6172411,182.0000305,69.37953128,81.66668036,0,0.448717949,0.062300636,-2.51E-05,0,-1.522189963,-8.21E-07,1.522189963,0
2230,18.4887517,154.6729794,182.0000305,69.40454205,81.66668036,0,0.448717949,0.087311396,-2.51E-05,0,-1.469924221,-4.16E-07,1.469924221,0
2231,18.4918089,154.6587958,182.0000305,69.39817762,81.66668036,0,0.448717949,0.080946975,-2.51E-05,0,-1.396578642,-4.03E-08,1.396578642,0
2232,18.5041553,154.6302103,182.0000305,69.38535077,81.66668036,0,0.448717949,0.06812012,-2.51E-05,0,-1.333154244,-1.27E-08,1.333154244,0
2233,18.5072823,154.6011256,182.0000305,69.37229993,81.66668036,0,0.448717949,0.055069286,-2.51E-05,0,-2.182358338,-7.69E-09,2.182358338,0
2234,18.5206197,154.5749144,182.0000305,69.36053852,81.66668036,0,0.448717949,0.043307872,-2.51E-05,0,-1.909338304,-8.86E-10,1.909338304,0
2235,18.52433,154.5522941,182.0000305,69.35038839,81.66668036,0,0.448717949,0.033157741,-2.51E-05,0,-2.126739405,-4.66E-10,2.126739405,0
2236,18.5362683,154.5332266,182.0000305,69.34183244,81.66668036,0,0.448717949,0.024601789,-2.51E-05,0,-1.38308519,-5.01E-11,1.38308519,0
2237,18.5395885,154.5174962,182.0000305,69.33477396,81.66668036,0,0.448717949,0.017543309,-2.51E-05,0,-1.480270058,-2.56E-11,1.480270058,0
2238,18.552103,154.5047975,182.0000305,69.3290758,81.66668036,0,0.448717949,0.011845149,-2.51E-05,0,-0.985670697,-3.38E-12,0.985670697,0
2239,18.5553784,154.4948136,182.0000305,69.32459583,81.66668036,0,0.448717949,0.007365184,-2.51E-05,0,-0.99284184,-1.71E-12,0.99284184,0
2240,18.5683617,154.4872135,182.0000305,69.32118556,81.66668036,0,0.448717949,0.003954907,-2.51E-05,0,-0.594253967,8.03E-05,0.594253973,0
2241,18.5716646,154.4816743,182.0000305,69.3187,81.66668036,0,0.448717949,0.001469354,-2.51E-05,0,-0.571037196,0.000498645,0.571037414,0
2242,18.5844467,154.4778862,182.0000191,69.31700023,81.66667523,0,0.448717949,-0.00023042,-2.00E-05,0,-0.305439371,0.000605519,0.305439971,0
2243,18.5875158,154.4755659,182.0000048,69.31595907,81.66666881,0,0.448717949,-0.001271584,-1.36E-05,0,-0.257386187,0.001048832,0.257388324,0
2244,18.6001287,154.474448,181.9999897,69.31545742,81.66666207,0,0.448717949,-0.001773228,-6.82E-06,0,-0.102766935,0.001075268,0.10277256,0
2245,18.6032056,154.4742944,181.9999745,69.3153885,81.66665525,0,0.448717949,-0.001842152,0,0,-0.044289655,0.001021143,0.044301425,0
2246,18.6161048,154.4748854,181.9999707,69.3156537,81.66665354,0,0.448717949,-0.001576949,1.71E-06,0,0.034388102,0.000604485,0.034393414,0
2247,18.6193556,154.4760402,181.9999698,69.3161719,81.66665311,0,0.448717949,-0.001058753,2.13E-06,0,0.091636172,0.000499207,0.091637531,0
2248,18.6323697,154.4776107,181.9999696,69.31687658,81.66665301,0,0.448717949,-0.000354065,2.24E-06,0,0.110366303,5.60E-05,0.110366318,0
2249,18.6357097,154.4794452,181.9999695,69.31769979,81.66665298,0,0.448717949,0.000469138,2.26E-06,0,0.166803608,2.97E-05,0.166803611,0
2250,18.6483279,154.4814488,181.9999695,69.31859884,81.66665298,0,0.448717949,0.001368187,2.27E-06,0,0.14933846,3.45E-06,0.14933846,0
2251,18.6513941,154.4835176,181.9999695,69.31952712,81.66665297,0,0.448717949,0.002296467,2.27E-06,0,2.66049354,1.82E-06,2.66049354,0
2252,18.6642315,154.4855797,181.9999695,69.32045243,81.66665297,0,0.448717949,0.003221785,2.27E-06,0,3.275964035,2.28E-07,3.275964035,0
2253,18.6672935,154.5716284,181.9999695,69.35906402,81.66665297,0,0.448717949,0.041833371,2.27E-06,0,5.822310168,1.23E-07,5.822310168,0
2254,18.6802847,154.667859,181.9999695,69.40224444,81.66665297,0,0.448717949,0.085013788,2.27E-06,0,5.708541055,1.41E-08,5.708541055,0
2255,18.6833796,154.7561638,181.9999695,69.44186838,81.66665297,0,0.448717949,0.124637734,2.27E-06,0,5.53847876,7.65E-09,5.53847876,0
2256,18.6963083,154.7484968,181.9999695,69.43842806,81.66665297,0,0.448717949,0.121197415,2.27E-06,0,2.110205075,8.57E-10,2.110205075,0
2257,18.7136788,154.7183704,181.9999695,69.42490979,81.66665297,0,0.448717949,0.107679142,2.27E-06,0,1.203224277,4.57E-10,1.203224277,0
2258,18.7170231,154.6845975,181.9999695,69.40975528,81.66665297,0,0.448717949,0.092524631,2.27E-06,0,-2.160446369,3.63E-11,2.160446369,0
2259,18.7290345,154.6521789,181.9999695,69.39520847,81.66665297,0,0.448717949,0.077977823,2.27E-06,0,-2.307241093,1.10E-11,2.307241093,0
2260,18.7323496,154.6225136,181.9999695,69.38189711,81.66665297,0,0.448717949,0.064666462,2.27E-06,0,-2.857092038,6.42E-12,2.857092038,0
2261,18.7442369,154.5960199,181.9999695,69.37000894,81.66665297,0,0.448717949,0.052778294,2.27E-06,0,-2.086186541,4.73E-13,2.086186541,0
2262,18.7471932,154.5727797,181.9999695,69.35958064,81.66665297,0,0.448717949,0.042349986,2.27E-06,0,-2.350802228,-0.000340574,2.350802252,0
2263,18.7604893,154.5527218,181.9999695,69.35058027,81.66665297,0,0.448717949,0.033349624,2.27E-06,0,-1.646326424,-0.000439804,1.646326483,0
2264,18.7635049,154.535691,181.9999809,69.34293825,81.66665811,0,0.448717949,0.025707605,-2.86E-06,0,-1.783513244,-0.000875621,1.783513459,0
2265,18.7764424,154.5214769,181.9999952,69.33656015,81.66666453,0,0.448717949,0.019329503,-9.28E-06,0,-1.143045297,-0.00098187,1.143045719,0
2266,18.7795354,154.5098553,182.0000103,69.33134533,81.66667127,0,0.448717949,0.014114683,-1.60E-05,0,-1.235378274,-0.001101462,1.235378765,0
2267,18.7923735,154.5005527,182.0000255,69.32717107,81.66667809,0,0.448717949,0.009940418,-2.28E-05,0,-0.76626732,-0.000767494,0.766267704,0
2268,18.7952249,154.4933175,182.0000293,69.32392451,81.66667979,0,0.448717949,0.006693865,-2.45E-05,0,-0.771958315,-0.000674676,0.77195861,0
2269,18.8081319,154.4878924,182.0000302,69.32149016,81.66668022,0,0.448717949,0.004259513,-2.50E-05,0,-0.452776126,-0.000239277,0.452776189,0
2270,18.8114557,154.4840298,182.0000304,69.31975697,81.66668032,0,0.448717949,0.002526322,-2.51E-05,0,-0.427099642,-0.000133428,0.427099662,0
2271,18.8241875,154.4814735,182.0000305,69.31860989,81.66668035,0,0.448717949,0.001379236,-2.51E-05,0,-0.203524941,-1.39E-05,0.203524942,0
2272,18.827524,154.4800104,182.0000305,69.31795338,81.66668036,0,0.448717949,0.000722733,-2.51E-05,0,-0.162699725,-7.28E-06,0.162699725,0
2273,18.8401608,154.4794272,182.0000305,69.31769169,81.66668036,0,0.448717949,0.000461039,-2.51E-05,0,0.544413097,-8.70E-07,0.544413097,0
2274,18.8435557,154.4795446,182.0000305,69.31774437,81.66668036,0,0.448717949,0.000513724,-2.51E-05,0,3.118257097,-4.53E-07,3.118257097,0
2275,18.8561675,154.5642602,182.0000305,69.3557578,81.66668036,0,0.448717949,0.038527149,-2.51E-05,0,3.184723174,-5.42E-08,3.184723174,0
2276,18.8595175,154.6596655,182.0000305,69.39856786,81.66668036,0,0.448717949,0.081337214,-2.51E-05,0,2.669222404,-2.79E-08,2.669222404,0
2277,18.8721753,154.6634897,182.0000305,69.40028383,81.66668036,0,0.448717949,0.083053183,-2.51E-05,0,2.512049991,-3.42E-09,2.512049991,0
2278,18.8752871,154.6454714,182.0000305,69.39219871,81.66668036,0,0.448717949,0.074968065,-2.51E-05,0,1.283004408,-1.77E-09,1.283004408,0
2279,18.8881834,154.6233315,182.0000305,69.38226414,81.66668036,0,0.448717949,0.065033489,-2.51E-05,0,-1.409679953,-2.21E-10,1.409679953,0
2280,18.8912858,154.6016832,182.0000305,69.37255018,81.66668036,0,0.448717949,0.055319527,-2.51E-05,0,-1.950965459,-1.18E-10,1.950965459,0
2281,18.9043201,154.5818059,182.0000305,69.36363083,81.66668036,0,0.448717949,0.046400182,-2.51E-05,0,-1.540544611,-1.32E-11,1.540544611,0
2282,18.9074206,154.564042,182.0000305,69.35565988,81.66668036,0,0.448717949,0.038429227,-2.51E-05,0,-1.770035842,-6.85E-12,1.770035842,0
2283,18.9202283,154.5484545,182.0000305,69.34866548,81.66668036,0,0.448717949,0.031434833,-2.51E-05,0,-1.223852698,-4.36E-13,1.223852698,0
2284,18.9233759,154.5350018,182.0000305,69.34262902,81.66668036,0,0.448717949,0.025398368,-2.51E-05,0,-1.140709215,6.47E-05,1.140709217,0
2285,18.9361803,154.523582,182.0000305,69.33750474,81.66668036,0,0.448717949,0.020274092,-2.51E-05,0,-0.851283997,0.000478661,0.851284131,0
2286,18.9520586,154.514078,182.0000191,69.33324014,81.66667523,0,0.448717949,0.01600949,-2.00E-05,0,-0.785073427,0.000582883,0.785073644,0
2287,18.9551597,154.5063119,182.0000048,69.32975532,81.66666881,0,0.448717949,0.012524675,-1.36E-05,0,-0.541322355,0.001023504,0.541323322,0
2288,18.9680935,154.5001131,181.9999897,69.32697384,81.66666207,0,0.448717949,0.009743188,-6.82E-06,0,-0.486357279,0.001049904,0.486358412,0
2289,18.9711892,154.4952904,181.9999745,69.32480981,81.66665525,0,0.448717949,0.007579158,0,0,-0.508319277,0.001013162,0.508320287,0
2290,18.984106,154.4916815,181.9999707,69.32319041,81.66665354,0,0.448717949,0.005959765,1.71E-06,0,-0.295218654,0.000600824,0.295219266,0
2291,18.9871573,154.4891084,181.9999698,69.32203583,81.66665311,0,0.448717949,0.004805182,2.13E-06,0,-0.280044996,0.000498326,0.28004544,0
2292,19.0001389,154.4874237,181.9999696,69.32127988,81.66665301,0,0.448717949,0.004049235,2.24E-06,0,-0.142782138,5.78E-05,0.14278215,0
2293,19.0032307,154.4864647,181.9999695,69.32084955,81.66665298,0,0.448717949,0.003618896,2.26E-06,0,-0.114697355,3.15E-05,0.11469736,0
2294,19.0161197,154.4860991,181.9999695,69.32068547,81.66665298,0,0.448717949,0.003454824,2.27E-06,0,-0.035909737,3.58E-06,0.035909738,0
2295,19.0191942,154.4862022,181.9999695,69.32073175,81.66665297,0,0.448717949,0.003501104,2.27E-06,0,2.234443979,1.95E-06,2.234443979,0
2296,19.0324893,154.4866629,181.9999695,69.32093846,81.66665297,0,0.448717949,0.003707811,2.27E-06,0,2.343646521,2.25E-07,2.343646521,0
2297,19.0358582,154.5714529,181.9999695,69.35898525,81.66665297,0,0.448717949,0.041754606,2.27E-06,0,2.147966977,1.22E-07,2.147966977,0
2298,19.0482064,154.5826482,181.9999695,69.36400882,81.66665297,0,0.448717949,0.046778166,2.27E-06,0,2.071203422,1.33E-08,2.071203422,0
2299,19.0512707,154.5758798,181.9999695,69.3609717,81.66665297,0,0.448717949,0.043741055,2.27E-06,0,1.748405548,7.08E-09,1.748405548,0
2300,19.0642332,154.565227,181.9999695,69.35619159,81.66665297,0,0.448717949,0.038960939,2.27E-06,0,-0.580832382,8.99E-10,0.580832382,0
2301,19.0672939,154.554324,181.9999695,69.35129924,81.66665297,0,0.448717949,0.034068588,2.27E-06,0,1.48071661,4.79E-10,1.48071661,0
2302,19.0802417,154.5441482,181.9999695,69.34673315,81.66665297,0,0.448717949,0.029502505,2.27E-06,0,1.693740819,5.46E-11,1.693740819,0
2303,19.0833779,154.6190349,181.9999695,69.38033619,81.66665297,0,0.448717949,0.063105541,2.27E-06,0,3.384864017,2.93E-11,3.384864017,0
2304,19.0965588,154.6212085,181.9999695,69.38131149,81.66665297,0,0.448717949,0.064080845,2.27E-06,0,4.272848173,3.35E-12,4.272848173,0
2305,19.1003996,154.6904279,181.9999695,69.41237147,81.66665297,0,0.448717949,0.095140822,2.27E-06,0,3.944514308,1.81E-12,3.944514308,0
2306,19.1124901,154.7669902,181.9999695,69.44672637,81.66665297,0,0.448717949,0.129495724,2.27E-06,0,1.554465928,-8.08E-05,1.554465931,0
2307,19.1157743,154.7523936,181.9999695,69.44017662,81.66665297,0,0.448717949,0.12294597,2.27E-06,0,0.528950101,-0.000467597,0.528950308,0
2308,19.1284821,154.7173991,181.9999809,69.42447395,81.66665811,0,0.448717949,0.107243302,-2.86E-06,0,-1.332369567,-0.000572143,1.33236969,0
2309,19.1318013,154.6800173,181.9999952,69.40770009,81.66666453,0,0.448717949,0.090469442,-9.28E-06,0,-2.752472959,-0.00098328,2.752473135,0
2310,19.144695,154.6449685,182.0000103,69.39197304,81.66667127,0,0.448717949,0.074742386,-1.60E-05,0,-2.55261689,-0.001010619,2.55261709,0
2311,19.1480127,154.6134783,182.0000255,69.37784282,81.66667809,0,0.448717949,0.060612176,-2.28E-05,0,-2.438082005,-0.000935078,2.438082185,0
2312,19.1604858,154.5858189,182.0000293,69.36543156,81.66667979,0,0.448717949,0.048200915,-2.45E-05,0,-1.999061739,-0.000555006,1.999061816,0
2313,19.1766367,154.5619554,182.0000302,69.35472356,81.66668022,0,0.448717949,0.037492914,-2.50E-05,0,-1.874917605,-0.000450882,1.874917659,0
2314,19.1798152,154.5417073,182.0000304,69.34563787,81.66668032,0,0.448717949,0.028407223,-2.51E-05,0,-1.332642792,-4.01E-05,1.332642793,0
2315,19.1924539,154.5248349,182.0000305,69.33806695,81.66668035,0,0.448717949,0.020836305,-2.51E-05,0,-1.21839983,-1.28E-05,1.21839983,0
2316,19.1964474,154.511061,182.0000305,69.33188636,81.66668036,0,0.448717949,0.014655709,-2.51E-05,0,-1.31679358,-7.51E-06,1.31679358,0
2317,19.2081019,154.500053,182.0000305,69.32694686,81.66668036,0,0.448717949,0.009716213,-2.51E-05,0,-0.789196134,-8.10E-07,0.789196134,0
2318,19.2114164,154.4915217,182.0000305,69.32311873,81.66668036,0,0.448717949,0.005888078,-2.51E-05,0,-0.764280265,-3.90E-07,0.764280265,0
2319,19.224397,154.4851432,182.0000305,69.32025655,81.66668036,0,0.448717949,0.003025897,-2.51E-05,0,-0.478079133,-5.66E-08,0.478079133,0
2320,19.2286868,154.4806074,182.0000305,69.31822126,81.66668036,0,0.448717949,0.000990613,-2.51E-05,0,-0.438862756,-2.81E-08,0.438862756,0
2321,19.2401795,154.4776195,182.0000305,69.31688054,81.66668036,0,0.448717949,-0.000350105,-2.51E-05,0,0.366600754,-3.03E-09,0.366600754,0
2322,19.2435227,154.4759227,182.0000305,69.31611915,81.66668036,0,0.448717949,-0.001111504,-2.51E-05,0,0.692480421,-1.44E-09,0.692480421,0
2323,19.2565538,154.5593379,182.0000305,69.35354905,81.66668036,0,0.448717949,0.036318397,-2.51E-05,0,1.346480049,-2.24E-10,1.346480049,0
2324,19.259886,154.5698004,182.0000305,69.35824379,81.66668036,0,0.448717949,0.041013139,-2.51E-05,0,1.365748091,-1.11E-10,1.365748091,0
2325,19.2722586,154.6468828,182.0000305,69.39283202,81.66668036,0,0.448717949,0.075601371,-2.51E-05,0,1.276475711,-1.28E-11,1.276475711,0
2326,19.2760776,154.6467099,182.0000305,69.39275443,81.66668036,0,0.448717949,0.075523777,-2.51E-05,0,0.085417257,-6.43E-12,0.085417257,0
2327,19.2881881,154.6285163,182.0000305,69.38459065,81.66668036,0,0.448717949,0.06736,-2.51E-05,0,-0.337252655,-4.59E-13,0.337252655,0
2328,19.291272,154.6073282,182.0000305,69.37508317,81.66668036,0,0.448717949,0.057852519,-2.51E-05,0,-1.433437784,0.000334321,1.433437823,0
2329,19.3042028,154.587028,182.0000305,69.36597409,81.66668036,0,0.448717949,0.048743442,-2.51E-05,0,-1.542427778,0.000433937,1.542427839,0
2330,19.3072748,154.5686434,182.0000191,69.35772462,81.66667523,0,0.448717949,0.04049397,-2.00E-05,0,-1.826880697,0.000881459,1.826880909,0
2331,19.3201622,154.5524087,182.0000048,69.35043978,81.66666881,0,0.448717949,0.033209135,-1.36E-05,0,-1.293007245,0.000986342,1.293007621,0
2332,19.3231743,154.5383364,181.9999897,69.3441253,81.66666207,0,0.448717949,0.026894653,-6.82E-06,0,1.00512265,0.00109708,1.005123249,0
2333,19.3361796,154.5263497,181.9999745,69.33874666,81.66665525,0,0.448717949,0.021516007,0,0,1.556367385,0.000769366,1.556367576,0
2334,19.339259,154.6003718,181.9999707,69.37196168,81.66665354,0,0.448717949,0.054731036,1.71E-06,0,1.232569133,0.000676942,1.232569319,0
2335,19.3521632,154.6024092,181.9999698,69.37287593,81.66665311,0,0.448717949,0.055645284,2.13E-06,0,1.538137752,0.000229818,1.53813777,0
2336,19.3551266,154.5879841,181.9999696,69.3664031,81.66665301,0,0.448717949,0.04917245,2.24E-06,0,3.599032166,0.000125367,3.599032169,0
2337,19.3684866,154.5710568,181.9999695,69.35880755,81.66665298,0,0.448717949,0.041576905,2.26E-06,0,1.415656683,1.47E-05,1.415656683,0
2338,19.3715774,154.639186,181.9999695,69.38937834,81.66665298,0,0.448717949,0.072147694,2.27E-06,0,1.284932659,8.05E-06,1.284932659,0
2339,19.3847299,154.6353557,181.9999695,69.38765963,81.66665297,0,0.448717949,0.070428978,2.27E-06,0,1.055545221,8.68E-07,1.055545221,0
2340,19.4000769,154.6154239,181.9999695,69.37871584,81.66665297,0,0.448717949,0.061485188,2.27E-06,0,1.031459403,4.69E-07,1.031459403,0
2341,19.4030373,154.5934464,181.9999695,69.36885416,81.66665297,0,0.448717949,0.051623514,2.27E-06,0,-1.444628193,3.86E-08,1.444628193,0
2342,19.4163799,154.5729603,181.9999695,69.35966167,81.66665297,0,0.448717949,0.042431024,2.27E-06,0,-1.531378326,1.33E-08,1.531378326,0
2343,19.4196483,154.5548268,181.9999695,69.35152486,81.66665297,0,0.448717949,0.034294213,2.27E-06,0,-1.800606395,7.87E-09,1.800606395,0
2344,19.4320865,154.5391813,181.9999695,69.34450441,81.66665297,0,0.448717949,0.027273761,2.27E-06,0,-1.21068448,8.42E-10,1.21068448,0
2345,19.4351661,154.5259429,181.9999695,69.33856413,81.66665297,0,0.448717949,0.021333485,2.27E-06,0,-1.339854447,4.54E-10,1.339854447,0
2346,19.4481013,154.5149429,181.9999695,69.33362823,81.66665297,0,0.448717949,0.016397582,2.27E-06,0,-0.312505264,5.55E-11,0.312505264,0
2347,19.4511109,154.5059902,181.9999695,69.32961099,81.66665297,0,0.448717949,0.012380345,2.27E-06,0,-0.059769593,2.93E-11,0.059769593,0
2348,19.4641533,154.5829337,181.9999695,69.36413692,81.66665297,0,0.448717949,0.046906273,2.27E-06,0,0.243410388,3.43E-12,0.243410388,0
2349,19.4672293,154.5877271,181.9999695,69.36628782,81.66665297,0,0.448717949,0.049057171,2.27E-06,0,-0.123627256,1.89E-12,0.123627256,0
2350,19.4801388,154.5758449,181.9999695,69.36095605,81.66665297,0,0.448717949,0.043725397,2.27E-06,0,0.048767366,-7.81E-05,0.048767429,0
2351,19.4830983,154.5612243,181.9999695,69.3543955,81.66665297,0,0.448717949,0.037164851,2.27E-06,0,-0.846034887,-0.000503359,0.846035037,0
2352,19.4962545,154.547361,181.9999809,69.34817479,81.66665811,0,0.448717949,0.030944143,-2.86E-06,0,-0.479291807,-0.000606901,0.479292191,0
2353,19.4992731,154.5350717,181.9999952,69.3426604,81.66666453,0,0.448717949,0.025429751,-9.28E-06,0,-0.356746512,-0.001043936,0.356748039,0
2354,19.5122917,154.6085604,182.0000103,69.37563608,81.66667127,0,0.448717949,0.058405436,-1.60E-05,0,-0.019013939,-0.001070451,0.019044047,0
2355,19.5154128,154.6099496,182.0000255,69.37625941,81.66667809,0,0.448717949,0.059028766,-2.28E-05,0,2.077356908,-0.001021029,2.077357159,0
2356,19.5282738,154.594813,182.0000293,69.36946736,81.66667979,0,0.448717949,0.052236714,-2.45E-05,0,2.398806775,-0.000597363,2.398806849,0
2357,19.5312502,154.661204,182.0000302,69.39925821,81.66668022,0,0.448717949,0.08202756,-2.50E-05,0,1.227340116,-0.000495564,1.227340216,0
2358,19.5443402,154.6547991,182.0000304,69.39638423,81.66668032,0,0.448717949,0.079153581,-2.51E-05,0,1.018679204,-5.86E-05,1.018679205,0
2359,19.5473955,154.6321637,182.0000305,69.38622729,81.66668035,0,0.448717949,0.068996645,-2.51E-05,0,0.451776767,-3.22E-05,0.451776768,0
2360,19.5604739,154.6075763,182.0000305,69.37519449,81.66668036,0,0.448717949,0.05796384,-2.51E-05,0,-1.691706692,-3.59E-06,1.691706692,0
2361,19.5635314,154.5846638,182.0000305,69.36491327,81.66668036,0,0.448717949,0.047682616,-2.51E-05,0,-2.188437139,-1.97E-06,2.188437139,0
2362,19.5764167,154.5643216,182.0000305,69.35578535,81.66668036,0,0.448717949,0.038554699,-2.51E-05,0,-1.051740479,-2.25E-07,1.051740479,0
2363,19.579341,154.5467048,182.0000305,69.34788036,81.66668036,0,0.448717949,0.030649709,-2.51E-05,0,-0.951790591,-1.23E-07,0.951790591,0
2364,19.5924801,154.6157831,182.0000305,69.37887703,81.66668036,0,0.448717949,0.061646384,-2.51E-05,0,-0.404474719,-1.44E-08,0.404474719,0
2365,19.5953918,154.6135519,182.0000305,69.37787587,81.66668036,0,0.448717949,0.060645224,-2.51E-05,0,-0.375178423,-7.99E-09,0.375178423,0
2366,19.6083251,154.5955076,182.0000305,69.36977904,81.66668036,0,0.448717949,0.052548395,-2.51E-05,0,-0.348803861,-8.80E-10,0.348803861,0
2367,19.6242555,154.5755584,182.0000305,69.36082749,81.66668036,0,0.448717949,0.043596845,-2.51E-05,0,-0.934949989,-4.84E-10,0.934949989,0
2368,19.6274684,154.5571472,182.0000305,69.35256605,81.66668036,0,0.448717949,0.035335403,-2.51E-05,0,-1.251561567,-3.71E-11,1.251561567,0
2369,19.6400922,154.541066,182.0000305,69.34535012,81.66668036,0,0.448717949,0.028119468,-2.51E-05,0,-1.202278501,-1.18E-11,1.202278501,0
2370,19.643275,154.5273983,182.0000305,69.33921719,81.66668036,0,0.448717949,0.021986537,-2.51E-05,0,-1.301333329,-6.64E-12,1.301333329,0
2371,19.6567284,154.5160163,182.0000305,69.33410987,81.66668036,0,0.448717949,0.016879226,-2.51E-05,0,-0.845021917,-4.50E-13,0.845021917,0
2372,19.660666,154.5067392,182.0000305,69.32994708,81.66668036,0,0.448717949,0.012716433,-2.51E-05,0,-0.885532533,0.000310029,0.885532587,0
2373,19.6721078,154.4993502,182.0000305,69.3266315,81.66668036,0,0.448717949,0.009400855,-2.51E-05,0,-0.530175568,0.000410952,0.530175728,0
2374,19.6754205,154.4936349,182.0000191,69.32406692,81.66667523,0,0.448717949,0.006836273,-2.00E-05,0,-0.541750794,0.000847686,0.541751457,0
2375,19.6881411,154.4893793,182.0000048,69.32215739,81.66666881,0,0.448717949,0.00492674,-1.36E-05,0,-0.343894988,0.000953337,0.343896309,0
2376,19.6912276,154.4863699,181.9999897,69.32080703,81.66666207,0,0.448717949,0.003576379,-6.82E-06,0,-0.315752721,0.001057883,0.315754494,0
2377,19.7041383,154.484416,181.9999745,69.31993024,81.66665525,0,0.448717949,0.002699595,0,0,-0.163549678,0.000754537,0.163551419,0
2378,19.7074001,154.4833324,181.9999707,69.31944402,81.66665354,0,0.448717949,0.002213371,1.71E-06,0,-0.128316909,0.000660443,0.128318608,0
2379,19.7201571,154.4829585,181.9999698,69.31927625,81.66665311,0,0.448717949,0.002045598,2.13E-06,0,0.548225131,0.000224122,0.548225176,0
2380,19.723278,154.4831397,181.9999696,69.31935755,81.66665301,0,0.448717949,0.002126899,2.24E-06,0,0.859661687,0.000118865,0.859661695,0
2381,19.7361786,154.567814,181.9999695,69.35735245,81.66665298,0,0.448717949,0.040121802,2.26E-06,0,0.842381633,1.43E-05,0.842381633,0
2382,19.7395534,154.5790148,181.9999695,69.36237844,81.66665298,0,0.448717949,0.045147795,2.27E-06,0,0.536094675,7.69E-06,0.536094675,0
2383,19.752231,154.5723622,181.9999695,69.35939329,81.66665297,0,0.448717949,0.042162643,2.27E-06,0,0.456857955,8.63E-07,0.456857955,0
2384,19.7552708,154.5618985,181.9999695,69.35469806,81.66665297,0,0.448717949,0.03746741,2.27E-06,0,-0.415988685,4.52E-07,0.415988685,0
2385,19.7682093,154.551226,181.9999695,69.34990909,81.66665297,0,0.448717949,0.032678443,2.27E-06,0,-0.775381664,5.70E-08,0.775381664,0
2386,19.7713437,154.5413137,181.9999695,69.34546129,81.66665297,0,0.448717949,0.028230639,2.27E-06,0,-0.949502195,3.09E-08,0.949502195,0
2387,19.7843035,154.532427,181.9999695,69.34147364,81.66665297,0,0.448717949,0.024242993,2.27E-06,0,-0.688010428,3.48E-09,0.688010428,0
2388,19.7874751,154.5246091,181.9999695,69.33796563,81.66665297,0,0.448717949,0.020734983,2.27E-06,0,-0.783427929,1.88E-09,0.783427929,0
2389,19.8002473,154.5178596,181.9999695,69.33493699,81.66665297,0,0.448717949,0.017706345,2.27E-06,0,-0.532691698,2.17E-10,0.532691698,0
2390,19.8032806,154.5121324,181.9999695,69.33236712,81.66665297,0,0.448717949,0.015136471,2.27E-06,0,-0.584658544,1.16E-10,0.584658544,0
2391,19.8162658,154.5073475,181.9999695,69.33022005,81.66665297,0,0.448717949,0.012989397,2.27E-06,0,-0.385167565,1.32E-11,0.385167565,0
2392,19.8193651,154.5034276,181.9999695,69.32846111,81.66665297,0,0.448717949,0.011230459,2.27E-06,0,-0.409181729,7.00E-12,0.409181729,0
2393,19.8323494,154.5002847,181.9999695,69.32705083,81.66665297,0,0.448717949,0.009820177,2.27E-06,0,-0.252535792,4.38E-13,0.252535792,0
2394,19.835421,154.4978396,181.9999695,69.32595366,81.66665297,0,0.448717949,0.008723007,2.27E-06,0,-0.226296716,-5.99E-05,0.226296724,0
2395,19.848294,154.4960038,181.9999695,69.3251299,81.66665297,0,0.448717949,0.007899252,2.27E-06,0,-0.131029142,-0.000357767,0.131029631,0
2396,19.8654507,154.494698,181.9999809,69.32454396,81.66665811,0,0.448717949,0.00731331,-2.86E-06,0,-0.113594213,-0.00048825,0.113595262,0
2397,19.8697601,154.4938222,181.9999952,69.32415099,81.66666453,0,0.448717949,0.006920337,-9.28E-06,0,-0.048186149,-0.000938722,0.048195292,0
2398,19.8800908,154.4933286,182.0000103,69.3239295,81.66667127,0,0.448717949,0.006698849,-1.60E-05,0,-0.035185609,-0.000965025,0.035198841,0
2399,19.8831188,154.4931251,182.0000255,69.32383818,81.66667809,0,0.448717949,0.006607531,-2.28E-05,0,-0.022065113,-0.000933176,0.022084837,0
2400,19.8960833,154.4931543,182.0000293,69.3238513,81.66667979,0,0.448717949,0.006620648,-2.45E-05,0,-0.001323891,-0.000636912,0.00146913,0
2401,19.8991266,154.4933676,182.0000302,69.32394701,81.66668022,0,0.448717949,0.00671636,-2.50E-05,0,0.015916362,-0.000508156,0.015924472,0
2402,19.9121159,154.4937299,182.0000304,69.32410959,81.66668032,0,0.448717949,0.006878938,-2.51E-05,0,0.025458078,-5.78E-05,0.025458144,0
2403,19.9152016,154.4941753,182.0000305,69.32430942,81.66668035,0,0.448717949,0.007078772,-2.51E-05,0,0.041463403,-3.16E-05,0.041463415,0
2404,19.9282888,154.4946872,182.0000305,69.32453911,81.66668036,0,0.448717949,0.007308462,-2.51E-05,0,0.03898157,-3.59E-06,0.038981571,0
2405,19.9312786,154.4952271,182.0000305,69.3247814,81.66668036,0,0.448717949,0.00755075,-2.51E-05,0,0.052764158,-1.95E-06,0.052764158,0
2406,19.9441686,154.4957741,182.0000305,69.32502684,81.66668036,0,0.448717949,0.007796189,-2.51E-05,0,0.043341358,-2.27E-07,0.043341358,0
2407,19.9471924,154.4963228,182.0000305,69.32527306,81.66668036,0,0.448717949,0.008042414,-2.51E-05,0,0.054617624,-1.26E-07,0.054617624,0
2408,19.960574,154.4968491,182.0000305,69.32550922,81.66668036,0,0.448717949,0.008278566,-2.51E-05,0,0.041625318,-1.42E-08,0.041625318,0
2409,19.9635952,154.4973469,182.0000305,69.32573258,81.66668036,0,0.448717949,0.00850193,-2.51E-05,0,0.049942328,-7.75E-09,0.049942328,-9.357215509
2410,19.976651,154.4978147,182.0000305,69.32594247,81.66668036,0,0.448717949,0.008711826,-2.51E-05,-0.366497803,0.093222118,-0.215135576,0.234464665,
2411,19.9798035,154.4982406,182.0000305,69.3261336,81.66668036,0,0.448717949,0.008902949,-2.51E-05,-0.921843262,-1.127704285,-1.261401332,1.691995944,
2412,19.992292,154.5065296,182.0299683,69.32985303,81.68011396,-1.832489014,0.448717949,0.012622376,-0.013458717,-1.571545166,-1.205608505,-9.375683928,9.452880036,
2413,19.9962705,154.4525601,182.0763512,69.30563596,81.70092681,-2.776727295,0.448717949,-0.011594691,-0.034271559,-2.240118359,-1.373929106,-40.98002545,41.0030507,
2414,20.0081648,154.4441947,183.1517897,69.30188225,82.18349536,-3.248509521,0.448717949,-0.015348402,-0.516840116,-2.984085684,-2.234328079,-42.19945706,42.25856597,
2415,20.0115907,154.4378919,184.3582637,69.29905408,82.72486193,-3.342865967,0.448717949,-0.018176573,-1.058206684,-3.33859448,-6.157403862,-39.42496048,39.90289628,
2416,20.0241759,154.3189342,184.5292708,69.2456756,82.80159588,-3.719836621,0.448717949,-0.071555048,-1.134940638,-3.605272607,-5.842551252,-37.33564482,37.79002222,
2417,20.0274176,154.1793773,184.4368221,69.1830539,82.76011248,-3.605032998,0.448717949,-0.134176752,-1.093457235,-3.915134111,-8.415888608,-25.59768955,26.94566554,
2418,20.0401063,154.051768,184.289347,69.12579333,82.69393774,-4.110117928,0.448717949,-0.19143732,-1.027282499,-4.30892648,-8.92051936,6.957081899,11.3126767,
2419,20.0435685,153.9500567,184.14955,69.08015365,82.63120835,-4.797817043,0.448717949,-0.237076996,-0.964553101,-4.691127337,-10.43436959,11.55556791,15.56943218,
2420,20.0561844,153.8559071,184.0159413,69.03790704,82.5712557,-5.311827813,0.448717949,-0.279323607,-0.904600456,-5.109049442,-7.070992382,9.802189819,12.08643283,
2421,20.0594374,153.7702855,183.8934583,68.9994871,82.51629538,-5.630840904,0.448717949,-0.317743554,-0.849640136,-5.459795728,-6.522627493,9.325000048,11.37981965,
2422,20.0722153,153.6990754,183.7787006,68.96753385,82.46480154,-5.694643523,0.448717949,-0.349696798,-0.798146291,-5.679770425,-6.021396208,7.97029374,9.989133826,
2423,20.0884267,153.635096,183.6764829,68.93882513,82.41893461,-5.863849359,0.448717949,-0.378405517,-0.752279366,-5.867742415,-6.433224988,7.399544199,9.805082259,
2424,20.0916468,153.5584818,183.5950698,68.90444696,82.38240312,-5.897690526,0.448717949,-0.412783689,-0.715747873,-6.234068503,-7.76004832,2.508495,8.155421332,
2425,20.1040803,153.4086367,183.5424671,68.83720878,82.35879934,-6.251687763,0.448717949,-0.480021867,-0.692144093,-6.582664531,-8.078797676,1.152084122,8.160531216,
2426,20.1071688,153.2816826,183.594502,68.78024221,82.38214832,-7.462471342,0.448717949,-0.536988436,-0.715493072,-6.922542428,-10.94835188,-1.97719912,11.12545393,
2427,20.1201175,153.1635298,183.6739207,68.72722491,82.41778495,-7.437623663,0.448717949,-0.590005742,-0.751129705,-7.302064638,-9.527177047,-4.811167603,10.67307061,
2428,20.1230963,153.0565265,183.7590068,68.67921062,82.45596458,-7.563238844,0.448717949,-0.63802003,-0.789309329,-7.664355799,-11.37808525,-7.61000749,13.68842716,
2429,20.1365799,152.9492436,183.843896,68.63107086,82.49405589,-7.795301577,0.448717949,-0.686159789,-0.827400642,-7.893773259,-8.31822848,-6.763579393,10.72095757,
2430,20.1396215,152.8498559,183.9258864,68.58647381,82.53084647,-8.063143567,0.448717949,-0.730756838,-0.864191219,-8.18625099,-9.873450187,-8.636416423,13.11764869,
2431,20.1520652,152.7626272,184.0181728,68.54733274,82.57225703,-8.609558645,0.448717949,-0.769897909,-0.905601781,-8.543575882,-7.172681409,-6.643844398,9.776912958,
2432,20.1551464,152.6811163,184.1013717,68.51075729,82.60958985,-8.900012315,0.448717949,-0.806473355,-0.942934602,-9.007285733,-8.950164162,-8.617216637,12.42424489,
2433,20.1681622,152.605269,184.184164,68.47672327,82.64674027,-9.349863303,0.448717949,-0.840507383,-0.98008502,-9.49835534,-6.563694938,-6.770626323,9.429924286,
2434,20.1712694,152.5190045,184.2720504,68.43801483,82.68617645,-10.11385083,0.448717949,-0.879215821,-1.019521204,-9.938867845,-7.691342242,-8.215589627,11.25400633,
2435,20.1841213,152.440813,184.3540462,68.4029289,82.72296946,-10.5184916,0.448717949,-0.914301749,-1.056314213,-10.24012586,-5.643122533,-6.827376172,8.857646263,
2436,20.1871813,152.3809132,184.4260093,68.37605081,82.75526057,-10.81212117,0.448717949,-0.941179838,-1.088605322,-10.59599392,-6.744681458,-11.1951281,13.06987456,
2437,20.2001263,152.3339063,184.5753095,68.35495795,82.82225428,-10.40630241,0.448717949,-0.9622727,-1.155599033,-10.92057696,-4.635958872,-9.756192545,10.80163912,
2438,20.203188,152.2784839,184.7437953,68.33008893,82.89785688,-11.1292036,0.448717949,-0.987141721,-1.231201637,-11.22151041,-5.810527937,-12.77397921,14.03341654,
2439,20.2161134,152.2233495,184.902143,68.30534912,82.96891032,-11.73676601,0.448717949,-1.011881533,-1.302255069,-11.47517366,-4.517538827,-11.48283518,12.33951623,
2440,20.2193161,152.161947,185.0302728,68.27779672,83.02640448,-12.02315887,0.448717949,-1.039433925,-1.359749232,-11.83949396,-5.565456726,-13.5887776,14.68431767,
2441,20.2321662,152.0955443,185.1475981,68.24800063,83.07905044,-12.08043744,0.448717949,-1.069230014,-1.412395191,-12.15145226,-4.418415489,-9.427741344,10.41175789,
2442,20.2354605,152.0451149,185.2628975,68.22537205,83.13078732,-12.22790389,0.448717949,-1.091858597,-1.464132073,-12.39079826,-5.871816812,-10.78275623,12.2778689,
2443,20.2481309,151.9777017,185.3726778,68.19512258,83.18004773,-12.68899509,0.448717949,-1.122108069,-1.513392482,-12.58264574,-4.661045273,-7.694026185,8.995742436,
2444,20.2513429,151.9119822,185.4605248,68.16563304,83.21946625,-12.93349604,0.448717949,-1.151597611,-1.552811008,-12.85712363,-6.301363897,-8.813961028,10.83480946,
2445,20.2641086,151.8394648,185.5318792,68.13309319,83.25148428,-12.98239623,0.448717949,-1.184137461,-1.584829031,-13.12997575,-5.316431219,-6.161407601,8.138020922,
2446,20.2672219,151.7664725,185.5991563,68.10034022,83.28167271,-13.4528269,0.448717949,-1.216890426,-1.615017468,-13.47520291,-6.970758943,-7.217583178,10.03419091,
2447,20.2802095,151.7101957,185.6698429,68.07508781,83.31339107,-13.5921645,0.448717949,-1.242142835,-1.64673582,-13.85413604,-3.719149842,-12.11389797,12.67196116,
2448,20.2833561,151.6354499,185.7341378,68.04154804,83.34224133,-14.4151309,0.448717949,-1.275682605,-1.675586088,-14.23981036,-1.815106315,-18.09910343,18.18989158,
2449,20.2962112,151.8381952,186.7870806,68.13252349,83.81471565,-14.82816168,0.448717949,-1.184707155,-2.148060408,-14.69693912,7.041802708,-47.29612224,47.81746715,
2450,20.3124958,152.0911902,187.9641614,68.24604688,84.34289292,-14.91076783,0.448717949,-1.071183768,-2.676237669,-15.15930848,8.792583031,-53.66440955,54.37994454,
2451,20.3156361,152.327485,189.0536815,68.35207662,84.83178015,-15.73847071,0.448717949,-0.965154025,-3.165124906,-15.41520154,15.31408034,-74.37185889,75.93217007,
2452,20.3281596,152.5175364,190.0105212,68.43735607,85.26113131,-15.90401128,0.448717949,-0.879874575,-3.594476062,-15.62861648,14.81958568,-71.58103724,73.09900828,
2453,20.33133,152.6726122,190.806841,68.50694139,85.61845428,-15.6945962,0.448717949,-0.810289256,-3.951799032,-15.8335358,16.59580022,-80.18309308,81.88253172,
2454,20.344223,152.8049138,191.4619451,68.56630746,85.91241125,-15.89523638,0.448717949,-0.750923187,-4.245756005,-15.76407532,10.41166304,-51.77441502,52.81091532,
2455,20.3473306,152.9146989,191.9844362,68.61557002,86.14686238,-15.93536441,0.448717949,-0.701660629,-4.480207133,-15.68277722,10.94995062,-53.45536933,54.56535466,9.68877104
2456,20.3603211,152.9970196,192.3792687,68.6525088,86.32403082,-15.39116834,0.448717949,-0.664721852,-4.65737557,-15.71502224,6.921104049,-32.33102463,33.06352726,12.43425426
2457,20.363408,153.0623805,192.6729384,68.68183741,86.45580567,-15.49752078,0.448717949,-0.63539324,-4.789150426,-15.67296661,7.259316794,-32.24536094,33.05239753,3.923096508
2458,20.3768104,153.1162688,192.8845317,68.70601805,86.55075142,-15.85582129,0.448717949,-0.611212596,-4.884096175,-15.66455548,4.266944367,-17.61739861,18.12676331,-2.368097195
2459,20.379632,153.1558563,193.0252063,68.72378167,86.61387461,-15.6849582,0.448717949,-0.593448979,-4.947219361,-15.72481295,4.23170914,-15.74593371,16.30465549,-7.712451799
2460,20.39248,153.1813515,193.0911938,68.73522181,86.64348442,-15.89330878,0.448717949,-0.582008838,-4.976829169,-15.75576581,2.395255595,-7.140327549,7.531369521,-8.640068552
2461,20.3953523,153.1984255,193.118597,68.74288323,86.65578068,-15.6924557,0.448717949,-0.57434742,-4.989125438,-15.76195639,2.048899222,-4.249057068,4.717252801,-1.064102773
2462,20.4082253,153.2075692,193.1088538,68.74698617,86.65140876,-15.65228509,0.448717949,-0.570244483,-4.984753509,-15.74429313,0.679289899,0.742855589,1.006612732,5.086308867
2463,20.4114691,153.2080927,193.0555605,68.74722108,86.62749508,-15.88677416,0.448717949,-0.570009565,-4.960839834,-15.69225584,0.266908029,3.452053019,3.462356125,4.813685461
2464,20.4242829,153.1923163,192.9816521,68.74014193,86.59433107,-15.59664194,0.448717949,-0.577088721,-4.927675829,-15.73035302,-0.315981289,4.92341951,4.933548808,3.545545301
2465,20.4274155,153.1841379,192.9031736,68.73647213,86.55911638,-15.63312233,0.448717949,-0.580758523,-4.892461134,-15.73797246,-0.634632233,7.292128582,7.319692434,-1.841259108
2466,20.4402931,153.1770464,192.8149009,68.73329007,86.51950683,-15.88294161,0.448717949,-0.583940583,-4.852851579,-15.73949635,-0.719033299,6.49258017,6.532274194,-7.567753036
2467,20.443653,153.167503,192.7236761,68.72900777,86.47857261,-15.69038227,0.448717949,-0.588222878,-4.811917362,-15.80720713,-0.876945707,8.376487316,8.422266532,-8.398981911
2468,20.4562488,153.15769,192.6289552,68.72460447,86.43606965,-15.89439359,0.448717949,-0.592626177,-4.769414403,-15.86925393,-0.640858328,6.786452771,6.816644381,-9.540502916
2469,20.4597514,153.1472144,192.5352257,68.71990389,86.39401154,-15.93519586,0.448717949,-0.597326755,-4.727356291,-15.88166329,-0.837061451,8.364481241,8.406260661,-4.159718409
2470,20.4724654,153.147468,192.4419729,68.72001768,86.35216734,-15.94335631,0.448717949,-0.597212972,-4.685512095,-15.9326498,-0.666734794,6.492778648,6.526921929,-3.49425005
2471,20.4759462,153.1379412,192.3569074,68.71574285,86.31399692,-15.9449884,0.448717949,-0.601487798,-4.647341672,-15.9428471,-1.039705965,8.248553058,8.313820785,-1.06046122
2472,20.488309,153.1262898,192.2790843,68.71051466,86.27907631,-15.94531482,0.448717949,-0.606715992,-4.612421059,-15.89638192,-0.877304562,6.341738812,6.402133586,1.305799131
2473,20.4913179,153.1114408,192.1975901,68.70385163,86.2425084,-15.9453801,0.448717949,-0.613379022,-4.575853152,-15.88708888,-1.18187567,7.293324076,7.388464399,2.330320257
2474,20.5042269,153.0961929,192.1264277,68.69700962,86.21057654,-15.70286997,0.448717949,-0.62022103,-4.543921294,-15.88523028,-0.917429177,5.437224882,5.514081131,1.117946767
2475,20.5072902,153.0858578,192.0714781,68.69237207,86.18591968,-15.89689113,0.448717949,-0.624858579,-4.519264434,-15.88485856,-1.001478948,5.985353844,6.06856002,1.339493663
2476,20.5202337,153.0885726,192.0228592,68.69359027,86.16410347,-15.93569537,0.448717949,-0.623640383,-4.497448223,-15.83627957,-0.616809872,3.75454235,3.804870914,-2.889998192
2477,20.5233258,153.0827625,191.9845089,68.69098317,86.14689501,-15.94345621,0.448717949,-0.626247475,-4.480239768,-15.87506841,-0.547931319,3.392120044,3.436088928,-2.153842593
2478,20.5362552,153.0743749,191.9557181,68.68721949,86.13397609,-15.70248519,0.448717949,-0.63001116,-4.467320839,-15.84494532,-0.091671616,2.39987972,2.401629937,-2.533676591
2479,20.5530537,153.0674257,191.9309538,68.68410126,86.12286387,-15.89681418,0.448717949,-0.633129394,-4.456208622,-15.80103985,-0.143427711,2.164421176,2.169168167,7.729691924
2480,20.5561934,153.0727951,191.9093475,68.68651064,86.11316874,-15.74627568,0.448717949,-0.630720012,-4.446513495,-15.74375411,0.169402196,1.345049523,1.355675227,7.264930521
2481,20.5684401,153.068301,191.8954773,68.68449405,86.10694493,-15.71616798,0.448717949,-0.632736603,-4.440289688,-15.73229696,0.285225493,1.213631428,1.246697568,9.955748566
2482,20.5721994,153.0743415,191.8831749,68.68720451,86.10142463,-15.65702754,0.448717949,-0.630026134,-4.434769385,-15.69212468,0.195896289,1.172808516,1.18905642,3.060404259
2483,20.5844294,153.0821916,191.8738508,68.69072702,86.09724075,-15.64519945,0.448717949,-0.626503634,-4.430585507,-15.72197108,0.078635827,0.595222748,0.600394631,5.097898532
2484,20.5877716,153.0774823,191.8704441,68.68861384,86.09571208,-15.69595273,0.448717949,-0.628616812,-4.429056832,-15.69841521,-0.134558246,0.682288965,0.695430912,2.175227915
2485,20.600082,153.0824504,191.8649575,68.69084313,86.09325017,-15.89550769,0.448717949,-0.626387521,-4.426594919,-15.67480267,-0.405803969,0.377307117,0.554109666,-1.684082433
2486,20.6032052,153.0738848,191.8583903,68.68699961,86.09030332,-15.59838865,0.448717949,-0.630231038,-4.423648074,-15.7185848,-0.341869666,0.31515518,0.464970597,-3.495538671
2487,20.6160759,153.0556645,191.86001,68.67882382,86.09103013,-15.53896484,0.448717949,-0.63840683,-4.424374886,-15.69781608,-0.250343305,0.208171072,0.325587109,0.4585896
2488,20.6191262,153.0597955,191.859797,68.68067746,86.09093454,-15.86411011,0.448717949,-0.636553185,-4.42427929,-15.65578148,-0.696291154,-0.088981251,0.701953727,3.63430871
2489,20.6322628,153.0546828,191.8620669,68.67838329,86.09195308,-15.59210913,0.448717949,-0.638847359,-4.42529783,-15.71478056,-0.478607173,-0.316836794,0.573977682,-5.318533691
2490,20.6354003,153.0403583,191.8710572,68.67195565,86.0959872,-15.68533467,0.448717949,-0.645274996,-4.42933195,-15.79398639,-0.385656895,-0.444193019,0.588250524,-10.31832695
2491,20.6483966,153.0362393,191.8767265,68.67010739,86.09853114,-15.89338407,0.448717949,-0.647123258,-4.431875896,-15.80982755,-0.587280125,-0.505211207,0.774684652,-11.16993993
2492,20.6515288,153.0350494,191.8815657,68.66957343,86.10070254,-15.93499395,0.448717949,-0.647657216,-4.434047298,-15.83189715,-0.885907035,-0.765638265,1.170911281,-3.872194617
2493,20.6641479,153.0237884,191.8892643,68.66452045,86.10415704,-15.94331593,0.448717949,-0.652710198,-4.437501789,-15.87419193,-2.401830918,5.917998002,6.386821754,-0.318494384
2494,20.6672639,153.012207,191.898845,68.65932367,86.10845609,-15.70245713,0.448717949,-0.657906983,-4.44180084,-15.84477003,-3.29943934,9.159943828,9.736060337,10.06411843
2495,20.680182,152.7350197,190.9737881,68.53494473,85.69336645,-15.89680856,0.448717949,-0.78228592,-4.026711205,-15.53342056,-3.218148218,8.998856646,9.556981683,17.97409258
