frame,t_s,x_px_filt,y_px_filt,x_mm_abs,y_mm_abs,y_mm_abs_2,angle_deg_raw,angle_deg_raw2,angle_deg,mm_per_px,x_mm,y_mm,y_mm_origin,angle_deg_unwrapped,vx_mm_s,vy_mm_s,speed_mm_s,angular_vel_dps
447,3.7087208,119.4525943,265.233606,26.96281766,-59.86848084,59.86848084,0.183194291,-0.183194291,7.316805709,0.225719816,0.008840205,0.003823439,-0.003823439,7.312005492,0.269042723,-0.176876325,0.321977051,-3.936832711
448,3.7250129,119.4587659,265.238623,26.9642107,-59.86961329,59.86961329,0.154735401,-0.154735401,7.345264599,0.225719816,0.010233244,0.004955897,-0.004955897,7.320571341,0.247772777,-0.159292727,0.294559878,5.162248864
449,3.7280741,119.4637763,265.243013,26.96534166,-59.87060419,59.87060419,0.149043622,-0.149043622,7.350956378,0.225719816,0.0113642,0.005946797,-0.005946797,7.371307338,0.185189615,-0.093272794,0.207352376,5.969391518
450,3.7406245,119.4681074,265.2435841,26.96631927,-59.87073309,59.87073309,0.084681237,-0.084681237,7.415318763,0.225719816,0.012341809,0.006075696,-0.006075696,7.381454537,0.16643502,-0.082312064,0.185676848,10.30400022
451,3.7436395,119.4715705,265.2431317,26.96710097,-59.87063099,59.87063099,0.07180876,-0.07180876,7.42819124,0.225719816,0.013123508,0.005973597,-0.005973597,7.42224626,0.190293789,0.03933852,0.194317383,4.989539359
452,3.7565788,119.4738668,265.2455364,26.96761928,-59.87117376,59.87117376,0.132458294,-0.132458294,7.367541706,0.225719816,0.013641828,0.006516367,-0.006516367,7.430404605,0.120152752,0.09974745,0.156160935,3.455507942
453,3.7594819,119.4765008,265.2386073,26.96821383,-59.86960974,59.86960974,-0.049223215,0.049223215,7.549223215,0.225719816,0.014236376,0.004952341,-0.004952341,7.419391468,0.1102049,0.0579522,0.124513363,-1.436226014
454,3.7724422,119.4775771,265.2398505,26.96845676,-59.86989035,59.86989035,0.108251899,-0.108251899,7.391748101,0.225719816,0.014479298,0.005232956,-0.005232956,7.404544035,0.058176937,0.040943109,0.071139962,-6.043698772
455,3.7754249,119.4779491,265.2427477,26.96854073,-59.8705443,59.8705443,0.139746922,-0.139746922,7.360253078,0.225719816,0.014563278,0.005886903,-0.005886903,7.365196527,-0.232705831,0.066481867,0.242016203,-6.910005959
456,3.7884104,119.4778991,265.2456921,26.96852944,-59.87120892,59.87120892,0.146045927,-0.146045927,7.353954073,0.225719816,0.014551983,0.006551523,-0.006551523,7.28218672,-0.355784626,-0.033741764,0.357381039,-8.203021234
457,3.7917145,119.4571956,265.2444369,26.96385627,-59.87092561,59.87092561,0.329195834,-0.329195834,7.170804166,0.225719816,0.009878809,0.006268208,-0.006268208,7.265584759,-0.542575861,-0.034160151,0.543650146,-3.89173442
458,3.8045818,119.4337893,265.2422921,26.958573,-59.87044147,59.87044147,0.365825815,-0.365825815,7.134174185,0.225719816,0.004595544,0.005784074,-0.005784074,7.262264367,-0.538861945,0.001934806,0.538865419,2.539316111
459,3.807535,119.4218152,265.2426027,26.9558702,-59.87051159,59.87051159,0.191261705,-0.191261705,7.308738295,0.225719816,0.001892738,0.005854195,-0.005854195,7.300362572,-0.434629888,0.120453526,0.451012407,5.367995908
460,3.820246,119.4244464,265.2447861,26.95646412,-59.87100442,59.87100442,0.156348883,-0.156348883,7.343651117,0.225719816,0.002486659,0.006347026,-0.006347026,7.344360234,-0.129419063,0.10007526,0.16359814,11.80274564
461,3.8232819,119.4314442,265.2375042,26.95804367,-59.86936075,59.86936075,-0.044445098,0.044445098,7.544445098,0.225719816,0.004066209,0.004703353,-0.004703353,7.402182594,0.038037955,0.098888235,0.10595173,7.80025106
462,3.8362296,119.4378514,265.2384303,26.9594899,-59.86956979,59.86956979,0.109207523,-0.109207523,7.390792477,0.225719816,0.005512442,0.004912393,-0.004912393,7.413747066,0.202661022,0.100097994,0.226033401,6.884283437
463,3.8394713,119.4439794,265.2379752,26.9608731,-59.86946706,59.86946706,0.076714017,-0.076714017,7.423285983,0.225719816,0.006895639,0.004809664,-0.004809664,7.41605996,0.099553198,0.091681447,0.135337825,-0.100789028
464,3.8529101,119.4384961,265.2390287,26.95963542,-59.86970486,59.86970486,0.133439346,-0.133439346,7.366560654,0.225719816,0.005657963,0.005047463,-0.005047463,7.390405061,0.010459133,-0.014576715,0.01794085,-0.872207653
465,3.8565207,119.430997,265.2403221,26.95794272,-59.86999679,59.86999679,0.144784412,-0.144784412,7.355215588,0.225719816,0.003965262,0.005339398,-0.005339398,7.385274082,0.069728316,-0.043172878,0.082011801,-1.500336158
466,3.8681963,119.4348672,265.2397985,26.95881629,-59.86987862,59.86987862,0.083829395,-0.083829395,7.416170605,0.225719816,0.004838833,0.005221227,-0.005221227,7.37160308,0.004256666,-0.058759159,0.058913139,-1.14962192
467,3.8713872,119.4406355,265.242048,26.96011832,-59.87038638,59.87038638,0.134862421,-0.134862421,7.365137579,0.225719816,0.00614086,0.005728982,-0.005728982,7.36886888,0.096198315,-0.09074191,0.132242997,-0.690042971
468,3.8842993,119.4463176,265.2446932,26.96140088,-59.87098345,59.87098345,0.145069027,-0.145069027,7.354930973,0.225719816,0.007423427,0.006326055,-0.006326055,7.368322039,0.205491908,-0.082030174,0.221259743,-1.654378314
469,3.8874377,119.4514289,265.2471627,26.96255459,-59.87154086,59.87154086,0.147110348,-0.147110348,7.352889652,0.225719816,0.008577137,0.006883463,-0.006883463,7.355567866,0.244081986,-0.10954337,0.267536476,-2.376322973
470,3.9003165,119.4558595,265.2492907,26.96355468,-59.87202119,59.87202119,0.147518612,-0.147518612,7.352481388,0.225719816,0.009577225,0.007363791,-0.007363791,7.31663901,0.174710701,-0.078328551,0.1914659,-3.180434452
471,3.9034883,119.4596222,265.2510815,26.964404,-59.87242542,59.87242542,0.147600265,-0.147600265,7.352399735,0.225719816,0.01042654,0.007768021,-0.007768021,7.308853238,0.191813091,-0.083388568,0.209155242,-2.813685392
472,3.9162884,119.4630921,265.2512546,26.9651872,-59.87246448,59.87246448,0.329506702,-0.329506702,7.170493298,0.225719816,0.011209746,0.007807082,-0.007807082,7.270918063,0.126516711,-0.046978373,0.1349572,-2.604037293
473,3.9194579,119.4656876,265.2522591,26.96577306,-59.87269123,59.87269123,0.183997883,-0.183997883,7.316002117,0.225719816,0.011795605,0.008033833,-0.008033833,7.263331028,0.115350847,-0.041502044,0.122589712,-1.825247599
474,3.9322829,119.4680244,265.2520067,26.96630054,-59.87263426,59.87263426,0.336786225,-0.336786225,7.163213775,0.225719816,0.012323085,0.007976862,-0.007976862,7.261813621,0.077680892,-0.027486345,0.082400364,0.160138844
475,3.9485634,119.4695986,265.2527218,26.96665586,-59.87279567,59.87279567,0.185453787,-0.185453787,7.314546213,0.225719816,0.012678399,0.008138274,-0.008138274,7.310532966,0.069390474,-0.017933056,0.071670304,1.994090931
476,3.9516984,119.4707016,265.2535186,26.96690484,-59.87297551,59.87297551,0.1551873,-0.1551873,7.3448127,0.225719816,0.012927383,0.008318117,-0.008318117,7.320276836,0.038461188,-0.005530296,0.038856752,3.054548392
477,3.964211,119.4717957,265.2510399,26.96715178,-59.87241602,59.87241602,0.085909973,-0.085909973,7.414090027,0.225719816,0.013174325,0.007758619,-0.007758619,7.358603631,-0.048002156,0.001226507,0.048017822,2.737434916
478,3.9679664,119.4722981,265.2511984,26.96726518,-59.8724518,59.8724518,0.135278537,-0.135278537,7.364721463,0.225719816,0.013287723,0.007794399,-0.007794399,7.36626899,-0.236734782,0.017041846,0.237347386,1.743291723
479,3.9801663,119.4511548,265.2491323,26.96249273,-59.87198544,59.87198544,0.14515225,-0.14515225,7.35484775,0.225719816,0.008515273,0.007328043,-0.007328043,7.367802061,-0.287841112,0.03088816,0.289493669,-4.267506209
480,3.9834207,119.4378639,265.2481351,26.9594927,-59.87176036,59.87176036,0.147126992,-0.147126992,7.352873008,0.225719816,0.005515242,0.007102962,-0.007102962,7.319085849,-0.521537769,0.060745429,0.525063474,-5.197422833
481,3.9964361,119.427709,265.247451,26.95720055,-59.87160593,59.87160593,0.147521941,-0.147521941,7.352478059,0.225719816,0.003223088,0.006948531,-0.006948531,7.309342606,-0.595542153,0.070343776,0.599682168,-5.423433493
482,3.9999639,119.4097551,265.2444189,26.95314799,-59.87092153,59.87092153,0.329491037,-0.329491037,7.170508963,0.225719816,-0.000829464,0.006264134,-0.006264134,7.307393958,-0.66166117,0.07536328,0.665939282,-0.444153794
483,4.0123368,119.3911274,265.2423105,26.94894336,-59.87044562,59.87044562,0.18399475,-0.18399475,7.31600525,0.225719816,-0.005034095,0.005788222,-0.005788222,7.307004228,-0.486912901,0.061178596,0.49074127,-0.202023669
484,4.0158474,119.3799016,265.2413256,26.94640947,-59.87022331,59.87022331,0.154895492,-0.154895492,7.345104508,0.225719816,-0.007567985,0.005565918,-0.005565918,7.306926282,-0.608805605,0.073660903,0.613245622,0.956002722
485,4.028293,119.3772496,265.2414227,26.94581087,-59.87024523,59.87024523,0.149075641,-0.149075641,7.350924359,0.225719816,-0.008166585,0.005587836,-0.005587836,7.343288714,-0.417010689,0.038693438,0.418801978,1.759697135
486,4.0313492,119.3666131,265.240417,26.94341,-59.87001823,59.87001823,0.147911671,-0.147911671,7.352088329,0.225719816,-0.010567457,0.005360832,-0.005360832,7.3505612,-0.484408999,0.044608914,0.486458666,1.80457717
487,4.0442853,119.3557371,265.2393187,26.94095507,-59.86977032,59.86977032,0.147678876,-0.147678876,7.352321124,0.225719816,-0.013022383,0.005112927,-0.005112927,7.352015698,-0.366411395,0.034688571,0.368049735,0.861824776
488,4.0473981,119.3464035,265.2383804,26.93884828,-59.86955852,59.86955852,0.147632318,-0.147632318,7.352367682,0.225719816,-0.01512918,0.004901128,-0.004901128,7.352306597,-0.292451089,0.024845156,0.29350455,0.397007356
489,4.0602928,119.3388744,265.2375965,26.93714882,-59.86938158,59.86938158,0.147623006,-0.147623006,7.352376994,0.225719816,-0.016828633,0.004724186,-0.004724186,7.365009583,-0.074083094,0.012291952,0.075095918,0.609437062
490,4.0636815,119.3437041,265.2383618,26.93823898,-59.86955433,59.86955433,0.147621144,-0.147621144,7.352378856,0.225719816,-0.015738474,0.004896936,-0.004896936,7.36755018,0.221239533,-0.020563393,0.222193123,0.590602161
491,4.0774338,119.3623638,265.2376605,26.94245084,-59.86939603,59.86939603,0.084396742,-0.084396742,7.415603258,0.225719816,-0.011526618,0.004738637,-0.004738637,7.3680583,0.345327237,-0.034043249,0.347001216,0.271900143
492,4.0809349,119.3823237,265.2399113,26.94695619,-59.86990409,59.86990409,0.134975891,-0.134975891,7.365024109,0.225719816,-0.007021263,0.005246692,-0.005246692,7.368159923,0.573458697,-0.069251169,0.577624966,0.022586523
493,4.0923192,119.3794802,265.239879,26.94631436,-59.86989678,59.86989678,0.14509172,-0.14509172,7.35490828,0.225719816,-0.007663096,0.005239382,-0.005239382,7.368180248,0.565186777,-0.067833238,0.569242866,-1.359509484
494,4.0953953,119.393229,265.242091,26.94941772,-59.87039608,59.87039608,0.147114886,-0.147114886,7.352885114,0.225719816,-0.004559734,0.005738687,-0.005738687,7.355539507,0.715552486,-0.103033275,0.722932373,-1.434171187
495,4.1083629,119.4093348,265.2446124,26.95305312,-59.87096521,59.87096521,0.14751952,-0.14751952,7.35248048,0.225719816,-0.000924337,0.006307816,-0.006307816,7.353011359,0.503827365,-0.081109414,0.510314365,2.563796946
496,4.1115521,119.4242846,265.2469365,26.95642759,-59.8714898,59.8714898,0.147600446,-0.147600446,7.352399554,0.225719816,0.002450137,0.006832406,-0.006832406,7.391268013,0.530644064,0.055144457,0.533501672,3.189265772
497,4.1244171,119.4372918,265.2489595,26.95936357,-59.87194643,59.87194643,0.147616632,-0.147616632,7.352383368,0.225719816,0.005386113,0.007289031,-0.007289031,7.362541322,0.321345477,0.096342556,0.33547698,-1.256081629
498,4.1275302,119.4383635,265.2395546,26.95960547,-59.86982357,59.86982357,-0.046191548,0.046191548,7.546191548,0.225719816,0.005628016,0.005166173,-0.005166173,7.320417963,0.220347908,0.11552659,0.24879629,-5.47099328
499,4.1405103,119.4361995,265.2370432,26.95911703,-59.86925669,59.86925669,0.290748339,-0.290748339,7.209251661,0.225719816,0.005139571,0.004599294,-0.004599294,7.311993291,0.032703576,0.140044376,0.143812207,-8.925666687
500,4.1435319,119.4331923,265.2363467,26.95843825,-59.86909947,59.86909947,0.358136316,-0.358136316,7.141863684,0.225719816,0.004460789,0.004442075,-0.004442075,7.273930335,-0.040756904,0.142408795,0.148126264,-5.616303484
501,4.1564034,119.440028,265.238736,26.95998118,-59.86963879,59.86963879,0.189723806,-0.189723806,7.310276194,0.225719816,0.006003727,0.004981398,-0.004981398,7.227555461,-0.072276093,0.002365856,0.072314804,-1.093930248
502,4.1594803,119.438132,265.2390587,26.95955322,-59.86971163,59.86971163,0.33793141,-0.33793141,7.16206859,0.225719816,0.005575767,0.005054233,-0.005054233,7.267303084,-0.077094897,-0.000923565,0.077100428,4.25493479
503,4.1723302,119.4335839,265.2401007,26.95852663,-59.86994682,59.86994682,0.185682824,-0.185682824,7.314317176,0.225719816,0.004549172,0.005289427,-0.005289427,7.31163063,-0.099415493,-0.020583509,0.101523993,4.916631405
504,4.1893361,119.4289335,265.2380495,26.95747695,-59.86948382,59.86948382,0.092010222,-0.092010222,7.407989778,0.225719816,0.003499494,0.004826427,-0.004826427,7.284118118,-0.136695575,-0.012108956,0.137230853,3.950703162
505,4.1924174,119.4243434,265.2386811,26.95644088,-59.86962639,59.86962639,0.136498587,-0.136498587,7.363501413,0.225719816,0.002463419,0.004968993,-0.004968993,7.314993637,-0.163110769,-0.02325849,0.164760676,2.971679922
506,4.2044647,119.4207927,265.2386559,26.95563939,-59.8696207,59.8696207,0.327286366,-0.327286366,7.172713634,0.225719816,0.001661937,0.004963304,-0.004963304,7.321168741,-0.193535673,-0.019117871,0.194477633,2.259700148
507,4.2075042,119.4171412,265.2397253,26.95481519,-59.8698621,59.8698621,0.183553816,-0.183553816,7.316446184,0.225719816,0.000837733,0.005204699,-0.005204699,7.309759185,-0.36529855,-0.019290092,0.365807515,-1.136314945
508,4.2211068,119.4031592,265.2395807,26.95165917,-59.86982945,59.86982945,0.154807305,-0.154807305,7.345192695,0.225719816,-0.002318284,0.005172054,-0.005172054,7.307477273,-0.308912632,-0.013857078,0.309223273,1.981632423
509,4.2247476,119.3883112,265.2391554,26.94830768,-59.86973346,59.86973346,0.149058003,-0.149058003,7.350941997,0.225719816,-0.005669782,0.005076065,-0.005076065,7.343398912,-0.289719004,-0.029031949,0.291169977,3.441950978
510,4.2362023,119.3855547,265.2401249,26.94768549,-59.86995228,59.86995228,0.147908143,-0.147908143,7.352091857,0.225719816,-0.006291962,0.005294885,-0.005294885,7.35058324,-0.267637058,-0.012111056,0.267910942,3.633370429
511,4.239737,119.3860158,265.2413056,26.94778956,-59.87021881,59.87021881,0.147678171,-0.147678171,7.352321829,0.225719816,-0.0061879,0.005561409,-0.005561409,7.352020106,-0.216511677,-0.023070748,0.217737377,0.351903418
512,4.2527919,119.3767182,265.2410057,26.94569092,-59.87015111,59.87015111,0.147632177,-0.147632177,7.352367823,0.225719816,-0.008286532,0.005493716,-0.005493716,7.352307479,-0.022283766,-0.031880531,0.038896458,0.148600192
513,4.256117,119.3770661,265.2417776,26.94576943,-59.87032534,59.87032534,0.147622978,-0.147622978,7.352377022,0.225719816,-0.008208023,0.005667946,-0.005667946,7.352364953,0.02857856,-0.03902784,0.048372579,0.013415813
514,4.2682208,119.3797794,265.2427259,26.9463819,-59.87053939,59.87053939,0.147621138,-0.147621138,7.352378862,0.225719816,-0.007595561,0.005881992,-0.005881992,7.352376448,0.033943823,-0.026595887,0.043122202,0.006290327
515,4.2718344,119.3829812,265.2436038,26.9471046,-59.87073756,59.87073756,0.14762077,-0.14762077,7.35237923,0.225719816,-0.006872859,0.00608016,-0.00608016,7.352378747,0.104304811,-0.035604968,0.11021437,0.000540688
516,4.2845487,119.3861506,265.2443498,26.94781999,-59.87090592,59.87090592,0.147620696,-0.147620696,7.352379304,0.225719816,-0.006157469,0.006248528,-0.006248528,7.352379207,0.109557747,-0.026951087,0.112824026,0.000232834
517,4.2880673,119.3891287,265.2449711,26.94849222,-59.87104618,59.87104618,0.147620682,-0.147620682,7.352379318,0.225719816,-0.005485239,0.00638878,-0.00638878,7.352379299,0.282831059,-0.0482014,0.286909015,2.13E-05
518,4.3003968,119.3918531,265.2454698,26.94910716,-59.87115873,59.87115873,0.147620679,-0.147620679,7.352379321,0.225719816,-0.004870295,0.006501337,-0.006501337,7.352379317,0.254301714,-0.038774988,0.257240863,9.59E-06
519,4.3036252,119.4049682,265.2472424,26.9520675,-59.87155885,59.87155885,0.147620678,-0.147620678,7.352379322,0.225719816,-0.001909957,0.006901452,-0.006901452,7.352379321,0.252404304,-0.037110929,0.255117922,8.95E-07
520,4.3172735,119.4084358,265.2477084,26.95285021,-59.87166404,59.87166404,0.147620678,-0.147620678,7.352379322,0.225719816,-0.001127251,0.007006646,-0.007006646,7.352379322,0.214695278,-0.028949044,0.2166382,4.09E-07
521,4.3215669,119.4093256,265.247802,26.95305105,-59.87168518,59.87168518,0.147620678,-0.147620678,7.352379322,0.225719816,-0.000926408,0.007027779,-0.007027779,7.352379322,0.202260104,-0.025638231,0.203878563,3.03E-08
522,4.3323284,119.409445,265.2477568,26.95307801,-59.87167496,59.87167496,0.147620678,-0.147620678,7.352379322,0.225719816,-0.000899446,0.007017563,-0.007017563,7.352379322,0.017794177,-0.000359566,0.017797809,1.30E-08
523,4.3354556,119.4092746,265.2476539,26.95303955,-59.87165174,59.87165174,0.147620678,-0.147620678,7.352379322,0.225719816,-0.00093791,0.006994344,-0.006994344,7.352379322,0.152130432,-0.016175162,0.152987921,1.57E-09
524,4.3483287,119.4089688,265.2475138,26.95297052,-59.8716201,59.8716201,0.147620678,-0.147620678,7.352379322,0.225719816,-0.001006939,0.006962707,-0.006962707,7.352379322,0.145828421,-0.015139617,0.146612197,6.82E-10
525,4.3515117,119.4192493,265.2487376,26.95529102,-59.87189634,59.87189634,0.147620678,-0.147620678,7.352379322,0.225719816,0.001313562,0.007238946,-0.007238946,7.352379322,0.124686581,-0.011055928,0.125175784,5.62E-11
526,4.3642977,119.4201142,265.2487231,26.95548625,-59.87189307,59.87189307,0.147620678,-0.147620678,7.352379322,0.225719816,0.001508797,0.007235677,-0.007235677,7.352379322,0.120264068,-0.01122793,0.120787054,2.68E-11
527,4.3674791,119.4186596,265.2484219,26.95515792,-59.87182509,59.87182509,0.147620678,-0.147620678,7.352379322,0.225719816,0.001180464,0.007167697,-0.007167697,7.352379322,-0.133339414,0.022667251,0.13525237,2.23E-12
528,4.3802983,119.4167052,265.2480491,26.95471678,-59.87174094,59.87174094,0.147620678,-0.147620678,7.352379322,0.225719816,0.000739322,0.00708354,-0.00708354,7.352379322,-0.292265534,0.042105866,0.295282993,1.12E-12
529,4.3834856,119.3987243,265.2456213,26.95065814,-59.87119293,59.87119293,0.147620678,-0.147620678,7.352379322,0.225719816,-0.003319321,0.006535537,-0.006535537,7.352379322,-0.295971935,0.042430054,0.298997819,1.15E-13
530,4.3966492,119.3948986,265.2450143,26.94979459,-59.87105593,59.87105593,0.147620678,-0.147620678,7.352379322,0.225719816,-0.004182867,0.006398536,-0.006398536,7.352379322,-0.264833545,0.038295341,0.267588004,1.54E-13
531,4.4121474,119.3946746,265.2448855,26.94974403,-59.87102685,59.87102685,0.147620678,-0.147620678,7.352379322,0.225719816,-0.004233431,0.006369452,-0.006369452,7.352379322,-0.291089516,0.041512204,0.29403464,6.07E-14
532,4.4151793,119.3953796,265.2448762,26.94990316,-59.87102474,59.87102474,0.147620678,-0.147620678,7.352379322,0.225719816,-0.004074292,0.006367348,-0.006367348,7.352379322,-0.040987646,0.008576872,0.041875409,0.31802816
533,4.4284324,119.385651,265.2435463,26.94770723,-59.87072457,59.87072457,0.147620678,-0.147620678,7.352379322,0.225719816,-0.006270231,0.006067175,-0.006067175,7.365023899,-0.020192886,0.01701525,0.026405897,0.579674383
534,4.4316542,119.3853246,265.2434427,26.94763354,-59.87070119,59.87070119,0.147620678,-0.147620678,7.352379322,0.225719816,-0.006343915,0.006043795,-0.006043795,7.367552814,0.013051811,0.018353521,0.022521135,0.592864882
535,4.4444357,119.3874974,265.2404643,26.948124,-59.87002889,59.87002889,0.084397793,-0.084397793,7.415602207,0.225719816,-0.005853453,0.005371495,-0.005371495,7.368058598,-0.045760336,0.023502162,0.051442784,0.284943692
536,4.4477719,119.3899061,265.2403376,26.94866767,-59.87000031,59.87000031,0.134976101,-0.134976101,7.365023899,0.225719816,-0.005309783,0.005342911,-0.005342911,7.368159754,-0.078448,0.022000971,0.081474729,0.023825274
537,4.4605489,119.3762317,265.2388411,26.9455811,-59.86966252,59.86966252,0.145091763,-0.145091763,7.354908237,0.225719816,-0.008396356,0.00500512,-0.00500512,7.368179986,-0.063886214,0.017621258,0.066271842,-1.183129463
538,4.4640785,119.3710851,265.2386043,26.9444194,-59.86960907,59.86960907,0.147114895,-0.147114895,7.352885105,0.225719816,-0.009558056,0.004951671,-0.004951671,7.355539455,-0.014031476,-0.00590664,0.015224018,-1.260676335
539,4.4765741,119.3738496,265.2394149,26.94504341,-59.86979203,59.86979203,0.147519521,-0.147519521,7.352480479,0.225719816,-0.008934043,0.005134628,-0.005134628,7.353011349,-0.030412553,-0.011064881,0.032362865,2.399650397
540,4.4800575,119.3782887,265.2404186,26.9460454,-59.87001859,59.87001859,0.147600447,-0.147600447,7.352399553,0.225719816,-0.007932055,0.005361189,-0.005361189,7.391268011,0.081016256,0.096943533,0.126339552,3.796033456
541,4.4926449,119.3828088,265.2413791,26.94706568,-59.87023538,59.87023538,0.147616632,-0.147616632,7.352383368,0.225719816,-0.006911777,0.005577985,-0.005577985,7.398919343,0.1606801,0.095394268,0.186864017,4.007806804
542,4.496179,119.3877497,265.2325097,26.94818094,-59.86823339,59.86823339,-0.046191548,0.046191548,7.546191548,0.225719816,-0.005796516,0.00357599,-0.00357599,7.40044961,0.188967921,0.174463833,0.257189627,0.355122707
543,4.5086652,119.391577,265.2321005,26.94904484,-59.86814103,59.86814103,0.108858233,-0.108858233,7.391141767,0.225719816,-0.004932615,0.00348363,-0.00348363,7.400755663,0.143238191,0.184872795,0.233869899,0.156286665
544,4.514059,119.3961502,265.2230032,26.9500771,-59.86608757,59.86608757,0.139868189,-0.139868189,7.360131811,0.225719816,-0.003900362,0.001430178,-0.001430178,7.400816874,0.154832492,0.151216509,0.216424428,-1.163840362
545,4.5250445,119.3990215,265.2236356,26.95072522,-59.86623033,59.86623033,0.14607018,-0.14607018,7.35392982,0.225719816,-0.003252242,0.001572937,-0.001572937,7.362066832,0.097854208,0.026198578,0.101300599,-1.914626171
546,4.5285232,119.4011641,265.2264945,26.95120885,-59.86687565,59.86687565,0.147310578,-0.147310578,7.352689422,0.225719816,-0.002768609,0.002218252,-0.002218252,7.354316824,0.240023758,-0.032802213,0.242254803,-2.941229387
547,4.5408838,119.4028442,265.2297041,26.95158807,-59.86760011,59.86760011,0.147558658,-0.147558658,7.352441342,0.225719816,-0.002389384,0.002942709,-0.002942709,7.316388801,0.207402607,-0.14970011,0.255784996,-2.49456146
548,4.5443517,119.4148285,265.2341228,26.95429316,-59.8685975,59.8685975,0.147608274,-0.147608274,7.352391726,0.225719816,0.000315703,0.003940102,-0.003940102,7.308803197,0.333355499,-0.210770198,0.394398232,-1.789778022
549,4.5577189,119.4165028,265.2461909,26.95467108,-59.87132151,59.87132151,0.329508303,-0.329508303,7.170491697,0.225719816,0.00069362,0.006664115,-0.006664115,7.307286076,0.307019144,-0.178281269,0.35502812,-0.796803369
550,4.5611077,119.4268434,265.2509703,26.95700515,-59.87240032,59.87240032,0.183998203,-0.183998203,7.316001797,0.225719816,0.003027698,0.007742925,-0.007742925,7.306982652,0.274433041,-0.168951931,0.32227046,-0.06937476
551,4.5730274,119.4272312,265.2521881,26.95709271,-59.87267519,59.87267519,0.154896183,-0.154896183,7.345103817,0.225719816,0.003115251,0.008017794,-0.008017794,7.306921967,0.108697877,-0.110768465,0.155193045,3.350040405
552,4.5766121,119.4251309,265.2523781,26.95661863,-59.87271808,59.87271808,0.149075779,-0.149075779,7.350924221,0.225719816,0.002641173,0.008060679,-0.008060679,7.343287851,0.069943763,-0.065514103,0.095834376,3.575909143
553,4.58898,119.4224658,265.2521967,26.95601706,-59.87267713,59.87267713,0.147911698,-0.147911698,7.352088302,0.225719816,0.002039602,0.008019738,-0.008019738,7.350561028,-0.076505617,-0.000290958,0.07650617,3.709675279
554,4.5926514,119.4197739,265.2518309,26.95540945,-59.87259457,59.87259457,0.147678882,-0.147678882,7.352321118,0.225719816,0.001431991,0.007937174,-0.007937174,7.352015663,-0.109267309,0.011276253,0.109847615,0.335386246
555,4.6059463,119.4172127,265.2513733,26.95483132,-59.87249127,59.87249127,0.147632319,-0.147632319,7.352367681,0.225719816,0.000853867,0.007833872,-0.007833872,7.35230659,-0.091048332,0.015751503,0.092400804,3.92667426
556,4.609363,119.4148443,265.2508469,26.95429674,-59.87237245,59.87237245,0.147623006,-0.147623006,7.352376994,0.225719816,0.000319279,0.007715053,-0.007715053,7.391126906,-0.114458824,0.065177675,0.131715419,4.014236101
557,4.6211465,119.4126958,265.2503033,26.95381178,-59.87224975,59.87224975,0.147621144,-0.147621144,7.352378856,0.225719816,-0.000165678,0.007592354,-0.007592354,7.39889097,-0.116154712,0.092500835,0.148486773,4.040178115
558,4.63672,119.4012639,265.2330241,26.95123137,-59.86834951,59.86834951,-0.046189883,0.046189883,7.546189883,0.225719816,-0.002746083,0.003692108,-0.003692108,7.400443782,-0.109497599,0.087287364,0.140031454,0.280898028
559,4.6404131,119.3984174,265.2304209,26.95058886,-59.86776192,59.86776192,0.108858566,-0.108858566,7.391141434,0.225719816,-0.003388602,0.003104521,-0.003104521,7.400754345,-0.138858435,0.067034723,0.154192474,0.062912439
560,4.6529966,119.3978488,265.231441,26.95046052,-59.86799216,59.86799216,0.139868256,-0.139868256,7.360131744,0.225719816,-0.003516942,0.003334765,-0.003334765,7.400816457,-0.131832126,0.057985489,0.144020924,-3.285494819
561,4.6568928,119.3926141,265.2325886,26.94927892,-59.86825121,59.86825121,0.146070193,-0.146070193,7.353929807,0.225719816,-0.004698532,0.003593812,-0.003593812,7.362066749,-0.089749921,-0.010453347,0.090356631,-3.529800324
562,4.6688374,119.3922953,265.234432,26.94920697,-59.86866728,59.86866728,0.147310581,-0.147310581,7.352689419,0.225719816,-0.004770487,0.004009884,-0.004009884,7.354316807,-0.050113444,-0.049295309,0.070294984,-3.641820111
563,4.6735184,119.3932227,265.2363347,26.9494163,-59.86909678,59.86909678,0.147558659,-0.147558659,7.352441341,0.225719816,-0.004561157,0.004439379,-0.004439379,7.352766819,-0.036666891,-0.059932692,0.070259437,-0.335676112
564,4.6849654,119.3944502,265.2381151,26.94969337,-59.86949863,59.86949863,0.147608274,-0.147608274,7.352391726,0.225719816,-0.00428409,0.004841233,-0.004841233,7.352456821,0.029071545,-0.052578914,0.060080754,-0.123519142
565,4.6899844,119.3957183,265.2397045,26.94997962,-59.86985741,59.86985741,0.147618197,-0.147618197,7.352381803,0.225719816,-0.003997838,0.005200013,-0.005200013,7.352394822,0.04213462,-0.058363336,0.071983368,-0.01352596
566,4.7008255,119.3969395,265.2411319,26.95025525,-59.87017959,59.87017959,0.147620182,-0.147620182,7.352379818,0.225719816,-0.003722206,0.005522192,-0.005522192,7.352382422,0.037276646,-0.044070669,0.057721505,-0.004689278
567,4.7051681,119.3980802,265.2423585,26.95051273,-59.87045645,59.87045645,0.147620579,-0.147620579,7.352379421,0.225719816,-0.003464727,0.005799057,-0.005799057,7.352379942,0.041822678,-0.045791774,0.062016312,-0.000585926
568,4.7167276,119.3991264,265.2433975,26.95074888,-59.87069099,59.87069099,0.147620658,-0.147620658,7.352379342,0.225719816,-0.003228577,0.006033595,-0.006033595,7.352379446,0.033347385,-0.033948526,0.047587294,-0.000211959
569,4.7212602,119.4000688,265.2442753,26.95096162,-59.87088912,59.87088912,0.147620674,-0.147620674,7.352379326,0.225719816,-0.003015842,0.00623172,-0.00623172,7.352379347,0.035620551,-0.033692438,0.049030644,-2.21E-05
570,4.7341412,119.4009053,265.2449754,26.95115041,-59.87104714,59.87104714,0.147620677,-0.147620677,7.352379323,0.225719816,-0.002827042,0.006389744,-0.006389744,7.352379327,0.0027065,-0.019832329,0.020016154,-8.10E-06
571,4.7386188,119.4016351,265.2455395,26.95131515,-59.87117447,59.87117447,0.147620678,-0.147620678,7.352379322,0.225719816,-0.002662309,0.006517077,-0.006517077,7.352379323,-0.142661377,-0.001177159,0.142666234,-8.35E-07
572,4.7487169,119.3969252,265.2452914,26.95025203,-59.87111848,59.87111848,0.147620678,-0.147620678,7.352379322,0.225719816,-0.003725425,0.006461083,-0.006461083,7.352379322,-0.153401326,0.007083547,0.153564786,-3.37E-07
573,4.7521648,119.3861347,265.2441766,26.9478164,-59.87086683,59.87086683,0.147620678,-0.147620678,7.352379322,0.225719816,-0.006161058,0.006209434,-0.006209434,7.352379322,-0.127941166,0.004100598,0.128006862,-0.970523167
574,4.7646591,119.3857602,265.2443098,26.94773187,-59.87089691,59.87089691,0.147620678,-0.147620678,7.352379322,0.225719816,-0.006245584,0.006239516,-0.006239516,7.316001301,-0.124902918,0.012447989,0.125521677,-1.701533938
575,4.7679767,119.3878467,265.2447094,26.94820283,-59.87098709,59.87098709,0.147620678,-0.147620678,7.352379322,0.225719816,-0.005774625,0.006329697,-0.006329697,7.308725697,-0.071353617,0.008972025,0.071915478,-1.736571072
576,4.7818203,119.3910348,265.2438937,26.94892245,-59.87080299,59.87080299,0.329510784,-0.329510784,7.170489216,0.225719816,-0.005055009,0.00614559,-0.00614559,7.307270576,0.078546776,-0.007070899,0.078864401,-0.793513421
577,4.7853523,119.393577,265.2440789,26.94949628,-59.87084479,59.87084479,0.183998699,-0.183998699,7.316001301,0.225719816,-0.004481173,0.00618739,-0.00618739,7.306979552,0.10573126,-0.011889615,0.106397661,-0.064196822
578,4.7968041,119.3957633,265.2444456,26.94998976,-59.87092757,59.87092757,0.154896282,-0.154896282,7.345103718,0.225719816,-0.003987696,0.006270169,-0.006270169,7.306921347,0.083069701,-0.007671579,0.083423188,3.627369876
579,4.8001193,119.3976602,265.2448349,26.95041794,-59.87101542,59.87101542,0.149075799,-0.149075799,7.350924201,0.225719816,-0.003559514,0.006358026,-0.006358026,7.343287727,0.086871317,-0.013084045,0.087851112,3.84229865
580,4.8130521,119.3993018,265.2451839,26.95078847,-59.87109422,59.87109422,0.147911702,-0.147911702,7.352088298,0.225719816,-0.003188987,0.006436819,-0.006436819,7.350561003,0.058935099,-0.011517406,0.06004995,3.953344043
581,4.8174863,119.4006963,265.2454543,26.95110325,-59.87115525,59.87115525,0.147678883,-0.147678883,7.352321117,0.225719816,-0.002874203,0.006497848,-0.006497848,7.352015658,-0.063024195,0.004032054,0.063153042,0.305204162
582,4.8290454,119.4018632,265.2456592,26.95136665,-59.8712015,59.8712015,0.147632319,-0.147632319,7.352367681,0.225719816,-0.002610811,0.006544103,-0.006544103,7.352306589,-0.090821968,0.009517536,0.091319294,1.213165506
583,4.8329108,119.3921585,265.2444516,26.9491761,-59.87092892,59.87092892,0.147623006,-0.147623006,7.352376994,0.225719816,-0.004801352,0.00627152,-0.00627152,7.365009353,-0.074110985,0.046990965,0.087752999,1.173126621
584,4.8451287,119.3916264,265.2444015,26.94905598,-59.8709176,59.8709176,0.147621144,-0.147621144,7.352378856,0.225719816,-0.004921475,0.006260203,-0.006260203,7.367549905,-0.080796663,0.050212553,0.095128341,1.210610623
585,4.8488208,119.3934617,265.2414364,26.94947025,-59.87024832,59.87024832,0.084397886,-0.084397886,7.415602114,0.225719816,-0.004507202,0.005590919,-0.005590919,7.368058016,-0.080192408,0.049488194,0.094233241,0.118039853
586,4.8606903,119.3954369,265.2413131,26.94991609,-59.87022049,59.87022049,0.13497612,-0.13497612,7.36502388,0.225719816,-0.004061366,0.005563089,-0.005563089,7.368159638,0.054257229,0.027058504,0.060630104,0.049150186
587,4.8767199,119.3972696,265.2418545,26.95032978,-59.87034269,59.87034269,0.145091766,-0.145091766,7.354908234,0.225719816,-0.003647677,0.005685289,-0.005685289,7.368179962,0.061287931,0.024640488,0.066055765,-1.2130579
588,4.880184,119.3988894,265.2424933,26.95069539,-59.8704869,59.8704869,0.147114896,-0.147114896,7.352885104,0.225719816,-0.003282064,0.005829498,-0.005829498,7.35553945,0.053400938,-0.018286104,0.056445033,-1.283409914
589,4.8926688,119.40029,265.2431108,26.95101153,-59.87062627,59.87062627,0.147519521,-0.147519521,7.352480479,0.225719816,-0.002965926,0.005968877,-0.005968877,7.353011348,0.049468669,-0.020583522,0.053580133,-1.329663896
590,4.8963462,119.4014755,265.2436543,26.95127914,-59.87074895,59.87074895,0.147600447,-0.147600447,7.352399553,0.225719816,-0.002698321,0.006091549,-0.006091549,7.352505727,-0.069218479,-0.008123836,0.069693576,-0.116048747
591,4.9087422,119.4024586,265.2441564,26.95150103,-59.87086228,59.87086228,0.147616632,-0.147616632,7.352383368,0.225719816,-0.00247643,0.006204878,-0.006204878,7.352404603,-0.132531432,0.004580474,0.132610563,-0.050269131
592,4.9126651,119.3925935,265.2432061,26.94927428,-59.87064779,59.87064779,0.147619869,-0.147619869,7.352380131,0.225719816,-0.004703178,0.005990393,-0.005990393,7.352384378,-0.274099404,0.021361121,0.274930502,-0.004548995
593,4.9247901,119.381258,265.2420302,26.94671564,-59.87038235,59.87038235,0.147620516,-0.147620516,7.352379484,0.225719816,-0.007261813,0.005724953,-0.005724953,7.352380333,-0.319661477,0.031394477,0.321199429,-0.001907459
594,4.9282593,119.3707681,265.2409122,26.94434785,-59.87013,59.87013,0.147620646,-0.147620646,7.352379354,0.225719816,-0.009629604,0.005472606,-0.005472606,7.352379524,-0.524513173,0.057489726,0.527654373,-0.913185937
595,4.9415409,119.3616453,265.2399232,26.94228867,-59.86990676,59.86990676,0.147620671,-0.147620671,7.352379329,0.225719816,-0.011688786,0.005249363,-0.005249363,7.316001341,-0.478387091,0.059519127,0.482075446,-9.815529534
596,4.9456627,119.3432685,265.2377075,26.93814066,-59.86940665,59.86940665,0.147620677,-0.147620677,7.352379323,0.225719816,-0.015836794,0.004749249,-0.004749249,7.205918927,-0.508101166,-0.248645604,0.565677851,-16.23838454
597,4.9570758,119.3262289,265.2344299,26.93429448,-59.86866683,59.86866683,0.329510784,-0.329510784,7.170489216,0.225719816,-0.01968298,0.004009429,-0.004009429,6.986002206,-0.355473643,-0.432525634,0.559857067,
598,4.9608417,119.3202295,265.2597717,26.93294029,-59.87438697,59.87438697,0.698032589,-0.698032589,6.801967411,0.225719816,-0.021037167,0.009729574,-0.009729574,6.839212084,-0.44735866,-0.737914418,0.862929579,
599,4.9728553,119.3245203,265.304834,26.93390882,-59.88455841,59.88455841,1.24720425,-1.24720425,6.25279575,0.225719816,-0.020068636,0.019901018,-0.019901018,6.647904062,-0.249592073,-0.859878131,0.895369535,
600,4.9762805,119.3151961,265.3277496,26.93180416,-59.88973093,59.88973093,0.881571282,-0.881571282,6.618428718,0.225719816,-0.022173302,0.025073534,-0.025073534,6.484070482,-0.056490945,-1.176229607,1.177585375,
601,4.9887636,119.3142269,265.3547646,26.93158538,-59.89582873,59.89582873,1.104160784,-1.104160784,6.395839216,0.225719816,-0.022392073,0.031171337,-0.031171337,6.392160547,0.02768949,-0.950929751,0.951332801,
602,4.9925749,119.3248393,265.3803782,26.93398082,-59.90161023,59.90161023,1.148678684,-1.148678684,6.351321316,0.225719816,-0.01999664,0.036952833,-0.036952833,6.409728801,0.033897364,-1.023937048,1.024497979,-2.457517831
603,5.0046177,119.3281104,265.4013155,26.93471917,-59.90633622,59.90633622,1.157582264,-1.157582264,6.342417736,0.225719816,-0.019258291,0.041678818,-0.041678818,6.354099233,0.161076792,-0.769694318,0.786368283,-1.182372742
604,5.007763,119.3296663,265.4182,26.93507037,-59.91014737,59.91014737,1.15936298,-1.15936298,6.34063702,0.225719816,-0.01890709,0.04548997,-0.04548997,6.34297332,0.180201441,-0.812042095,0.831796203,-1.21239305
605,5.020357,119.3308621,265.4315306,26.93534028,-59.91315635,59.91315635,1.159719123,-1.159719123,6.340280877,0.225719816,-0.018637177,0.048498951,-0.048498951,6.399891356,0.020765936,-0.51073614,0.511158125,1.478950097
606,5.0236521,119.3320022,265.4417526,26.93559762,-59.91546366,59.91546366,1.159790352,-1.159790352,6.340209648,0.225719816,-0.018379837,0.050806258,-0.050806258,6.411274963,0.005915116,-0.487040633,0.487076552,2.717643249
607,5.0363879,119.3224853,265.4423397,26.93344948,-59.91559618,59.91559618,0.864088502,-0.864088502,6.635911498,0.225719816,-0.020527977,0.050938782,-0.050938782,6.413551685,-0.00899149,-0.258911563,0.259067644,6.772800429
608,5.0399599,119.3222805,265.446675,26.93340325,-59.91657475,59.91657475,1.100664228,-1.100664228,6.399335772,0.225719816,-0.020574212,0.051917348,-0.051917348,6.473150248,-0.110480745,-0.093716805,0.144875238,7.53357621
609,5.0523466,119.3243178,265.4505741,26.93386311,-59.91745484,59.91745484,1.147979373,-1.147979373,6.352020627,0.225719816,-0.020114344,0.052797447,-0.052797447,6.544213179,-0.160186524,0.071547239,0.175438678,3.223781247
610,5.0558704,119.3167305,265.4414094,26.9321505,-59.91538619,59.91538619,0.861726307,-0.861726307,6.638273693,0.225719816,-0.021826962,0.050728793,-0.050728793,6.499282547,0.030712005,0.05106469,0.05958884,-2.577483836
611,5.0683708,119.307292,265.4344261,26.93002004,-59.91380993,59.91380993,0.804475693,-0.804475693,6.695524307,0.225719816,-0.023957417,0.049152535,-0.049152535,6.49029642,0.052989781,0.099167456,0.112437099,-4.677456109
612,5.0715637,119.3184078,265.436022,26.93252909,-59.91417015,59.91417015,1.088741666,-1.088741666,6.411258334,0.225719816,-0.021448362,0.049512753,-0.049512753,6.488499195,0.056357289,0.109511098,0.123161782,1.302114298
613,5.0842985,119.3239619,265.4379087,26.93378277,-59.91459601,59.91459601,1.14559486,-1.14559486,6.35440514,0.225719816,-0.020194683,0.049938618,-0.049938618,6.554568507,0.044751983,0.318920944,0.322045507,0.596425594
614,5.100494,119.3278338,265.4392959,26.93465674,-59.91490913,59.91490913,1.156965499,-1.156965499,6.343034501,0.225719816,-0.019320718,0.050251737,-0.050251737,6.50863915,0.08370968,0.303367772,0.314705125,-0.174996568
615,5.1036867,119.3201386,265.4161823,26.93291978,-59.90969194,59.90969194,0.531379748,-0.531379748,6.968620252,0.225719816,-0.021057677,0.045034542,-0.045034542,6.499453279,-0.033609591,0.301328947,0.303197524,-1.953132929
616,5.1162428,119.3214935,265.4134938,26.93322561,-59.90908509,59.90908509,1.034122477,-1.034122477,6.465877523,0.225719816,-0.020751842,0.044427696,-0.044427696,6.497616104,-0.040683546,0.297668925,0.30043625,4.255288435
617,5.1199653,119.3247791,265.4155225,26.93396724,-59.90954301,59.90954301,1.134671022,-1.134671022,6.365328978,0.225719816,-0.02001022,0.04488561,-0.04488561,6.556391888,-0.020264736,0.344681328,0.345276523,2.129194001
618,5.1322626,119.3282155,265.4183414,26.93474289,-59.91017928,59.91017928,1.154780732,-1.154780732,6.345219268,0.225719816,-0.019234563,0.045521886,-0.045521886,6.44257507,0.097695603,0.012300865,0.09846696,5.895507321
619,5.1355246,119.3304708,265.4152238,26.93525195,-59.90947558,59.90947558,0.863086578,-0.863086578,6.636913422,0.225719816,-0.018725503,0.044818181,-0.044818181,6.478954925,0.014372319,0.160701209,0.161342624,0.818981402
620,5.148523,119.333106,265.4168247,26.93584677,-59.90983695,59.90983695,1.100463843,-1.100463843,6.399536157,0.225719816,-0.018130687,0.045179551,-0.045179551,6.48623082,-0.195528839,0.203525861,0.282230939,4.023318792
621,5.1525923,119.3260343,265.4025765,26.93425055,-59.90662085,59.90662085,0.852223201,-0.852223201,6.647776799,0.225719816,-0.019726906,0.041963451,-0.041963451,6.487685922,-0.93640242,0.246398053,0.96827759,-2.327601259
622,5.1645924,119.2808303,265.3977328,26.92404712,-59.90552751,59.90552751,1.098291549,-1.098291549,6.401708451,0.225719816,-0.029930338,0.040870112,-0.040870112,6.392883483,-1.216970758,0.185003752,1.230952564,-10.38560631
623,5.1676393,119.231678,265.3955376,26.91295246,-59.90503202,59.90503202,1.147505218,-1.147505218,6.352494782,0.225719816,-0.041024992,0.040374626,-0.040374626,6.320933188,-2.31051144,0.049865211,2.31104947,-13.70125596
624,5.1808334,119.1587992,265.4008711,26.89650227,-59.90623589,59.90623589,1.337098776,-1.337098776,6.162901224,0.225719816,-0.057475187,0.041578498,-0.041578498,6.194410102,-2.490923532,-0.145932712,2.495194661,
625,5.1841253,119.0797255,265.4111309,26.87865378,-59.90855173,59.90855173,1.460215318,-1.460215318,6.039784682,0.225719816,-0.07532368,0.043894329,-0.043894329,6.068369783,-3.333415041,-0.479259387,3.367691405,
626,5.1965597,119.0084243,265.4215236,26.86255969,-59.91089756,59.91089756,1.484838626,-1.484838626,6.015161374,0.225719816,-0.091417766,0.046240167,-0.046240167,5.913137534,-2.891693207,-0.58197139,2.94967461,
627,5.1996372,118.9393982,265.4430045,26.84697912,-59.91574624,59.91574624,1.728493146,-1.728493146,5.771506854,0.225719816,-0.106998337,0.051088838,-0.051088838,5.734719258,-3.601977199,-1.046604592,3.750949335,
628,5.2122185,118.8595425,265.4625654,26.8289541,-59.92016152,59.92016152,1.923666464,-1.923666464,5.576333536,0.225719816,-0.125023356,0.055504122,-0.055504122,5.499777409,-2.689850021,-1.08386664,2.90001035,
629,5.2152691,118.7946948,265.4951961,26.8143167,-59.92752692,59.92752692,2.229190156,-2.229190156,5.270809844,0.225719816,-0.139660757,0.062869519,-0.062869519,5.253530845,-3.095183465,-1.766990981,3.564045147,
630,5.2283411,118.7448144,265.5467269,26.8030577,-59.93915843,59.93915843,2.634924564,-2.634924564,4.865075436,0.225719816,-0.150919759,0.074501038,-0.074501038,5.05276931,-2.212861608,-1.603704428,2.732878407,
631,5.2314327,118.6993281,265.5960933,26.79279054,-59.95030142,59.95030142,2.716071445,-2.716071445,4.783928555,0.225719816,-0.161186922,0.085644026,-0.085644026,4.890393263,-2.351378098,-2.076385551,3.136934159,
632,5.2442157,118.6624533,265.6390822,26.78446718,-59.96000487,59.96000487,2.732300822,-2.732300822,4.767699178,0.225719816,-0.169510281,0.095347471,-0.095347471,4.78899212,-1.437484544,-1.695353712,2.222742905,
633,5.2472088,118.6342718,265.6750751,26.77810604,-59.96812918,59.96812918,2.735546697,-2.735546697,4.764453303,0.225719816,-0.175871414,0.10347178,-0.10347178,4.768711891,-1.452302852,-1.857252106,2.357661756,-5.004597384
634,5.2604798,118.6208234,265.705016,26.77507048,-59.97488743,59.97488743,2.736195872,-2.736195872,4.763804128,0.225719816,-0.178906974,0.110230037,-0.110230037,4.764655846,-0.792620771,-1.1771495,1.419129533,-2.447368762
635,5.2635901,118.6079341,265.7284314,26.77216111,-59.98017275,59.98017275,2.736325707,-2.736325707,4.763674293,0.225719816,-0.181816343,0.115515357,-0.115515357,4.763844637,-0.61253519,-1.223894775,1.368618932,-0.193032788
636,5.2764132,118.6066516,265.7400073,26.77187162,-59.98278566,59.98278566,2.736351674,-2.736351674,4.763648326,0.225719816,-0.18210584,0.118128266,-0.118128266,4.763682395,-0.164157915,-0.693586708,0.712748443,-0.094792751
637,5.2793868,118.6099358,265.7530866,26.77261294,-59.9857379,59.9857379,2.736356867,-2.736356867,4.763643133,0.225719816,-0.18136452,0.121080505,-0.121080505,4.763649946,-0.101751663,-0.681592997,0.689146149,-0.008021408
638,5.2923722,118.6166449,265.7566997,26.7741273,-59.98655346,59.98655346,2.736357906,-2.736357906,4.763642094,0.225719816,-0.179850155,0.121896059,-0.121896059,4.763643457,0.090018306,-0.358016733,0.369160232,-0.003946238
639,5.2954133,118.6177671,265.7627528,26.77438061,-59.98791977,59.98791977,2.736358114,-2.736358114,4.763641886,0.225719816,-0.179596846,0.123262369,-0.123262369,4.763642159,0.101839009,-0.324706195,0.340301773,1.782224463
640,5.3083024,118.6191062,265.7674018,26.77468288,-59.98896913,59.98896913,2.736358155,-2.736358155,4.763641845,0.225719816,-0.179294577,0.124311732,-0.124311732,4.832567909,-0.045801625,0.160679248,0.16707965,2.065817422
641,5.3245149,118.6217298,265.7700746,26.77527508,-59.98957245,59.98957245,2.736358164,-2.736358164,4.763641836,0.225719816,-0.178702378,0.124915049,-0.124915049,4.846353059,-0.057510351,0.183813437,0.192600156,-0.91447951
642,5.3276015,118.6150444,265.7504639,26.77376603,-59.98514592,59.98514592,2.391728115,-2.391728115,5.108271885,0.225719816,-0.180211425,0.120488522,-0.120488522,4.818754789,0.095075755,0.238593424,0.256838901,-4.285840239
643,5.3410096,118.6184942,265.7473236,26.77454473,-59.98443709,59.98443709,2.667432156,-2.667432156,4.832567844,0.225719816,-0.179432723,0.119779697,-0.119779697,4.754845318,0.151795491,0.190420589,0.243519756,-5.950704702
644,5.3440938,118.6300569,265.74972,26.77715466,-59.98497801,59.98497801,2.874349468,-2.874349468,4.625650532,0.225719816,-0.176822794,0.120320608,-0.120320608,4.742063424,0.271956411,0.278209545,0.389051205,-4.887737277
645,5.3565203,118.6469609,265.7674623,26.78097022,-59.9889828,59.9889828,3.055905508,-3.055905508,4.444094492,0.225719816,-0.173007235,0.124325407,-0.124325407,4.670581035,0.388783015,0.003702309,0.388800643,2.799088968
646,5.3595065,118.6553926,265.7621476,26.78287342,-59.98778315,59.98778315,2.800267634,-2.800267634,4.699732366,0.225719816,-0.171104034,0.123125756,-0.123125756,4.725210567,0.290331904,0.341262659,0.44805448,5.231484996
647,5.3725997,118.6609165,265.7585758,26.7841203,-59.98697694,59.98697694,2.749140059,-2.749140059,4.750859941,0.225719816,-0.169857162,0.122319544,-0.122319544,4.766491775,0.130977239,0.396788872,0.417847396,8.041388344
648,5.3756835,118.6549848,265.7347947,26.78278138,-59.98160907,59.98160907,2.394284494,-2.394284494,5.105715506,0.225719816,-0.171196081,0.116951675,-0.116951675,4.774748016,0.262291492,0.242000159,0.356876594,1.986150905
649,5.3885553,118.6578048,265.7289639,26.78341791,-59.98029294,59.98029294,2.667943431,-2.667943431,4.832056569,0.225719816,-0.170559544,0.115635539,-0.115635539,4.776399264,0.15561645,0.155701742,0.220135213,0.969128422
650,5.3917992,118.6716533,265.7447181,26.7865438,-59.98384897,59.98384897,3.0146243,-3.0146243,4.4853757,0.225719816,-0.167433652,0.119191575,-0.119191575,4.776729514,0.188324297,0.169225934,0.253186606,0.078408912
651,5.4046589,118.677576,265.7464136,26.78788066,-59.98423168,59.98423168,2.792011393,-2.792011393,4.707988607,0.225719816,-0.1660968,0.119574285,-0.119574285,4.776795564,0.246717529,-0.095180106,0.264440526,0.037050613
652,5.4077972,118.6811738,265.7446173,26.78869275,-59.98382623,59.98382623,2.747488811,-2.747488811,4.752511189,0.225719816,-0.165284703,0.11916883,-0.11916883,4.776808774,0.248047455,-0.049886024,0.253014141,3.419455627
653,5.4202197,118.6733471,265.7215776,26.78692612,-59.97862571,59.97862571,2.393954244,-2.393954244,5.106045756,0.225719816,-0.167051337,0.113968312,-0.113968312,4.904127242,0.024629485,0.218204698,0.219590305,5.811060324
654,5.4237662,118.6742286,265.7164128,26.78712508,-59.9774599,59.9774599,2.667877381,-2.667877381,4.832122619,0.225719816,-0.166852372,0.112802506,-0.112802506,4.929590936,0.024041366,0.23800695,0.239218092,5.945811061
655,5.4362343,118.6657514,265.7029222,26.78521163,-59.97441481,59.97441481,2.378031958,-2.378031958,5.121968042,0.225719816,-0.168765831,0.109757408,-0.109757408,4.934683675,-0.014599185,0.204880199,0.205399689,2.629807665
656,5.4396178,118.6672656,265.7018841,26.78555341,-59.9741805,59.9741805,2.664692924,-2.664692924,4.835307076,0.225719816,-0.168424043,0.109523098,-0.109523098,4.935702146,0.025705606,0.351642859,0.352581166,0.241892158
657,5.4521886,118.6709172,265.7039134,26.78637764,-59.97463855,59.97463855,2.722025117,-2.722025117,4.777974883,0.225719816,-0.167599813,0.109981152,-0.109981152,4.935905841,0.025634836,0.284878921,0.286029971,-6.761842679
658,5.4555321,118.6717958,265.6868426,26.78657595,-59.97078533,59.97078533,2.388861887,-2.388861887,5.111138113,0.225719816,-0.167401505,0.106127935,-0.106127935,4.867020569,0.102093262,0.175609517,0.203129852,-7.223637073
659,5.4682372,118.6749337,265.6871297,26.78728423,-59.97085012,59.97085012,2.66685891,-2.66685891,4.83314109,0.225719816,-0.166693222,0.106192727,-0.106192727,4.853243515,0.092557146,0.143753545,0.17097341,-7.508582485
660,5.4715228,118.6782644,265.6915273,26.78803606,-59.97184276,59.97184276,2.722458315,-2.722458315,4.777541685,0.225719816,-0.165941399,0.107185359,-0.107185359,4.850488104,0.114204728,0.085575581,0.142709145,-2.450468409
661,5.4843216,118.6812887,265.6966321,26.78871869,-59.97299502,59.97299502,2.733578196,-2.733578196,4.766421804,0.225719816,-0.165258769,0.108337623,-0.108337623,4.781011088,0.110221464,-0.161015941,0.195127918,-9.197541049
662,5.4877112,118.6838987,265.7015476,26.78930782,-59.97410453,59.97410453,2.735802172,-2.735802172,4.764197828,0.225719816,-0.164669639,0.109447133,-0.109447133,4.708725869,0.257993699,-0.467396199,0.533872602,-10.10749252
663,5.500269,118.6860904,265.7060265,26.78980253,-59.97511552,59.97511552,2.736246967,-2.736246967,4.763753033,0.225719816,-0.164174922,0.110458127,-0.110458127,4.663913524,0.23710483,-0.456540378,0.514439323,-9.257923309
664,5.5033813,118.6970467,265.7272192,26.7922756,-59.97989913,59.97989913,3.028285007,-3.028285007,4.471714993,0.225719816,-0.16170186,0.115241736,-0.115241736,4.654951055,0.239499993,-0.476571429,0.533367203,-2.194497743
665,5.5166283,118.7043463,265.7417642,26.79392325,-59.98318223,59.98318223,2.946520039,-2.946520039,4.553479961,0.225719816,-0.160054206,0.11852483,-0.11852483,4.653158561,0.201654215,-0.408696895,0.455738493,-10.46669294
666,5.5196129,118.7052099,265.7442789,26.79411818,-59.98374985,59.98374985,2.77839054,-2.77839054,4.72160946,0.225719816,-0.159859278,0.119092454,-0.119092454,4.568440474,0.227195018,-0.457579376,0.510878128,-8.416143099
667,5.53228,118.7043443,265.743603,26.7939228,-59.98359728,59.98359728,2.744764641,-2.744764641,4.755235359,0.225719816,-0.160054655,0.118939879,-0.118939879,4.609886673,0.070319275,-0.167601163,0.181755194,-7.572566436
668,5.5484127,118.7162873,265.7668257,26.79661856,-59.98883911,59.98883911,3.159837404,-3.159837404,4.340162596,0.225719816,-0.157358893,0.124181712,-0.124181712,4.648531213,0.035735655,-0.103010792,0.109033299,2.746691375
669,5.5514169,118.7164234,265.7679851,26.7966493,-59.9891008,59.9891008,2.821054013,-2.821054013,4.678945987,0.225719816,-0.157328159,0.124443407,-0.124443407,4.656260121,-0.023350552,0.009118127,0.025067678,3.498843723
670,5.5641641,118.7136823,265.7637431,26.79603057,-59.9881433,59.9881433,2.753297335,-2.753297335,4.746702665,0.225719816,-0.157946891,0.123485901,-0.123485901,4.726731913,-0.068485721,0.096823207,0.118596068,6.804461876
671,5.5674181,118.7103648,265.7584025,26.79528176,-59.98693782,59.98693782,2.739746,-2.739746,4.760254,0.225719816,-0.158695701,0.122280423,-0.122280423,4.766796044,-0.037105545,0.031502068,0.048674447,6.153525003
672,5.5803443,118.6965579,265.7325999,26.79216525,-59.98111366,59.98111366,2.392405682,-2.392405682,5.107594318,0.225719816,-0.161812205,0.116456261,-0.116456261,4.77480887,-0.041657896,0.050949508,0.065812101,4.470294072
673,5.5836919,118.7013631,265.7422625,26.79324988,-59.9832947,59.9832947,2.95951675,-2.95951675,4.54048325,0.225719816,-0.160727582,0.118637307,-0.118637307,4.776411435,-0.057342591,0.074371231,0.093910876,0.374766284
674,5.5961691,118.7006704,265.7417027,26.79309352,-59.98316834,59.98316834,2.780989883,-2.780989883,4.719010117,0.225719816,-0.160883939,0.118510948,-0.118510948,4.776731948,-0.018065819,0.010905298,0.021102117,
675,5.599478,118.6988092,265.7388848,26.79267341,-59.9825323,59.9825323,2.745284509,-2.745284509,4.754715491,0.225719816,-0.161304044,0.117874899,-0.117874899,4.649480225,0.143283158,-0.193143873,0.240488293,
676,5.6125836,118.6968504,265.7358,26.79223128,-59.98183599,59.98183599,2.738143434,-2.738143434,4.761856566,0.225719816,-0.161746173,0.117178589,-0.117178589,4.682419696,0.077134346,-0.058662803,0.096907336,
677,5.6157242,118.7047206,265.7437263,26.79400775,-59.98362511,59.98362511,3.028664301,-3.028664301,4.471335699,0.225719816,-0.159969708,0.118967713,-0.118967713,4.7579336,-0.090618856,0.379338976,0.39001261,9.25610878
678,5.6282005,118.7043479,265.7425722,26.79392361,-59.9833646,59.9833646,2.794819393,-2.794819393,4.705180607,0.225719816,-0.160053847,0.118707208,-0.118707208,4.773036381,-0.078052714,0.364438845,0.372703498,5.564343385
679,5.6313931,118.6923071,265.7114533,26.79120576,-59.97634045,59.97634045,2.40342036,-2.40342036,5.09657964,0.225719816,-0.162771699,0.111683053,-0.111683053,4.745701637,-0.021311543,0.226697113,0.227696647,-2.592718277
680,5.6442033,118.6886674,265.7047722,26.79038422,-59.97483239,59.97483239,2.669770605,-2.669770605,4.830229395,0.225719816,-0.163593236,0.110174998,-0.110174998,4.740234688,-0.102765667,0.272345916,0.291089471,-3.115783019
681,5.6472517,118.6920433,265.7133558,26.79114623,-59.97676989,59.97676989,2.874817158,-2.874817158,4.625182842,0.225719816,-0.162831227,0.112112494,-0.112112494,4.739141298,-0.090671712,0.312111759,0.325015553,-0.267430173
682,5.6602307,118.7011499,265.7329883,26.79320177,-59.98120133,59.98120133,3.055999046,-3.055999046,4.444000954,0.225719816,-0.160775685,0.116543934,-0.116543934,4.73892262,0.03793288,-0.019041488,0.042443864,-0.128853174
683,5.6641943,118.7020934,265.7291303,26.79341472,-59.98033049,59.98033049,2.800286342,-2.800286342,4.699713658,0.225719816,-0.160562737,0.115673094,-0.115673094,4.738878884,0.008599609,0.017073351,0.019116814,0.80925237
684,5.6765522,118.6906906,265.6993266,26.79084088,-59.97360322,59.97360322,2.40451375,-2.40451375,5.09548625,0.225719816,-0.163136572,0.108945826,-0.108945826,4.769225438,-0.042960655,0.16279828,0.168371309,1.403236633
685,5.6799907,118.6874794,265.6947825,26.79011606,-59.97257753,59.97257753,2.669989283,-2.669989283,4.830010717,0.225719816,-0.163861401,0.107920131,-0.107920131,4.775294749,0.044543669,0.063734045,0.077757102,-0.107647979
686,5.6925743,118.6870428,265.6895953,26.79001751,-59.97140667,59.97140667,2.723084389,-2.723084389,4.776915611,0.225719816,-0.163959947,0.106749269,-0.106749269,4.718118795,0.070696684,-0.062156478,0.094135269,
687,5.6961266,118.6964208,265.7027638,26.79213431,-59.97437906,59.97437906,3.025652492,-3.025652492,4.474347508,0.225719816,-0.161843145,0.109721666,-0.109721666,4.579367778,0.251182965,-0.399409873,0.471827435,
688,5.7086071,118.7066217,265.7254193,26.79443685,-59.97949287,59.97949287,3.086166112,-3.086166112,4.413833888,0.225719816,-0.159540606,0.114835469,-0.114835469,4.551617574,0.292073141,-0.443300608,0.530869239,
689,5.7118124,118.716479,265.7416347,26.79666183,-59.98315299,59.98315299,3.098268836,-3.098268836,4.401731164,0.225719816,-0.157315625,0.118495591,-0.118495591,4.546067533,0.255946371,-0.339656221,0.425293891,0.117864745
690,5.7251067,118.7161051,265.736991,26.79657745,-59.98210482,59.98210482,2.8087403,-2.8087403,4.6912597,0.225719816,-0.157400003,0.117447422,-0.117447422,4.603347342,0.12528914,-0.138957821,0.187100627,7.873344885
691,5.7284259,118.7133338,265.7280023,26.7959519,-59.9800759,59.9800759,2.750834593,-2.750834593,4.749165407,0.225719816,-0.158025557,0.115418499,-0.115418499,4.673193119,0.046421753,0.058351992,0.074564966,8.823258603
692,5.7409182,118.7101576,265.7187743,26.79523497,-59.97799294,59.97799294,2.739253451,-2.739253451,4.760746549,0.225719816,-0.15874249,0.113335542,-0.113335542,4.687162275,-0.070400161,0.250323909,0.260035079,1.746175276
693,5.7442035,118.7071033,265.710379,26.79454556,-59.97609796,59.97609796,2.736937223,-2.736937223,4.763062777,0.225719816,-0.159431898,0.111440562,-0.111440562,4.63156629,0.032990366,0.053761348,0.063076515,-5.555610284
694,5.7570968,118.7133893,265.7207771,26.79596443,-59.97844502,59.97844502,3.028423059,-3.028423059,4.471576941,0.225719816,-0.158013024,0.113787626,-0.113787626,4.620447093,0.061754925,-0.076473303,0.098294643,-11.86423175
695,5.7605006,118.7210891,265.7344088,26.79770243,-59.98152195,59.98152195,3.086720226,-3.086720226,4.413279774,0.225719816,-0.156275024,0.116864557,-0.116864557,4.559833437,0.085804271,-0.155820944,0.1778835,-8.097012454
696,5.7730451,118.7186081,265.7366265,26.79714242,-59.98202254,59.98202254,2.806430578,-2.806430578,4.693569422,0.225719816,-0.15683504,0.117365141,-0.117365141,4.48932089,0.199837305,-0.505211251,0.543298588,-8.098911336
697,5.7892904,118.7231319,265.7531798,26.79816354,-59.98575894,59.98575894,3.04232173,-3.04232173,4.45767827,0.225719816,-0.155813914,0.121101542,-0.121101542,4.47521838,0.19800905,-0.504351677,0.541828569,-2.434362846
698,5.7927554,118.7286632,265.7711425,26.79941205,-59.98981349,59.98981349,3.08949996,-3.08949996,4.41050004,0.225719816,-0.154565409,0.125156098,-0.125156098,4.472397878,0.157942634,-0.408649176,0.438109603,-0.575770712
699,5.8052309,118.7342402,265.7809662,26.8006709,-59.99203089,59.99203089,3.098935606,-3.098935606,4.401064394,0.225719816,-0.153306555,0.127373488,-0.127373488,4.471833778,0.148310704,-0.353259333,0.38312951,5.186538657
700,5.8087803,118.7391192,265.7876564,26.80177219,-59.993541,59.993541,3.100822735,-3.100822735,4.399177265,0.225719816,-0.15220527,0.128883605,-0.128883605,4.530110774,0.050830546,-0.107398075,0.118819573,7.371141707
701,5.8209837,118.7341019,265.7748407,26.80063969,-59.99064825,59.99064825,2.80925108,-2.80925108,4.69074892,0.225719816,-0.15333777,0.125990855,-0.125990855,4.60015599,-0.049067319,0.159679577,0.167048404,11.19896238
702,5.8246594,118.7271885,265.7585677,26.79907919,-59.9869751,59.9869751,2.750936749,-2.750936749,4.749063251,0.225719816,-0.154898266,0.122317701,-0.122317701,4.642199548,-0.087605122,0.243561525,0.258837544,5.960860463
703,5.8365947,118.7198297,265.7498302,26.79741815,-59.98500288,59.98500288,2.739273882,-2.739273882,4.760726118,0.225719816,-0.156559304,0.120345484,-0.120345484,4.65060826,-0.133883091,0.306861886,0.334796803,-0.992590097
704,5.8403451,118.7183047,265.7458148,26.79707393,-59.98409652,59.98409652,2.888717814,-2.888717814,4.611282186,0.225719816,-0.156903527,0.119439125,-0.119439125,4.593900186,-0.05460836,0.170776655,0.179295117,-6.689701903
705,5.8526802,118.7226155,265.7517689,26.79804697,-59.98544049,59.98544049,3.058779177,-3.058779177,4.441220823,0.225719816,-0.155930488,0.120783095,-0.120783095,4.524168755,0.048312219,-0.055690078,0.07372554,-8.126115456
706,5.8565491,118.7278188,265.7593686,26.79922146,-59.98715589,59.98715589,3.092791449,-3.092791449,4.407208551,0.225719816,-0.154755999,0.122498494,-0.122498494,4.510222469,0.016936038,0.051692653,0.054396321,-3.92845336
707,5.8687442,118.7326844,265.7665557,26.80031973,-59.98877816,59.98877816,3.099593904,-3.099593904,4.400406096,0.225719816,-0.153657724,0.124120763,-0.124120763,4.479398696,0.044414681,-0.008327588,0.045188633,2.692619264
708,5.8724194,118.7278641,265.7551231,26.79923169,-59.9861976,59.9861976,2.809005313,-2.809005313,4.690994687,0.225719816,-0.154745771,0.121540199,-0.121540199,4.531623758,-0.040832102,0.069186337,0.080336852,4.936903684
709,5.8847205,118.7303497,265.7583075,26.79979274,-59.98691636,59.98691636,3.042836677,-3.042836677,4.457163323,0.225719816,-0.154184714,0.122258966,-0.122258966,4.570103285,-0.108549712,0.171720867,0.203152888,6.456854273
710,5.8885073,118.7245224,265.7536333,26.7984774,-59.9858613,59.9858613,2.797653868,-2.797653868,4.702346132,0.225719816,-0.155500059,0.121203908,-0.121203908,4.577799191,-0.087198578,0.139247249,0.164296648,0.161393326
711,5.9006646,118.7226364,265.7499012,26.79805169,-59.98501891,59.98501891,2.900393811,-2.900393811,4.599606189,0.225719816,-0.155925764,0.120361516,-0.120361516,4.520948556,-0.011124323,-0.027289764,0.029470015,2.960912206
712,5.9047438,118.7261932,265.7552396,26.79885454,-59.98622389,59.98622389,3.061114376,-3.061114376,4.438885624,0.225719816,-0.155122919,0.121566489,-0.121566489,4.567968245,-0.094120811,0.041783003,0.102978378,0.905140977
713,5.9165904,118.7306187,265.7620902,26.79985345,-59.98777021,59.98777021,3.093258489,-3.093258489,4.406741511,0.225719816,-0.154124011,0.123112814,-0.123112814,4.518982367,-0.01579381,-0.029701772,0.033639853,4.508195747
714,5.9199425,118.7251332,265.7578291,26.79861527,-59.98680838,59.98680838,2.80773823,-2.80773823,4.69226177,0.225719816,-0.155362184,0.122150987,-0.122150987,4.539540492,-0.077884962,0.117575523,0.141032162,0.775163166
715,5.9324934,118.7275956,265.7622112,26.79917109,-59.98779751,59.98779751,3.04258326,-3.04258326,4.45741674,0.225719816,-0.154806369,0.123140113,-0.123140113,4.543652117,-0.107351443,0.164778933,0.196663237,2.235843789
716,5.9358223,118.7225006,265.7503291,26.79802105,-59.98511549,59.98511549,2.797603185,-2.797603185,4.702396815,0.225719816,-0.155956411,0.120458093,-0.120458093,4.544474442,-0.063448487,0.099495483,0.118004498,-1.33404101
717,5.9485443,118.7252895,265.7536757,26.79865056,-59.98587089,59.98587089,3.040556251,-3.040556251,4.459443749,0.225719816,-0.1553269,0.121213492,-0.121213492,4.486249091,0.025378234,0.018879275,0.031630394,0.272950548
718,5.9517276,118.7295745,265.76012,26.79961775,-59.98732549,59.98732549,3.089146864,-3.089146864,4.410853136,0.225719816,-0.154359703,0.122668089,-0.122668089,4.502638536,0.007141256,0.072147002,0.072499568,0.276984468
719,5.9643773,118.7337642,265.7666291,26.80056346,-59.98879473,59.98879473,3.098864987,-3.098864987,4.401135013,0.225719816,-0.153413992,0.12413733,-0.12413733,4.505916425,0.053444456,-0.040234804,0.066896557,7.91378707
720,5.9675979,118.7330951,265.7639534,26.80041242,-59.98819077,59.98819077,2.960636034,-2.960636034,4.539363966,0.225719816,-0.153565039,0.123533373,-0.123533373,4.564961819,-0.065366095,0.084047552,0.106474022,6.506522334
721,5.98034,118.7266621,265.7501925,26.79896038,-59.98508465,59.98508465,2.781213739,-2.781213739,4.718786261,0.225719816,-0.155017079,0.12042725,-0.12042725,4.576770898,-0.117478243,0.157766621,0.196701409,6.666746843
722,5.9835325,118.7189599,265.7422432,26.79722184,-59.98329035,59.98329035,2.74532928,-2.74532928,4.75467072,0.225719816,-0.156755621,0.118632955,-0.118632955,4.579132713,-0.119612601,0.159840821,0.199640332,-0.167935697
723,5.9962317,118.7213946,265.7472139,26.79777138,-59.98441234,59.98441234,3.03010147,-3.03010147,4.46989853,0.225719816,-0.156206074,0.119754942,-0.119754942,4.551570561,-0.041699213,0.01251431,0.043536563,-0.592514516
724,6.0121195,118.7259057,265.7546593,26.79878963,-59.98609291,59.98609291,3.087055908,-3.087055908,4.412944092,0.225719816,-0.15518783,0.12143551,-0.12143551,4.546058131,-0.038065575,-0.021625573,0.043779601,-7.439689938
