frame,t_s,x_px_raw,y_px_raw,angle_deg_raw,mm_per_px,x_px_filt,y_px_filt,pos_outlier,x_mm,y_mm,angle_deg_unwrapped,vx_mm_s,vy_mm_s,speed_mm_s,angular_vel_dps,tail_trimmed
0,0.0,237.66537475585938,316.2852783203125,0.0,0.16981132075471697,237.6154988606771,316.2504374186198,0,0.0,0.0,0.0,-0.009419110498715695,-0.07655101974087841,0.07712832337057103,0.0,0
1,0.03330438378825475,237.59661865234375,316.23724365234375,0.0,0.16981132075471697,237.61206817626953,316.2337875366211,0,-0.0005825690503442615,-0.002827338452618733,0.0,-0.05626397080711948,-0.02433270212158443,0.06130020231224488,0.0,0
2,0.0666087675765095,237.58450317382812,316.2287902832031,0.0,0.16981132075471697,237.61180419921874,316.22041015625,0,-0.0006273953419864142,-0.005098969081664961,0.0,-0.07444650207302746,0.04120601506405446,0.08508946672983893,0.0,0
3,0.09991315136476427,237.60177612304688,316.183837890625,0.0,0.16981132075471697,237.5823944091797,316.2361206054687,0,-0.005621510631634408,-0.002431156950187585,0.0,-0.08036741924794893,0.08511016960027229,0.11705837452298194,0.0,0
4,0.133217535153019,237.61074829101562,316.1669006347656,0.0,0.16981132075471697,237.55709533691407,316.282763671875,0,-0.009917579506932839,0.005489363760311505,0.0,-0.09860034828748916,0.1628857774407624,0.19040432026321186,0.0,0
5,0.16652191894127377,237.51832580566406,316.36383056640625,0.0,0.16981132075471697,237.53668823242188,316.3338989257812,0,-0.013382936873526319,0.014172708763254604,0.0,-0.11278658679235232,0.23993213036024605,0.26511929642988064,0.0,0
6,0.19982630272952853,237.47012329101562,316.470458984375,0.0,0.16981132075471697,237.5153778076172,316.3935180664063,0,-0.017001688255454894,0.024296713775058265,0.0,-0.07245142451062773,0.24212923124533478,0.25273656944944867,0.0,0
7,0.2331306865177833,237.4824676513672,316.4844665527344,0.0,0.16981132075471697,237.50120239257814,316.4556945800781,0,-0.019408834205485448,0.034854989681591064,0.0,-0.018603780581771506,0.18511664170733144,0.18604911095980872,0.0,0
8,0.266435070306038,237.49522399902344,316.48193359375,0.0,0.16981132075471697,237.51134643554687,316.4735595703125,0,-0.017686260871172976,0.037888667268560994,0.0,0.03172725711461846,0.1171621163169831,0.12138196053735245,0.0,0
9,0.2997394540942928,237.5398712158203,316.477783203125,0.0,0.16981132075471697,237.53885192871093,316.46429443359375,0,-0.013015516748971834,0.03631534216538057,0.0,0.06970349238385079,0.0443030144466519,0.08259136722179741,0.0,0
10,0.33304383788254754,237.5690460205078,316.4531555175781,0.0,0.16981132075471697,237.56780090332032,316.44879150390625,0,-0.008099653136056872,0.033682769199579354,0.0,0.08450124692822647,-0.028126625777469032,0.08905934993054289,0.0,0
11,0.3663482216708023,237.60765075683594,316.42413330078125,0.0,0.16981132075471697,237.58373107910157,316.436962890625,0,-0.005394528946787602,0.031674136755597715,0.0,0.0647833556993665,-0.049045764799060594,0.08125497043501655,0.0,0
12,0.39965260545905706,237.62721252441406,316.4069519042969,0.0,0.16981132075471697,237.58406677246094,316.42811279296876,0,-0.005337524414066763,0.030171289983783822,0.0,0.01777286565782054,-0.03572000560684192,0.03989728755496738,0.0,0
13,0.4329569892473118,237.5748748779297,316.42279052734375,0.0,0.16981132075471697,237.5748748779297,316.4254638671875,0,-0.006898412164659362,0.029721472398279047,0.0,-0.0303486229898966,-0.016531161333248702,0.03455890930583281,0.0,0
14,0.4662613730355666,237.5415496826172,316.43353271484375,0.0,0.16981132075471697,237.55628051757813,316.42926635742185,0,-0.0100559450545461,0.0303671782871362,0.0,-0.051628758757388704,-0.0067220083734963135,0.05206451889148689,0.0,0
15,0.4995657568238213,237.52308654785156,316.4399108886719,0.0,0.16981132075471697,237.5380401611328,316.4325805664063,0,-0.013153364073559715,0.030929968492038995,0.0,-0.04852605396646055,-0.0033734523504389013,0.04864317109642959,0.0,0
16,0.532870140612076,237.51467895507812,316.4431457519531,0.0,0.16981132075471697,237.5331024169922,316.43037109375,0,-0.013991848927624062,0.030554775022103797,0.0,-0.03596585683901385,-0.0038838270602015424,0.03617494949268061,0.0,0
17,0.5661745244003308,237.5360107421875,316.42352294921875,0.0,0.16981132075471697,237.53648071289064,316.4248046875,0,-0.013418176039209584,0.029609536224931787,0.0,-0.014579911680417232,-0.009273881922650926,0.01727943027197478,0.0,0
18,0.5994789081885856,237.55018615722656,316.4117431640625,0.0,0.16981132075471697,237.53960571289062,316.4216552734375,0,-0.012887515661859084,0.02907473006337824,0.0,0.010173261746698276,-0.007979272902612189,0.012929193734382496,0.0,0
19,0.6327832919768404,237.55844116210938,316.40570068359375,0.0,0.16981132075471697,237.54198303222657,316.4201721191406,0,-0.012483819925563466,0.028822873673341576,0.0,0.02454466668590908,0.0010580939106615208,0.02456746273928494,0.0,0
20,0.6660876757650951,237.53871154785156,316.4241638183594,0.0,0.16981132075471697,237.5480163574219,316.424755859375,0,-0.011459293005607663,0.029601244656539905,0.0,0.03192020365123814,0.014358956775584086,0.03500112913635228,0.0,0
21,0.6993920595533498,237.5265655517578,316.43572998046875,0.0,0.16981132075471697,237.5571716308594,316.43140869140626,0,-0.009904623931312528,0.03073097085052723,0.0,0.04104781965098695,0.04806235987033007,0.06320533153465034,0.0,0
22,0.7326964433416046,237.56617736816406,316.4464416503906,0.0,0.16981132075471697,237.56778259277343,316.4388854980469,0,-0.008102762474209158,0.03200061726119685,0.0,0.0514638205889825,0.09287574902687266,0.10618111690370194,0.0,0
23,0.7660008271298594,237.59596252441406,316.44500732421875,0.0,0.16981132075471697,237.5798583984375,316.4687866210937,0,-0.006052153965221407,0.037078166457831685,0.0,0.048768793157757805,0.1365314589634839,0.144980117508442,0.0,0
24,0.7993052109181141,237.6114959716797,316.4430847167969,0.0,0.16981132075471697,237.5924499511719,316.51124877929686,0,-0.003913965765036664,0.04428872162440456,0.0,0.03604988194365427,0.18074733626457803,0.18430733451192835,0.0,0
25,0.8326095947063689,237.59909057617188,316.57366943359375,0.0,0.16981132075471697,237.59584045410156,316.558642578125,0,-0.0033382199845277682,0.05233672519899102,0.0,-0.011141106470842026,0.13898997128524598,0.13943577866268092,0.0,0
26,0.8659139784946236,237.5895233154297,316.6480407714844,0.0,0.16981132075471697,237.59252319335937,316.60865478515626,0,-0.0039015284124488403,0.060829364128828445,0.0,-0.07426885640414108,-0.0022717898669768256,0.0743035938617953,0.0,0
27,0.8992183622828783,237.5831298828125,316.68341064453125,0.0,0.16981132075471697,237.55685729980468,316.57518310546874,0,-0.009958000902862807,0.05514549399320856,0.0,-0.14403770164721355,-0.19625774817821587,0.24344190932498805,0.0,0
28,0.9325227460711332,237.57937622070312,316.695068359375,0.0,0.16981132075471697,237.50702819824218,316.4665588378906,0,-0.01841954645121291,0.03669986364975131,0.0,-0.19435629117993414,-0.43743469490395126,0.478668444987689,0.0,0
29,0.9658271298593879,237.43316650390625,316.2757263183594,0.0,0.16981132075471697,237.45120239257812,316.31879272460935,0,-0.02789940024322135,0.011607504790674739,0.0,-0.23036571659174823,-0.6990017336959686,0.7359835508289567,0.0,0
30,0.9991315136476426,237.34994506835938,316.0305480957031,0.0,0.16981132075471697,237.4052490234375,316.1296813964844,0,-0.03570280255011937,-0.020505739607905582,0.0,-0.20735217403534043,-0.7816450921986708,0.8086803906584175,0.0,0
31,1.0324358974358974,237.31039428710938,315.9092102050781,0.0,0.16981132075471697,237.3666198730469,315.923193359375,0,-0.04226246959758839,-0.05556974590950148,0.0,-0.14679808193761743,-0.7411761121576286,0.7555737595322253,0.0,0
32,1.065740281224152,237.35336303710938,315.73785400390625,0.0,0.16981132075471697,237.35352172851563,315.8086791992188,0,-0.04448668281987267,-0.07501554669074295,0.0,-0.0765717666802919,-0.6237650325676414,0.6284473337572941,0.0,0
33,1.0990446650124068,237.38623046875,315.6626281738281,0.0,0.16981132075471697,237.36307373046876,315.7397399902344,0,-0.04286464475236329,-0.08672220482016968,0.0,-0.019689882860646563,-0.43287244292453586,0.43332002415134424,0.0,0
34,1.1323490488006616,237.36767578125,315.7031555175781,0.0,0.16981132075471697,237.37611389160156,315.7071105957031,0,-0.04065027776754704,-0.09226304540095498,0.0,0.026284297556659415,-0.2106540494447231,0.2122875239987194,0.0,0
35,1.1656534325889165,237.397705078125,315.68585205078125,0.0,0.16981132075471697,237.3859405517578,315.7051940917969,0,-0.03898159962780312,-0.09258848946049625,0.0,0.05127709813415483,-0.08758527947369321,0.10149148719742307,0.0,0
36,1.1989578163771712,237.37559509277344,315.7460632324219,0.0,0.16981132075471697,237.39239501953125,315.71661987304685,0,-0.037885557930430025,-0.09064826245578672,0.0,0.04785074108820633,-0.008925333340334443,0.048676020769231367,0.0,0
37,1.232262200165426,237.40249633789062,315.728271484375,0.0,0.16981132075471697,237.4038055419922,315.72279052734376,0,-0.03594792204083319,-0.0896004154997101,0.0,0.045566503057602445,0.019661874492475695,0.04962756803890716,0.0,0
38,1.2655665839536807,237.4185028076172,315.7197570800781,0.0,0.16981132075471697,237.40999755859374,315.7309875488281,0,-0.03489644752359311,-0.0882084684551927,0.0,0.040966906587221234,0.02025316226596142,0.045699868895845576,0.0,0
39,1.2988709677419354,237.4247283935547,315.7340087890625,0.0,0.16981132075471697,237.4207977294922,315.7263916015625,0,-0.033062456238951654,-0.08898891233048545,0.0,0.036333077666834454,0.008925333340334459,0.03741328785311858,0.0,0
40,1.3321753515301902,237.4286651611328,315.7268371582031,0.0,0.16981132075471697,237.42611389160157,315.7250549316406,0,-0.032159711729811136,-0.08921589401533936,0.0,0.02516396282773632,0.00011203347289658397,0.02516421222082552,0.0,0
41,1.365479735318445,237.42959594726562,315.72308349609375,0.0,0.16981132075471697,237.4280242919922,315.7253723144531,0,-0.03183530411630642,-0.0891619988207637,0.0,0.018345481185972824,-0.009205417022597251,0.020525505657712946,0.0,0
42,1.3987841191066996,237.4290771484375,315.7215881347656,0.0,0.16981132075471697,237.42848205566406,315.722900390625,0,-0.03175757066259166,-0.0895817594708177,0.0,0.006140056722634629,-0.0011327828925925647,0.006243676291971027,0.0,0
43,1.4320885028949544,237.4280548095703,315.7213439941406,0.0,0.16981132075471697,237.42798767089843,315.7219604492187,0,-0.03184152279260388,-0.08974137216245026,0.0,-0.0006535285918327237,0.0059875667178551275,0.0060231266648734265,0.0,0
44,1.465392886683209,237.42701721191406,315.7216491699219,0.0,0.16981132075471697,237.42681884765625,315.72528076171875,0,-0.03204000221109027,-0.08917754551150381,0.0,-0.003522830314258328,0.008993798240430775,0.00965912730077791,0.0,0
45,1.498697270471464,237.4261932373047,315.7221374511719,0.0,0.16981132075471697,237.42547302246095,315.7309265136719,0,-0.03226853856500611,-0.08821883291569321,0.0,-0.00453113157028491,0.013139036737391016,0.013898397018855929,0.0,0
46,1.5320016542597188,237.4237518310547,315.73968505859375,0.0,0.16981132075471697,237.42456970214843,315.73419189453125,0,-0.032421932580341206,-0.08766433427919651,0.0,0.008850644358403412,0.0016556057660672475,0.00900416214933812,0.0,0
47,1.5653060380479735,237.42234802246094,315.74981689453125,0.0,0.16981132075471697,237.42403869628907,315.73578491210935,0,-0.03251210338665089,-0.08739382186026745,0.0,0.03629262113495159,-0.03276979082069328,0.048897991157890404,0.0,0
48,1.5986104218362283,237.4235382080078,315.7376708984375,0.0,0.16981132075471697,237.4366668701172,315.723583984375,0,-0.03036769651017579,-0.0894656775132745,0.0,0.07085183548094479,-0.07942550819804542,0.10643492821220225,0.0,0
49,1.631914805624483,237.4243621826172,315.7296142578125,0.0,0.16981132075471697,237.46240844726563,315.6931457519531,0,-0.025996485296289507,-0.09463443396226978,0.0,0.10737785968448425,-0.12431981041835376,0.1642723957726197,0.0,0
50,1.6652191894127377,237.4893341064453,315.6611328125,0.0,0.16981132075471697,237.4949523925781,315.6530395507813,0,-0.020470154960207765,-0.1014449209537176,0.0,0.14308541712765677,-0.1628842214202825,0.21680568761517108,0.0,0
51,1.6985235732009925,237.55245971679688,315.5874938964844,0.0,0.16981132075471697,237.52986755371094,315.6122802734375,0,-0.014541165333874062,-0.10836630767247613,0.0,0.146524222337232,-0.16713526930826195,0.2222690846210418,0.0,0
52,1.7318279569892472,237.58506774902344,315.5492858886719,0.0,0.16981132075471697,237.5643524169922,315.5760559082031,0,-0.0086852451540409,-0.1145176149764282,0.0,0.11998473742564855,-0.133711949895736,0.17965306220608,0.0,0
53,1.765132340777502,237.59811401367188,315.53387451171875,0.0,0.16981132075471697,237.58035278320312,315.5596862792969,0,-0.0059682018352020805,-0.11729736328125284,0.0,0.07768276528646309,-0.08034044822672227,0.111755087776004,0.0,0
54,1.7984367245657567,237.59678649902344,315.5484924316406,0.0,0.16981132075471697,237.58006896972657,315.56202392578126,0,-0.006016396576505656,-0.11690040444428718,0.0,0.011947125067454245,0.002097515575818837,0.012129854449588265,0.0,0
55,1.8317411083540116,237.5693359375,315.57928466796875,0.0,0.16981132075471697,237.57113037109374,315.5742553710937,0,-0.007534271816041382,-0.11482336656103342,0.0,-0.06334559279730034,0.09109566162432477,0.11095532296205922,0.0,0
56,1.8650454921422663,237.55104064941406,315.59918212890625,0.0,0.16981132075471697,237.5415832519531,315.6143371582031,0,-0.012551707141810198,-0.10801702535378155,0.0,-0.11893909167869905,0.16013940133438015,0.1994771550556295,0.0,0
57,1.898349875930521,237.54037475585938,315.6104431152344,0.0,0.16981132075471697,237.50223388671876,315.66538696289064,0,-0.019233674823119884,-0.09934819059552069,0.0,-0.15563939017331138,0.20807105548639498,0.2598406894709578,0.0,0
58,1.9316542597187758,237.45037841796875,315.7342834472656,0.0,0.16981132075471697,237.46371765136718,315.7167236328125,0,-0.02577416761867113,-0.09063064287294509,0.0,-0.17393196666368932,0.25027655435727075,0.30477972814550286,0.0,0
59,1.9649586435070305,237.40003967285156,315.8037414550781,0.0,0.16981132075471697,237.4274444580078,315.766064453125,0,-0.03193376649101509,-0.08225201300855645,0.0,-0.1478530638073616,0.24157528796268676,0.28322985053041067,0.0,0
60,1.9982630272952853,237.3767547607422,315.8359680175781,0.0,0.16981132075471697,237.40056762695312,315.81968383789064,0,-0.03649775667010857,-0.07314683446345072,0.0,-0.09703343568745973,0.20775985139500142,0.2293025152347559,0.0,0
61,2.03156741108354,237.3696746826172,315.84588623046875,0.0,0.16981132075471697,237.39659423828124,315.8512329101562,0,-0.03717248304835863,-0.06778944483344418,0.0,0.01121268341189836,0.13237377230285435,0.1328478071440526,0.0,0
62,2.0648717948717947,237.40599060058594,315.8785400390625,0.0,0.16981132075471697,237.407080078125,315.86912231445314,0,-0.035391868735260346,-0.0647516214622712,0.0,0.1978231047577657,-0.033473112067160894,0.20063506674423257,0.0,0
63,2.0981761786600495,237.43051147460938,315.89202880859375,0.0,0.16981132075471697,237.47471313476564,315.846533203125,0,-0.023907010060440825,-0.06858750829157856,0.0,0.4876319148410662,-0.2571292684491251,0.5512715710652483,2.402086179063705,0
64,2.131480562448304,237.4524688720703,315.8931884765625,0.0,0.16981132075471697,237.621435546875,315.7332397460938,0,0.0010081165241686563,-0.08782601986291638,0.0,0.7855755998727185,-0.46689327419251025,0.9138481014925752,4.80417235812741,0
65,2.164784946236559,237.7149200439453,315.7230224609375,0.0,0.16981132075471697,237.87875366210938,315.5675354003906,0,0.044703645526233515,-0.11596449366156492,0.4,1.1145214364860148,-0.6369725342051289,1.2837024739863026,7.206258537191114,0
66,2.1980893300248137,238.10328674316406,315.2794189453125,0.0,0.16981132075471697,238.16695251464844,315.3933837890625,0,0.09364307331588861,-0.14553740879275523,0.8,1.3744951103302268,-0.691613748566928,1.5386898275898557,9.60834471625482,0
67,2.2313937138130684,238.6925811767578,315.0500183105469,2.0,0.16981132075471697,238.50001220703126,315.24448852539064,0,0.15020037956957566,-0.17082151017099534,1.2,1.5049269691029588,-0.5270179046441938,1.594538508205109,12.010430895318525,0
68,2.264698097601323,238.8715057373047,315.0212707519531,2.0,0.16981132075471697,238.8225830078125,315.16831665039064,0,0.20497655328714615,-0.18375635686911096,1.6,1.3921217100651002,-0.22038228934075432,1.4094577713041463,9.60834471625482,0
69,2.298002481389578,239.11776733398438,315.1487121582031,2.0,0.16981132075471697,239.0972106933594,315.2164306640625,0,0.2516114432856682,-0.17558605266067673,2.0,1.2743683059745032,0.0772968722131365,1.27671037660319,9.608344716254818,0
70,2.331306865177833,239.32777404785156,315.3421630859375,2.0,0.16981132075471697,239.24390869140626,315.35142211914064,0,0.27652242408608174,-0.15266297538325801,2.0,1.1454271147993895,0.24991555761128298,1.1723741131796677,9.608344716254818,0
71,2.3646112489660878,239.47642517089844,315.5199890136719,2.0,0.16981132075471697,239.41663513183593,315.46918334960935,0,0.3058533290647034,-0.13266578530366502,2.4,1.0467287372231104,0.2817019435032885,1.0839728014586978,9.60834471625482,0
72,2.3979156327543425,239.4260711669922,315.7249755859375,2.0,0.16981132075471697,239.62325134277344,315.48956298828125,0,0.3409391007333369,-0.12920509194428575,2.8,0.9576372299472548,0.19856688253611438,0.9780070914984014,9.60834471625482,0
73,2.4312200165425972,239.73513793945312,315.6100769042969,4.0,0.16981132075471697,239.84903564453126,315.44456176757814,0,0.379279831220515,-0.1368468086674568,3.2,1.0310813955093243,0.06019931943357203,1.0328372583450507,12.010430895318525,0
74,2.464524400330852,240.15084838867188,315.2506103515625,4.0,0.16981132075471697,240.0362976074219,315.41115112304686,0,0.4110790324660911,-0.14252031434257617,3.6,1.06366446387519,-0.03855196283821667,1.0643628824557791,12.010430895318526,0
75,2.4978287841191067,240.45669555664062,315.1171569824219,4.0,0.16981132075471697,240.25501708984376,315.41045532226565,0,0.44822007665094077,-0.1426384691922209,4.0,1.0358272579026504,0.007051884710308698,1.0358512621472695,12.010430895318525,0
76,2.5311331679073614,240.41273498535156,315.3529357910156,4.0,0.16981132075471697,240.4596954345703,315.43137817382814,0,0.4829767766988411,-0.13908553213443753,4.4,0.9740003410712246,0.14904186343633846,0.9853375774136689,12.010430895318525,0
77,2.564437551695616,240.51966857910156,315.72149658203125,4.0,0.16981132075471697,240.639013671875,315.49647827148436,0,0.5134270434109638,-0.12803079857017252,4.8,1.0458511416854865,0.18461871516115297,1.062021035833373,14.412517074382228,0
78,2.597741935483871,240.75852966308594,315.7146911621094,6.0,0.16981132075471697,240.80416870117188,315.59071655273436,0,0.5414722370651504,-0.11202807156545447,5.2,1.0989114392631494,0.11874925718291145,1.1053088877887935,16.81460325344593,0
79,2.6310463192721256,241.0474395751953,315.57611083984375,6.0,0.16981132075471697,241.0618896484375,315.5921936035156,0,0.5852361715064802,-0.11177725162146857,6.0,1.1606481069081,0.03885071876598356,1.1612981556938726,16.81460325344593,0
80,2.6643507030603804,241.282470703125,315.5883483886719,6.0,0.16981132075471697,241.3326416015625,315.526904296875,0,0.6312129182635573,-0.12286411501327166,6.8,1.206675192020873,-0.05104991914748704,1.2077545749379612,16.81460325344593,0
81,2.697655086848635,241.7013397216797,315.3603210449219,8.0,0.16981132075471697,241.59786071777344,315.4694763183594,0,0.6762501266767345,-0.1326160358932782,7.2,1.2271835416418437,-0.1741498095276478,1.2394787618330274,16.81460325344593,0
82,2.73095947063689,241.87342834472656,315.3950500488281,8.0,0.16981132075471697,241.822314453125,315.4464172363281,0,0.7143649119251094,-0.13653172906840894,7.6,1.0744850301319715,-0.13811237574762023,1.0833250243174277,2.402086179063707,0
83,2.7642638544251446,242.08462524414062,315.42755126953125,8.0,0.16981132075471697,242.00758056640626,315.41994018554686,0,0.7458251953124986,-0.14102783203125568,8.0,0.9155966692447871,-0.0532407959506558,0.9171433056429118,-12.010430895318525,0
84,2.7975682382133993,242.16970825195312,315.4608154296875,8.0,0.16981132075471697,242.11556091308594,315.4567565917969,0,0.7641614805977284,-0.1347759894605005,6.4,0.7557809201654273,0.014172234320671098,0.7559137857664325,-24.02086179063705,0
85,2.830872622001654,242.20880126953125,315.4559631347656,8.0,0.16981132075471697,242.23050231933593,315.4746948242188,0,0.7836798326024379,-0.13172987452093565,4.8,0.6752319651975414,0.007524914929233834,0.6752738934456344,-33.62920650689186,0
86,2.8641770057899087,242.24124145507812,315.5444030761719,0.0,0.16981132075471697,242.33900146484376,315.4833740234375,0,0.802104215801883,-0.13025604823851467,3.2,0.677404169755206,-0.0026390106947550727,0.6774093102247614,-43.23755122314669,0
87,2.8974813895781635,242.44813537597656,315.4847412109375,0.0,0.16981132075471697,242.48446655273438,315.45379638671875,0,0.8268058345002913,-0.13527866579452308,2.0,0.755843160983689,-0.09511019440284174,0.7618036709580501,-31.227120327828164,0
88,2.930785773366418,242.6271209716797,315.470947265625,0.0,0.16981132075471697,242.67186279296874,315.4173522949219,0,0.8586278375589558,-0.14146728515625284,0.8,0.8122489025435323,-0.17024731022198408,0.8298990458609969,-19.21668943250967,0
89,2.964090157154673,242.89703369140625,315.31292724609375,2.0,0.16981132075471697,242.8567626953125,315.3634887695313,0,0.8900259341833703,-0.1506139215433393,1.2,0.8607749565100355,-0.23704415639244378,0.8928177069450733,-7.206258537191149,0
90,2.997394540942928,243.14578247070312,315.27374267578125,2.0,0.16981132075471697,243.02701721191406,315.3077453613281,0,0.9189370785119308,-0.16007978331369088,1.6,0.8285995655038306,-0.20131170262197512,0.8527037243765829,-3.232969447708456e-14,0
91,3.030698924731183,243.16574096679688,315.27508544921875,2.0,0.16981132075471697,243.1831024169922,315.25092163085935,0,0.9454421133365258,-0.1697290960347999,2.0,0.7108897299860766,-0.13382398336867452,0.723376158526348,7.206258537191081,0
92,3.0640033085194376,243.29940795898438,315.2060241699219,2.0,0.16981132075471697,243.29701538085936,315.2563842773437,0,0.9647858241818952,-0.16880147682046953,2.0,0.6146218563633036,-0.031095512809206437,0.6154079600040455,2.402086179063673,0
93,3.0973076923076923,243.4075469970703,315.18682861328125,2.0,0.16981132075471697,243.36898193359374,315.28612060546874,0,0.9770065595518815,-0.16375191166716974,2.0,0.5522441082902345,0.1049753640991491,0.562132886610475,-2.402086179063706,0
94,3.130612076095947,243.4665985107422,315.3402404785156,2.0,0.16981132075471697,243.45947875976563,315.33299560546874,0,0.9923739451282358,-0.15579200600679144,1.6,0.5311569190593195,0.23701303598331372,0.5816380763762085,-7.206258537191114,0
95,3.163916459884202,243.505615234375,315.42242431640625,2.0,0.16981132075471697,243.56856384277344,315.4106872558594,0,1.0108978271484332,-0.1425990842423417,1.2,0.5885709618751916,0.2806002810198712,0.652037034892282,-9.60834471625482,0
96,3.1972208436724565,243.61822509765625,315.50946044921875,0.0,0.16981132075471697,243.70397033691407,315.48334350585935,0,1.0338913827572185,-0.13026123046876137,0.8,0.6939633394567535,0.2810857594024231,0.7487284692388865,-12.010430895318525,0
97,3.2305252274607112,243.84483337402344,315.594482421875,0.0,0.16981132075471697,243.87418518066406,315.53154907226565,0,1.0627957901864633,-0.12207537956957992,0.4,0.7934428393023913,0.24319977331966589,0.8298781048943136,-9.60834471625482,0
98,3.263829611248966,244.08457946777344,315.55010986328125,0.0,0.16981132075471697,244.04950256347655,315.5617614746094,0,1.0925666665131146,-0.11694497162441309,0.0,0.8619046273616704,0.19434073097534754,0.8835428152520354,-7.206258537191114,0
99,3.2971339950372207,244.3176727294922,315.5812683105469,0.0,0.16981132075471697,244.2375518798828,315.571484375,0,1.1244995692990827,-0.1152939130675179,0.0,0.9047885511517176,0.1577555779945918,0.9184384272686069,-4.80417235812741,0
100,3.3304383788254754,244.3822021484375,315.573486328125,0.0,0.16981132075471697,244.4137725830078,315.60126342773435,0,1.154423839641062,-0.11023709279187699,0.0,0.898271937478553,0.17303569888055934,0.9147862191509867,-2.402086179063705,0
101,3.36374276261373,244.5584716796875,315.5580749511719,0.0,0.16981132075471697,244.5912322998047,315.63804321289064,0,1.1845585085310972,-0.10399146889741218,0.0,0.9380500444367973,0.17350872909939913,0.9539618257255194,0.0,0
102,3.397047146401985,244.72593688964844,315.7433776855469,0.0,0.16981132075471697,244.75505676269532,315.70123291015625,0,1.2123777569464878,-0.09326114294664478,0.0,0.9697897497150425,0.23913544788638608,0.998838285754099,0.0,0
103,3.4303515301902396,244.9718780517578,315.7340087890625,0.0,0.16981132075471697,244.9693817138672,315.7319091796875,0,1.2487725599756772,-0.08805196510171953,0.0,1.010283626083424,0.25679939211231273,1.0424101558031393,0.0,0
104,3.4636559139784944,245.1367950439453,315.897216796875,0.0,0.16981132075471697,245.1885559082031,315.8059875488281,0,1.285990819391209,-0.07547261939859595,0.0,1.0255575228875995,0.2620774135018228,1.0585144323150038,0.0,0
105,3.496960297766749,245.45382690429688,315.72686767578125,0.0,0.16981132075471697,245.40448608398438,315.85308837890625,0,1.322658207731422,-0.0674743652343821,0.0,1.032379116570323,0.2068137909572792,1.0528905852274688,0.0,0
106,3.530264681555004,245.6543426513672,315.928466796875,0.0,0.16981132075471697,245.596923828125,315.8950439453125,0,1.3553363152269995,-0.060349835089922976,0.0,0.9377699607545347,0.23090098762893524,0.9657783210352049,0.0,0
107,3.5635690653432586,245.8055877685547,315.9788818359375,0.0,0.16981132075471697,245.76743774414064,315.90404052734374,0,1.3842915085126748,-0.058822113612919225,0.0,0.8125601066348856,0.12978455426273422,0.8228596219402635,0.0,0
108,3.5968734491315133,245.93406677246094,315.94378662109375,0.0,0.16981132075471697,245.88898620605468,315.9583374023438,0,1.4049318133660051,-0.04960188955631395,0.0,0.7461024729239882,0.05186527386680902,0.7479030062358151,0.0,0
109,3.630177832919768,245.98936462402344,315.94219970703125,0.0,0.16981132075471697,245.9853759765625,315.9332580566406,0,1.4212998876031762,-0.05386064637382759,0.0,0.7059322488106271,0.009317450495408889,0.7059937356624091,0.0,0
110,3.663482216708023,246.0615692138672,315.99835205078125,0.0,0.16981132075471697,246.13613586425782,315.90394897460936,0,1.4469006232495545,-0.05883766030366644,0.0,0.7020670939958443,0.030958583008972213,0.7027493424640774,0.0,0
111,3.696786600496278,246.13629150390625,315.8030700683594,0.0,0.16981132075471697,246.2891815185547,315.9041809082031,0,1.472889507941474,-0.05879827535378723,0.0,0.7479572493085099,0.002433615994466398,0.7479612084058644,0.0,0
112,3.7300909842845327,246.55938720703125,315.83233642578125,0.0,0.16981132075471697,246.45590515136718,315.9343994140625,0,1.5012010682303867,-0.05366683096256253,0.0,0.7987893255920385,0.10585295963677539,0.8057724466272401,0.0,0
113,3.7633953680727874,246.6992950439453,315.9449462890625,0.0,0.16981132075471697,246.62245483398436,315.9607238769531,0,1.5294830898068952,-0.049196639150949295,0.0,0.7290329285125947,0.1885647830397015,0.7530243609993369,0.0,0
114,3.796699751861042,246.82298278808594,316.0932922363281,0.0,0.16981132075471697,246.76869201660156,316.037060546875,0,1.5543158189305686,-0.036233808409498636,0.0,0.6511790009759761,0.21736983373642743,0.6865010822501829,0.0,0
115,3.830004135649297,246.89431762695312,316.1299743652344,0.0,0.16981132075471697,246.85104675292968,316.0888610839844,0,1.5683005854768481,-0.02743749078715041,0.0,0.5458364160490066,0.17693197410447295,0.5737964068776747,0.0,0
116,3.8633085194375516,246.8674774169922,316.18475341796875,0.0,0.16981132075471697,246.92774658203126,316.1173400878906,0,1.5813250847582552,-0.022601433520051728,0.0,0.43568572791049187,0.12588205495698587,0.45350672019837673,0.0,0
117,3.8966129032258063,246.97116088867188,316.0913391113281,0.0,0.16981132075471697,246.9911682128906,316.1079040527344,0,1.5920947956588947,-0.02420377911261795,0.0,0.37437852191166604,0.011178450961807512,0.3745453716636602,0.0,0
118,3.929917287014061,247.08279418945312,316.08734130859375,0.0,0.16981132075471697,247.04970092773436,316.08416748046875,0,1.602034313273876,-0.028234517799241132,0.0,0.373401341064813,-0.06224081827292131,0.3785531415379928,0.0,0
119,3.963221670802316,247.1400909423828,316.0461120605469,0.0,0.16981132075471697,247.1358184814453,316.0480224609375,0,1.6166580488096969,-0.03437235130454752,0.0,0.3751907645900702,-0.13969951661359117,0.4003549235063215,0.0,0
120,3.9965260545905705,247.18698120117188,316.01129150390625,0.0,0.16981132075471697,247.21721496582032,316.0278259277344,0,1.6304800933262058,-0.037801951282432356,0.0,0.3913640412183784,-0.18090293831027499,0.43115158105714024,0.0,0
121,4.029830438378825,247.29806518554688,316.0040283203125,0.0,0.16981132075471697,247.29566955566406,315.9803466796875,0,1.6438025708468373,-0.04586446510171527,0.0,0.4494129403805792,-0.21115197599090174,0.4965452123889429,0.0,0
122,4.06313482216708,247.37814331054688,315.9903564453125,0.0,0.16981132075471697,247.374951171875,315.9305053710938,0,1.6572654868071908,-0.05432808354215979,0.0,0.5005499966736241,-0.19969344134683142,0.538913508540012,0.0,0
123,4.096439205955335,247.47506713867188,315.8499450683594,0.0,0.16981132075471697,247.49040832519532,315.8771057128906,0,1.6768714185030902,-0.06339595002948784,0.0,0.5831995792582463,-0.23057733537391484,0.6271265078396306,0.0,0
124,4.1297435897435895,247.5364990234375,315.7969055175781,0.0,0.16981132075471697,247.62667236328124,315.852197265625,0,1.700010594781837,-0.06762568635760857,0.0,0.6904560693470819,-0.285293238717645,0.7470755087380563,2.402086179063705,0
125,4.163047973531844,247.76426696777344,315.7442932128906,0.0,0.16981132075471697,247.78911743164062,315.8017150878906,0,1.7275956063900324,-0.07619813163326228,0.0,0.8262032940003324,-0.35170419181486534,0.8979463912490252,4.80417235812741,0
126,4.196352357320099,247.97938537597656,315.8794860839844,0.0,0.16981132075471697,247.97275085449218,315.70057983398436,0,1.7587786404591625,-0.09337204267394839,0.4,0.9080530820701345,-0.46423559125229374,1.0198407150346749,7.206258537191114,0
127,4.229656741108354,248.19036865234375,315.7379455566406,0.0,0.16981132075471697,248.18515014648438,315.5856140136719,0,1.7948464447597274,-0.11289454046286096,0.8,0.9221226190407037,-0.5924641250581878,1.0960492069371022,7.206258537191114,0
128,4.262961124896608,248.3932342529297,315.3442687988281,2.0,0.16981132075471697,248.38087158203126,315.42186279296874,0,1.8280821602299469,-0.14070135152565655,1.2,0.8717729090988524,-0.6323044728346938,1.076938694357964,7.206258537191114,0
129,4.296265508684863,248.59849548339844,315.2220764160156,2.0,0.16981132075471697,248.5309326171875,315.2712097167969,0,1.853564222803648,-0.16628394936616075,1.2,0.7660288708940567,-0.520538635461952,0.9261537140517304,2.402086179063705,0
130,4.329569892473118,248.7428741455078,314.925537109375,2.0,0.16981132075471697,248.64400329589844,315.18165893554686,0,1.8727649040941898,-0.18149068580484595,1.2,0.6232142013259105,-0.40054456191359417,0.7408318883612163,0.0,0
131,4.362874276261373,248.7296905517578,315.126220703125,0.0,0.16981132075471697,248.72394104003905,315.19012451171875,0,1.886339238004858,-0.18005313513414478,0.8,0.4904483118679395,-0.18321207266817502,0.5235515353673221,-2.402086179063704,0
132,4.396178660049627,248.75572204589844,315.2901916503906,0.0,0.16981132075471697,248.79629211425782,315.1928283691406,0,1.8986252694759713,-0.17959398953420447,0.8,0.414835053789082,3.112040913084146e-05,0.4148350549563891,-2.402086179063704,0
133,4.429483043837882,248.7929229736328,315.3865966796875,0.0,0.16981132075471697,248.8618194580078,315.24219970703126,0,1.9097525542637044,-0.17121017743956912,0.8,0.36914095705399613,0.10663096986521636,0.384233275379862,-2.402086179063704,0
134,4.462787427626137,248.9602508544922,315.235595703125,2.0,0.16981132075471697,248.93773193359374,315.271240234375,0,1.9226433520047124,-0.16627876713591405,0.8,0.3538359398406898,0.13747129531941424,0.3796027257011491,0.0,0
135,4.4960918114143915,249.0705108642578,315.1723937988281,2.0,0.16981132075471697,249.00599365234376,315.2862243652344,0,1.9342349646226396,-0.163734292084321,0.8,0.3130713159128402,0.22882836838041243,0.3877835362970418,-2.402086179063705,0
136,4.529396195202646,249.1092529296875,315.27142333984375,0.0,0.16981132075471697,249.0709228515625,315.32493286132814,0,1.9452606776975188,-0.1571611512382134,0.8,0.252439422792226,0.291318149926423,0.3854762335815609,-4.80417235812741,0
137,4.562700578990901,249.09703063964844,315.3651123046875,0.0,0.16981132075471697,249.10329895019532,315.41722412109374,0,1.9507585057672472,-0.14148905052329752,0.4,0.18348593226856041,0.3139115669595006,0.3636035742555782,-4.80417235812741,0
138,4.596004962779156,249.11756896972656,315.58013916015625,0.0,0.16981132075471697,249.10936889648437,315.5278747558594,0,1.9517892513634933,-0.1226993200913995,0.0,0.15449415911704842,0.310326495827023,0.3466568609065212,-4.80417235812741,0
139,4.62930934656741,249.12213134765625,315.6970520019531,0.0,0.16981132075471697,249.11766357421874,315.5790710449219,0,1.9531977815448016,-0.11400561062795589,0.0,0.15757507962159778,0.24500475704950966,0.2913026548019124,-4.80417235812741,0
140,4.662613730355666,249.10086059570312,315.72564697265625,0.0,0.16981132075471697,249.1574951171875,315.5905395507813,0,1.959961628464029,-0.11205812850088392,0.0,0.2282433046885896,0.09722638222416442,0.2480886445115287,-2.402086179063705,0
141,4.695918114143921,249.15072631835938,315.52740478515625,0.0,0.16981132075471697,249.22544555664064,315.5651916503906,0,1.9715003823334314,-0.11636248894458845,0.0,0.3410610118902008,-0.061861149281474306,0.346625757297395,0.0,0
142,4.7292224979321755,249.2961883544922,315.4224548339844,0.0,0.16981132075471697,249.32712097167968,315.5125671386719,0,1.9887660188494891,-0.12529872678361187,0.0,0.44511832391979844,-0.11535713258705411,0.45982343386117003,0.0,0
143,4.76252688172043,249.4573211669922,315.4533996582031,0.0,0.16981132075471697,249.4438232421875,315.4672119140625,0,2.0085833855395023,-0.13300055737766314,0.0,0.5086350789672982,-0.11721813305345281,0.5219671773901178,0.0,0
144,4.795831265508685,249.63050842285156,315.4339294433594,0.0,0.16981132075471697,249.55415954589844,315.4659484863281,0,2.02731973899985,-0.13321510170991502,0.0,0.5402938711817776,-0.13231153148455005,0.5562587604706809,2.402086179063705,0
145,4.82913564929694,249.6843719482422,315.4988708496094,0.0,0.16981132075471697,249.65627746582032,315.4755920410156,0,2.04466051785451,-0.13157751695165842,0.0,0.5117128874308875,-0.11935299312019458,0.5254476340508208,2.402086179063705,0
146,4.8624400330851945,249.70240783691406,315.5210876464844,0.0,0.16981132075471697,249.7552734375,315.43544311523436,0,2.0614711545548303,-0.13839525906545447,0.4,0.4655675447633407,-0.12328038875319636,0.48161311546520874,2.402086179063705,0
147,4.895744416873449,249.80677795410156,315.4706726074219,0.0,0.16981132075471697,249.82892150878905,315.39552612304686,0,2.0739774308114605,-0.1451736162293713,0.4,0.42544088922273715,-0.197241153106904,0.46893925267733183,4.80417235812741,0
148,4.929048800661704,249.95230102539062,315.2526550292969,2.0,0.16981132075471697,249.90037231445314,315.3463195800781,0,2.086110586490271,-0.1535294442806716,0.4,0.36933079154969845,-0.2875463563390754,0.46806852129854376,7.206258537191114,0
149,4.962353184449959,249.99874877929688,315.2343444824219,0.0,0.16981132075471697,249.9713592529297,315.27252807617185,0,2.098164972269302,-0.16606007701946623,0.8,0.31608377151720796,-0.25994255343503836,0.40924208202831525,2.402086179063705,0
150,4.995657568238213,250.0416259765625,315.2528381347656,0.0,0.16981132075471697,250.0184539794922,315.19361572265626,0,2.106162189987465,-0.17946028799381253,1.2,0.34074047167609894,-0.2750857445208559,0.43792263686254446,4.804172358127409,0
151,5.028961952026468,250.05734252929688,315.1521301269531,2.0,0.16981132075471697,250.065234375,315.1805358886719,0,2.114106030734071,-0.18168139187795163,0.8,0.453601747450297,-0.296496586006706,0.5419084524194054,7.206258537191116,0
152,5.062266335814723,250.04225158691406,315.07611083984375,2.0,0.16981132075471697,250.1630615234375,315.1257690429687,0,2.130718188015919,-0.19098142228037318,1.2,0.6147774584090454,-0.25826205134167496,0.6668212733042457,4.80417235812741,0
153,5.095570719602978,250.1862030029297,315.187255859375,0.0,0.16981132075471697,250.34518737792968,315.05556640625,0,2.1616452199108096,-0.20290262474204468,1.6,0.8311856715030785,-0.18399630697845107,0.851307383671569,2.402086179063706,0
154,5.128875103391232,250.48788452148438,314.96051025390625,2.0,0.16981132075471697,250.57422790527343,315.01926879882814,0,2.2005388943654154,-0.2090663693985917,1.6,1.0438065308052624,-0.1884963181395625,1.0606898395402344,7.206258537191114,0
155,5.162179487179487,250.95225524902344,314.9018249511719,2.0,0.16981132075471697,250.8335388183594,315.01318359375,0,2.244572823002649,-0.21009970610997186,1.6,1.1573275592532135,-0.09445044172917431,1.1611752517815028,4.80417235812741,0
156,5.195483870967742,251.20254516601562,314.97064208984375,2.0,0.16981132075471697,251.0888214111328,314.9956909179688,0,2.287922697247197,-0.21307016048791638,2.0,1.1203191687081673,-0.016836141342807635,1.1204456682188004,2.402086179063704,0
157,5.2287882547559965,251.33880615234375,315.0456848144531,2.0,0.16981132075471697,251.2979705810547,315.03314819335935,0,2.323438594026385,-0.20670949108196623,2.0,1.0074018761973718,-0.01952494469219763,1.0075910696464208,2.402086179063704,0
158,5.262092638544251,251.46261596679688,315.09979248046875,2.0,0.16981132075471697,251.4438049316406,315.0390563964844,0,2.348202917710786,-0.20570621130601552,2.0,0.8500788718898221,-0.06870141520965893,0.8528504985548655,2.402086179063704,0
159,5.295397022332506,251.53363037109375,315.1477966308594,2.0,0.16981132075471697,251.56211547851564,315.0001220703125,0,2.368293387934841,-0.21231770065595867,2.0,0.744633589612708,-0.056589351973755884,0.7467807827845575,-2.402086179063704,0
160,5.328701406120761,251.68142700195312,314.9313659667969,2.0,0.16981132075471697,251.66715087890626,314.94581298828126,0,2.3861295880011753,-0.22153999760466547,2.0,0.6673865100542046,-0.07219312511474377,0.6712798232601394,-4.80417235812741,0
161,5.362005789909015,251.79409790039062,314.7759704589844,2.0,0.16981132075471697,251.81903076171875,314.94019775390626,0,2.411920511497634,-0.22249352797022937,1.6,0.6283677410788975,-0.01457679963954256,0.6285367937649535,-4.80417235812741,0
162,5.39531017369727,251.86398315429688,314.7741394042969,2.0,0.16981132075471697,251.95242919921876,314.962353515625,0,2.4345730763561306,-0.21873122881044083,1.2,0.6074423779755566,0.11482808563174438,0.6182003977760369,-4.80417235812741,0
163,5.428614557485525,252.22201538085938,315.07171630859375,0.0,0.16981132075471697,252.06000061035155,315.02476196289064,0,2.4528399197560375,-0.2081335679540146,1.2,0.6363158935723361,0.26620397975332166,0.6897553734834311,-4.80417235812741,0
164,5.46191894127378,252.20062255859375,315.2585754394531,0.0,0.16981132075471697,252.1577911376953,315.11272583007815,0,2.4694458583615813,-0.1931963074882077,1.2,0.58379086703186,0.3097165358079054,0.6608601281531974,0.0,0
165,5.495223325062034,252.2192840576172,315.243408203125,2.0,0.16981132075471697,252.2911407470703,315.2068603515625,0,2.492090131651672,-0.1772112000663384,1.2,0.568937095750972,0.2660048091348246,0.6280509353582758,4.80417235812741,0
166,5.528527708850289,252.28305053710938,315.2157897949219,2.0,0.16981132075471697,252.39151306152343,315.24391479492186,0,2.509134486936169,-0.17091893609965325,1.6,0.5753883565650003,0.16964979836653643,0.5998773332577073,4.80417235812741,0
167,5.561832092638544,252.53073120117188,315.24481201171875,2.0,0.16981132075471697,252.51034545898438,315.22320556640625,0,2.5293135732974577,-0.1744355975457026,2.0,0.5759205155612271,0.04215570621624077,0.5774612920455359,4.80417235812741,0
168,5.595136476426799,252.723876953125,315.2569885253906,2.0,0.16981132075471697,252.6242431640625,315.1911254882813,0,2.548654693027707,-0.17988315798201882,2.0,0.5435895225093682,-0.17316640459896004,0.570505190742112,4.80417235812741,0
169,5.628440860215053,252.79478454589844,315.155029296875,2.0,0.16981132075471697,252.7225555419922,315.15406494140626,0,2.5653492477704845,-0.18617645839475472,2.0,0.5418934602114179,-0.41695124161036234,0.6837374204329659,4.804172358127408,0
170,5.661745244003308,252.7887725830078,315.0830078125,2.0,0.16981132075471697,252.82420043945314,315.03704833984375,0,2.5826097020563026,-0.2060472020563182,2.0,0.52548989255561,-0.6187048540420472,0.8117483129599331,4.804172358127408,0
171,5.695049627791563,252.7746124267578,315.0304870605469,2.0,0.16981132075471697,252.92290954589845,314.8350402832031,0,2.599371625792301,-0.2403504569575574,2.4,0.5365376377990594,-0.8110414306690537,0.972450944282898,7.206258537191116,0
172,5.7283540115798175,253.03895568847656,314.65972900390625,2.0,0.16981132075471697,253.0256561279297,314.6164855957031,0,2.6168191585900615,-0.2774635170990649,2.8,0.5947825955388399,-1.0156332244139905,1.1769779872578239,45.63963740221039,0
173,5.761658395368072,253.21742248535156,314.2469482421875,4.0,0.16981132075471697,253.1503875732422,314.3957946777344,0,2.6379999700582246,-0.3149393333579056,3.2,0.6429227564320186,-1.0639258753119485,1.243096110080166,100.8876195206756,0
174,5.794962779156327,253.3085174560547,314.062255859375,4.0,0.16981132075471697,253.30581665039062,314.15810546875,0,2.6643935869324835,-0.35530165186468565,9.6,0.6882900888711666,-0.9541019514693717,1.1764581506521776,151.3314292810134,0
175,5.828267162944582,253.4124298095703,313.97955322265625,4.0,0.16981132075471697,253.4546691894531,313.9937316894531,0,2.6896704331883754,-0.38321418042453814,18.8,0.7257217169805028,-0.7965393200114421,1.0775652642979077,201.7752390413512,0
176,5.861571546732836,253.5517578125,313.842041015625,34.0,0.16981132075471697,253.59786682128907,313.8994201660156,0,2.7139870121793876,-0.3992293447818511,27.6,0.7155142227837137,-0.6230305909120003,0.9487506101278345,252.21904880168904,0
177,5.894875930521091,253.78321838378906,313.8378601074219,48.0,0.16981132075471697,253.73731994628906,313.8353759765625,0,2.7376677315190108,-0.4101047731795475,36.4,0.6465140516463708,-0.39710264466314393,0.7587298131579313,230.60027319011527,0
178,5.928180314309346,253.93341064453125,313.775390625,48.0,0.16981132075471697,253.85204162597657,313.7848327636719,0,2.7571487714659426,-0.41868758291568753,45.2,0.5895885992539679,-0.22429723681016972,0.6308121485917446,177.75437725071373,0
179,5.9614846980976015,254.0057830810547,313.7420349121094,48.0,0.16981132075471697,253.93980712890624,313.76869506835936,0,2.7720523474351353,-0.42142794627064717,48.00000000000001,0.545151767047998,-0.07084872344006968,0.5497362919879332,127.31056749037592,0
180,5.994789081885856,253.9860382080078,313.7268371582031,48.0,0.16981132075471697,254.0328369140625,313.773779296875,0,2.787849858122044,-0.42056458671139296,48.400000000000006,0.502146473662302,0.06796074947222619,0.5067245252406002,76.86675773003815,0
181,6.028093465674111,253.99058532714844,313.7613525390625,48.0,0.16981132075471697,254.13245849609376,313.82994384765624,0,2.804766730542447,-0.4110272101636312,48.800000000000004,0.47186631557254444,0.18121414240162634,0.5054665025284713,26.422947969700296,0
182,6.061397849462366,254.2483673095703,313.86328125,50.0,0.16981132075471697,254.2297393798828,313.9020202636719,0,2.8212861259028514,-0.39878781876474534,49.2,0.4656328976225197,0.23419352691556566,0.5212107092122107,12.01043089531848,0
183,6.09470223325062,254.4315185546875,314.05621337890625,50.0,0.16981132075471697,254.31476745605468,313.96253662109376,0,2.8357248558188317,-0.38851145618367156,49.6,0.43577597709700966,0.23686988210132895,0.4959919790294506,9.608344716254784,0
184,6.128006617038875,254.4921875,314.1024169921875,50.0,0.16981132075471697,254.39642028808595,313.99835205078125,0,2.849590431069423,-0.38242959076504235,50.0,0.406133787394498,0.1440065812380829,0.43090897960390645,9.608344716254784,0
185,6.16131100082713,254.4111785888672,314.0294189453125,50.0,0.16981132075471697,254.46017150878907,314.0060607910156,0,2.8604161100567467,-0.3811205594044864,50.0,0.36751647169705964,0.033790540240346556,0.3690666031739937,9.608344716254784,0
186,6.194615384615385,254.3988494873047,313.9404296875,50.0,0.16981132075471697,254.53072509765624,313.9711608886719,0,2.872396908166266,-0.3870469579156932,50.4,0.35351228758566944,-0.032900496539093924,0.3550399697873072,9.608344716254827,0
187,6.227919768403639,254.56712341308594,313.9018249511719,50.0,0.16981132075471697,254.59013671875,313.93515625,0,2.882485674012372,-0.3931609531618605,50.8,0.34040748329828385,-0.046587252477298495,0.3435805972095266,9.608344716254827,0
188,6.261224152191894,254.78428649902344,313.8817138671875,52.0,0.16981132075471697,254.66143188476562,313.9302734375,0,2.894592400316917,-0.3939901100014822,51.2,0.3298047599055034,-0.06208521622726717,0.33559760686022966,12.010430895318523,0
189,6.294528535980149,254.78924560546875,313.9223937988281,52.0,0.16981132075471697,254.73023376464843,313.9526672363281,0,2.9062757384102227,-0.3901873894457637,51.6,0.28121335307982115,-0.01725315482526314,0.2817421184378024,9.608344716254827,0
190,6.327832919768404,254.7676544189453,314.0050048828125,52.0,0.16981132075471697,254.78358764648436,313.94517822265624,0,2.915335831552177,-0.39145910874853485,52.0,0.25858259155582064,-0.014085097175155981,0.2589659178698192,7.206258537191131,0
191,6.361137303556658,254.74285888671875,314.0523986816406,52.0,0.16981132075471697,254.80649108886718,313.95424194335936,0,2.9192250953530277,-0.3899199863649869,52.0,0.21629617962113654,-0.10572225391837428,0.24075139104952265,4.804172358127392,0
192,6.394441687344913,254.83389282226562,313.8643798828125,52.0,0.16981132075471697,254.84371032714844,313.9213439941406,0,2.925545343363055,-0.3955064305719418,52.0,0.19229300805420624,-0.25592179657460146,0.32011336571362764,2.402086179063696,0
193,6.427746071133168,254.8988037109375,313.9270324707031,52.0,0.16981132075471697,254.8735382080078,313.82659912109375,0,2.930610455207095,-0.4115951825987665,52.0,0.1774547969779477,-0.3014136106503156,0.34977188231152123,0.0,0
194,6.4610504549214225,254.975341796875,313.7579040527344,52.0,0.16981132075471697,254.9188018798828,313.7017028808594,0,2.938296739110399,-0.4328039781102646,52.0,0.18928055244983857,-0.34966891705730807,0.39761222201002155,0.0,0
195,6.494354838709677,254.9167938232422,313.5312805175781,52.0,0.16981132075471697,254.95760498046874,313.64960327148435,0,2.944885944870279,-0.4416510815890433,52.0,0.14576177231337736,-0.3646129375246286,0.39266918452849797,0.0,0
196,6.527659222497932,254.96917724609375,313.42791748046875,52.0,0.16981132075471697,254.99210510253906,313.61134643554686,0,2.950744456165239,-0.4481475254274869,52.0,0.10111954540716102,-0.2988243926101528,0.3154697768125778,0.0,0
197,6.560963606286187,255.0279083251953,313.6038818359375,52.0,0.16981132075471697,254.9866485595703,313.5637939453125,0,2.9498178733969596,-0.45622247659935766,52.0,0.01381434961568791,-0.17050249757686614,0.17106121107736172,0.0,0
198,6.594267990074441,255.07130432128906,313.7357482910156,52.0,0.16981132075471697,254.9726989746094,313.5335632324219,0,2.9474490759507646,-0.4613559938826697,52.0,-0.08289232177587681,-0.20895487510581295,0.22479607834631232,0.0,0
199,6.627572373862696,254.94805908203125,313.5201416015625,52.0,0.16981132075471697,254.9323486328125,313.5345031738281,0,2.940597131117329,-0.4611963811910442,52.0,-0.1879548230205837,-0.3184924911843778,0.36981682281574196,0.0,0
200,6.660876757650951,254.8470458984375,313.380126953125,52.0,0.16981132075471697,254.876318359375,313.4446960449219,0,2.9310825563826626,-0.47644664836379746,52.0,-0.22177959571102104,-0.3741482308840382,0.434940326651139,0.0,0
201,6.694181141439206,254.76742553710938,313.4326171875,52.0,0.16981132075471697,254.80779113769532,313.2990234375,0,2.919445858361584,-0.5011835062278962,52.0,-0.20277124981046346,-0.42251557076396995,0.4686529497268748,0.0,0
202,6.72748552522746,254.7477569580078,313.15484619140625,52.0,0.16981132075471697,254.7691650390625,313.1968933105469,0,2.9128867095371405,-0.5185263579746504,52.0,-0.13484784482920326,-0.5136548009610097,0.5310604445874079,0.0,0
203,6.760789909015715,254.72866821289062,313.00738525390625,52.0,0.16981132075471697,254.77385559082032,313.1192321777344,0,2.913683218326206,-0.5317140975088535,52.0,-0.04387355280056969,-0.4539969766464164,0.45611198563448335,0.0,0
204,6.79409429280397,254.7549285888672,313.0094909667969,52.0,0.16981132075471697,254.80011291503905,313.0307983398437,0,2.918142009231275,-0.5467311643204695,52.0,0.06454061650806928,-0.3051791801558285,0.311929195779788,0.0,0
205,6.8273986765922245,254.87049865722656,312.9918212890625,52.0,0.16981132075471697,254.8332946777344,312.99949340820314,0,2.9237766481795404,-0.5520470961084953,52.0,0.13679598244116004,-0.19930132419175736,0.24173158386241161,0.0,0
206,6.860703060380479,254.89871215820312,312.9904479980469,52.0,0.16981132075471697,254.87108154296874,312.999755859375,0,2.9301932856721606,-0.5520025289283694,52.0,0.1662607858115534,-0.11467248358604754,0.20197135289557175,2.402086179063696,0
207,6.894007444168734,254.91366577148438,312.9983215332031,52.0,0.16981132075471697,254.90331115722657,313.00145263671874,0,2.935666239036699,-0.5517143969265987,52.0,0.17927534091242117,-0.02334030685234549,0.18078832313848833,4.804172358127392,0
208,6.927311827956989,254.9176025390625,313.0086975097656,52.0,0.16981132075471697,254.93689575195313,313.00678100585935,0,2.9413692834242298,-0.5508095795253638,52.4,0.17095374350932718,0.012939866118894017,0.17144276757865212,7.206258537191131,0
209,6.9606162117452435,254.91607666015625,313.0179748535156,52.0,0.16981132075471697,254.97591552734374,313.00791015625,0,2.9479952830188623,-0.5506178370062003,52.8,0.13732502939651212,-0.04152707395170415,0.14346658694533448,7.206258537191131,0
210,6.993920595533498,255.03842163085938,313.0184631347656,54.0,0.16981132075471697,255.00093688964844,313.0121826171875,0,2.952244193598908,-0.5498923247715339,53.2,0.09077512141013651,-0.10312058771458474,0.13738259816158083,7.206258537191131,0
211,7.027224979321753,255.09381103515625,312.99609375,54.0,0.16981132075471697,255.00574645996093,312.959033203125,0,2.9530609130859347,-0.5589176969708234,53.2,0.025854835910577252,-0.18062285462805483,0.18246393658460378,2.402086179063696,0
212,7.060529363110008,255.0387725830078,313.0196838378906,54.0,0.16981132075471697,254.99232788085936,312.90032958984375,0,2.9507822864460422,-0.5688862350751833,53.2,-0.05498042682140618,-0.2623263767748695,0.2680260720252692,-2.402086179063696,0
213,7.093833746898262,254.941650390625,312.7429504394531,52.0,0.16981132075471697,254.96224975585938,312.82965698242185,0,2.945674680313971,-0.5808872438826782,52.8,-0.0643850144624578,-0.37599678318672514,0.3814695414500299,-4.804172358127435,0
214,7.127138130686517,254.84898376464844,312.7244567871094,52.0,0.16981132075471697,254.9220001220703,312.75066528320315,0,2.9388398368403514,-0.5943009286556631,52.4,0.006846490010019646,-0.3619552545843267,0.3620200004787885,-2.4020861790637387,0
215,7.160442514474772,254.88803100585938,312.66510009765625,52.0,0.16981132075471697,254.93779907226562,312.6434692382812,0,2.9415226774395578,-0.6125040306235334,52.4,0.13496610238393453,-0.3374572685121352,0.3634463603674991,0.0,0
216,7.193746898263027,254.89256286621094,312.60113525390625,52.0,0.16981132075471697,255.01246032714843,312.6040893554688,0,2.9542010037404154,-0.6191911805350827,52.8,0.28997374825170674,-0.2288034720530736,0.3693721747759106,7.206258537191131,0
217,7.227051282051281,255.11776733398438,312.48370361328125,54.0,0.16981132075471697,255.1246795654297,312.5694091796875,0,2.9732571008070394,-0.6250802669885047,53.2,0.4658165080364264,-0.05635906094613049,0.4692135578923309,14.412517074382091,0
218,7.260355665839536,255.31495666503906,312.5460510253906,54.0,0.16981132075471697,255.2466064453125,312.60528564453125,0,2.993961665315439,-0.6189880371093821,54.0,0.5321247637835022,0.13625759936309612,0.549293088993337,14.412517074382091,0
219,7.293660049627792,255.4100799560547,312.5510559082031,54.0,0.16981132075471697,255.37879333496093,312.6953979492188,0,3.016408495633101,-0.6036859476341405,54.8,0.4918922988518794,0.22432835721921318,0.5406304149069469,12.010430895318397,0
220,7.326964433416046,255.49766540527344,312.844482421875,56.0,0.16981132075471697,255.4596160888672,312.77708740234374,0,3.030133114220959,-0.589814153707259,54.8,0.4063734145448743,0.3160215306989011,0.514790209613719,12.010430895318395,0
221,7.360268817204301,255.55349731445312,313.05169677734375,56.0,0.16981132075471697,255.49482421875,312.824072265625,0,3.0361118532576654,-0.5818355920179954,54.8,0.30939910763475886,0.27947994629090295,0.4169374631571875,7.206258537191003,0
222,7.393573200992556,255.52188110351562,312.89215087890625,54.0,0.16981132075471697,255.52318115234374,312.8793090820312,0,3.04092718160377,-0.5724557552697647,55.2,0.22470180212895627,0.14724932787007847,0.2686508225153805,2.4020861790637387,0
223,7.426877584780811,255.49099731445312,312.7809753417969,54.0,0.16981132075471697,255.55001220703124,312.8793518066406,0,3.045483398437497,-0.5724485001474164,55.2,0.19314881930545336,0.06174911580857743,0.20277923883433377,4.804172358127435,0
224,7.460181968569065,255.55186462402344,312.8272399902344,56.0,0.16981132075471697,255.5991424560547,312.839794921875,0,3.053826270913177,-0.5791657069944023,55.2,0.221200756101034,-0.009367243150086094,0.22139900574280358,7.206258537191131,0
225,7.49348635235732,255.63182067871094,312.8446960449219,56.0,0.16981132075471697,255.6490234375,312.8376403808594,0,3.0622966262529445,-0.5795315724498877,55.6,0.24621222892403355,-0.12377209121749759,0.27557211803100334,4.804172358127392,0
226,7.526790736145575,255.7991485595703,312.8539123535156,56.0,0.16981132075471697,255.71174011230468,312.81488647460935,0,3.0729466276348703,-0.5833954433225372,56.0,0.24986265291573256,-0.1849050229252078,0.31083952905809686,4.804172358127392,0
227,7.5600951199338295,255.7712860107422,312.8813781738281,56.0,0.16981132075471697,255.7646240234375,312.7579345703125,0,3.0819269144310084,-0.5930665214106767,56.0,0.1918853306945028,-0.2045668974176408,0.28047744232793176,4.804172358127392,0
228,7.593399503722084,255.80458068847656,312.6672058105469,56.0,0.16981132075471697,255.79503479003907,312.6980285644531,0,3.0870910068727824,-0.6032392393868022,56.0,0.1358188015942643,-0.2645857184782199,0.2974093967734341,2.402086179063696,0
229,7.626703887510339,255.8162841796875,312.54248046875,56.0,0.16981132075471697,255.7873107910156,312.6391906738281,0,3.0857793843971066,-0.6132305793042505,56.0,0.06093998517104786,-0.26821435818349737,0.2750502203751761,0.0,0
230,7.660008271298594,255.78387451171875,312.545166015625,56.0,0.16981132075471697,255.78221130371094,312.57817993164065,0,3.0849134337227255,-0.6235908940153365,56.0,-0.005480304048924521,-0.2158573818523449,0.2159269391081569,0.0,0
231,7.6933126550868485,255.76052856445312,312.5597229003906,56.0,0.16981132075471697,255.77149963378906,312.55186767578124,0,3.083094470905806,-0.6280590129348553,56.0,-0.047676466797048164,-0.1570584808299162,0.16413534624465015,0.0,0
232,7.726617038875103,255.74578857421875,312.5763244628906,56.0,0.16981132075471697,255.75924987792968,312.5462585449219,0,3.0810143236844,-0.6290115068543685,56.0,-0.04924804745847501,-0.09934879412727979,0.11088531495656595,0.0,0
233,7.759921422663358,255.7510223388672,312.53564453125,56.0,0.16981132075471697,255.74828186035157,312.54401245117185,0,3.079151830133398,-0.6293929190006011,56.0,-0.06481447610854005,-0.0408050804597324,0.07658962661189662,0.0,0
234,7.793225806451613,255.75503540039062,312.5144348144531,56.0,0.16981132075471697,255.7390167236328,312.54176635742186,0,3.0775785050302105,-0.6297743311468267,56.0,-0.083570746695091,-0.008215788012032097,0.08397362011866413,0.0,0
235,7.826530190239867,255.72903442382812,312.533935546875,56.0,0.16981132075471697,255.71865234375,312.5381652832031,0,3.074120402785958,-0.6303858343160442,56.0,-0.10507806144929362,0.008122426784639614,0.1053915215508978,0.0,0
236,7.859834574028122,255.71420288085938,312.5484924316406,56.0,0.16981132075471697,255.68954772949218,312.54381103515624,0,3.0691781097987842,-0.6294271217202336,56.0,-0.12353557610812035,0.01722825849800968,0.12473111662788657,0.0,0
237,7.893138957816377,255.6439666748047,312.5583190917969,56.0,0.16981132075471697,255.6562072753906,312.5542236328125,0,3.0635165232532344,-0.6276589447597303,56.0,-0.14038105357363737,0.023352755016014894,0.14231019418608934,0.0,0
238,7.926443341604632,255.60549926757812,312.5638732910156,56.0,0.16981132075471697,255.62713928222655,312.5609069824219,0,3.058580448942358,-0.6265240363354962,56.0,-0.13078974347780076,0.028767706205760406,0.1339161600380248,0.0,0
239,7.959747725392886,255.5883331298828,312.5664978027344,56.0,0.16981132075471697,255.60135498046876,312.5646667480469,0,3.0542019826061306,-0.6258855855689944,56.0,-0.10050647334712584,0.02881127477856048,0.10455448693883124,0.0,0
240,7.993052109181141,255.5836944580078,312.5673522949219,56.0,0.16981132075471697,255.59039611816405,312.5663757324219,0,3.052341043724198,-0.6255953806751222,56.0,-0.05995346820139992,0.026402555111305494,0.06550964254048251,0.0,0
241,8.026356492969397,255.5852813720703,312.5672912597656,56.0,0.16981132075471697,255.5909881591797,312.5720642089844,0,3.052441578991001,-0.6246294129569634,56.0,-0.02149175454961594,0.02900422131518012,0.03609903555111807,0.0,0
242,8.05966087675765,255.58917236328125,312.5668640136719,56.0,0.16981132075471697,255.5974151611328,312.5801147460937,0,3.0535329566811527,-0.623262340617643,56.0,0.01387036635211503,0.03504780476946251,0.037692647584114385,0.0,0
243,8.092965260545906,255.60845947265625,312.5923156738281,56.0,0.16981132075471697,255.60606384277344,312.5893493652344,0,3.055001600733341,-0.621694197744695,56.0,0.03346066390353411,0.04322624829052881,0.054663740908757016,0.0,0
244,8.12626964433416,255.62046813964844,312.60675048828125,56.0,0.16981132075471697,255.61495666503907,312.5990356445312,0,3.0565117026275033,-0.6200493578641044,56.0,0.0372635779000127,0.041912967024943584,0.0560827160785239,0.0,0
245,8.159574028122416,255.62693786621094,312.613525390625,56.0,0.16981132075471697,255.62320861816406,312.6087646484375,0,3.0579129776864633,-0.6183972628611514,56.0,0.03252082754760379,0.03497311578761654,0.04775691627686003,0.0,0
246,8.19287841191067,255.62974548339844,312.61572265625,56.0,0.16981132075471697,255.62752990722657,312.6131652832031,0,3.0586467814895286,-0.6176499852594475,56.0,0.02093781126701033,0.01991706184731427,0.028897773154391786,0.0,0
247,8.226182795698925,255.63043212890625,312.6155090332031,56.0,0.16981132075471697,255.62930603027343,312.6144104003906,0,3.058948387289938,-0.6174385502653337,56.0,0.006641095309687808,0.0007593379829372041,0.006684365421241462,0.0,0
248,8.259487179487179,255.63006591796875,312.61431884765625,56.0,0.16981132075471697,255.62659606933593,312.6088806152344,0,3.058488205243954,-0.6183775703862082,56.0,-0.00807263413000472,-0.019954406338279967,0.021525467570069293,0.0,0
249,8.292791563275435,255.6293487548828,312.61297607421875,56.0,0.16981132075471697,255.62146911621093,312.5997802734375,0,3.0576175905623444,-0.6199229114460607,56.0,-0.019039466309688412,-0.03553328315197155,0.04031272117974605,0.0,0
250,8.326095947063688,255.61338806152344,312.58587646484375,56.0,0.16981132075471697,255.61529235839845,312.5891967773438,0,3.056568707160224,-0.6217201088959357,56.0,-0.022677442137718017,-0.05317855513243713,0.057811980660441,0.0,0
251,8.359400330851944,255.60411071777344,312.5702209472656,56.0,0.16981132075471697,255.60885925292968,312.5783203125,0,3.0554762930240216,-0.6235670557561974,56.0,-0.02049278941638389,-0.061157828035006155,0.0644998786667358,0.0,0
252,8.392704714640198,255.59954833984375,312.5625915527344,56.0,0.16981132075471697,255.60706787109376,312.5622619628906,0,3.0551720961084854,-0.6262939453125114,56.0,-0.027392184121913597,-0.05658312789187871,0.06286479231650668,0.0,0
253,8.426009098428453,255.597900390625,312.5599365234375,56.0,0.16981132075471697,255.60650024414062,312.5489074707031,0,3.0550757066258782,-0.6285616892688779,56.0,-0.024171221776296582,-0.024690932608854316,0.03455271502000819,0.0,0
254,8.459313482216707,255.62039184570312,312.5326843261719,56.0,0.16981132075471697,255.5946075439453,312.54429321289064,0,3.0530561914983707,-0.6293452424823158,56.0,-0.014993813121955584,0.021877647622940734,0.026522554504604036,0.0,0
255,8.492617866004963,255.6105499267578,312.51910400390625,56.0,0.16981132075471697,255.59158935546876,312.5649841308594,0,3.05254366892688,-0.6258316903744117,56.0,-0.013708540224583492,0.07575952400184463,0.07698980161083087,0.0,0
256,8.525922249793217,255.54464721679688,312.5471496582031,56.0,0.16981132075471697,255.59415588378906,312.5997741699219,0,3.0529794944907067,-0.6199239478921044,56.0,-0.01111309810262862,0.1260563292481444,0.1265452452404089,0.0,0
257,8.559226633581472,255.58445739746094,312.6660461425781,56.0,0.16981132075471697,255.5936248779297,312.6365539550781,0,3.052889323684404,-0.6136783239976467,56.0,0.01654049745604324,0.15883234415062902,0.15969126965641306,0.0,0
258,8.592531017369726,255.61073303222656,312.73388671875,56.0,0.16981132075471697,255.5956024169922,312.6725219726562,0,3.053225132204446,-0.6075705474277839,56.0,0.04987045564122013,0.14002316886861177,0.1486389927504579,0.0,0
259,8.625835401157982,255.61773681640625,312.7165832519531,56.0,0.16981132075471697,255.61082763671874,312.700048828125,0,3.0558105468749943,-0.6028961757444122,56.0,0.08508008653821299,0.09205417022567344,0.12534987587264326,0.0,0
260,8.659139784946236,255.6204376220703,312.6989440917969,56.0,0.16981132075471697,255.64049377441407,312.702294921875,0,3.0608481928987317,-0.6025147635981725,56.0,0.13945366538137743,0.043008405426570855,0.1459350805174598,0.0,0
261,8.692444168734491,255.6207733154297,312.6847839355469,56.0,0.16981132075471697,255.677587890625,312.69004516601564,0,3.0671471937647397,-0.6045949108195785,56.0,0.1991612823506465,-0.003006231522576057,0.19918396977548486,0.0,0
262,8.725748552522745,255.7327880859375,312.6772766113281,56.0,0.16981132075471697,255.73037719726562,312.67872924804686,0,3.076111415647105,-0.6065164817954098,56.0,0.2372371029291079,-0.05033414973726484,0.24251797796445843,0.0,0
263,8.759052936311,255.79620361328125,312.6726379394531,56.0,0.16981132075471697,255.79090576171876,312.66957397460936,0,3.0863898511202805,-0.608071150869705,56.0,0.24242487513209846,-0.06528439428650505,0.251061490914416,0.0,0
264,8.792357320099255,255.88168334960938,312.6600036621094,56.0,0.16981132075471697,255.84346923828124,312.65068969726565,0,3.0953157244988176,-0.611277914946939,56.0,0.22248914103928147,-0.04481961323837731,0.22695862092292288,0.0,0
265,8.82566170388751,255.92308044433594,312.6531677246094,56.0,0.16981132075471697,255.87822265625,312.6382751464844,0,3.1012172483048275,-0.61338604621168,56.0,0.1658033157972571,-0.011222019534608049,0.16618265027312595,0.0,0
266,8.858966087675764,255.8835906982422,312.5903625488281,56.0,0.16981132075471697,255.89576721191406,312.64609375,0,3.1041965124741964,-0.6120583588222388,56.0,0.09487990337525733,0.04047520412287793,0.10315249979174912,0.0,0
267,8.89227047146402,255.90655517578125,312.6152038574219,56.0,0.16981132075471697,255.89296875,312.667724609375,0,3.1037213019604906,-0.6083851940227092,56.0,0.04138703211059346,0.12453142920047693,0.13122866792601642,0.0,0
268,8.925574855252274,255.88392639160156,312.71173095703125,56.0,0.16981132075471697,255.88394775390626,312.7092651367187,0,3.102189434699291,-0.6013311422096237,56.0,-0.0021659804758725155,0.18743822422890136,0.1874507385248342,0.0,0
269,8.95887923904053,255.86769104003906,312.7681579589844,56.0,0.16981132075471697,255.8840545654297,312.77280883789064,0,3.102207572505158,-0.5905407023879761,56.0,-0.02569300978304597,0.2029486361425386,0.2045685207059684,0.0,0
270,8.992183622828783,255.8779754638672,312.8608703613281,56.0,0.16981132075471697,255.8760986328125,312.82208251953125,0,3.100856565079596,-0.5821734734301387,56.0,-0.022092378445981956,0.2014797528313001,0.20268735527003717,0.0,0
271,9.025488006617039,255.88412475585938,312.9080810546875,56.0,0.16981132075471697,255.87057189941407,312.84511108398436,0,3.0999180631817467,-0.5782629624852689,56.0,-0.012305009772565448,0.16573485089720338,0.1661910168072305,0.0,0
272,9.058792390405292,255.8667755126953,312.861572265625,56.0,0.16981132075471697,255.87130432128907,312.86530151367185,0,3.100042436707689,-0.5748343989534277,56.0,-0.03547726641558801,0.09128860816090267,0.09794001435714329,0.0,0
273,9.092096774193548,255.85629272460938,312.8268737792969,56.0,0.16981132075471697,255.87188110351562,312.8717895507813,0,3.100140380859372,-0.5737326568027754,56.0,-0.059825874523959,0.03653536032620578,0.07009969912005456,0.0,0
274,9.125401157981802,255.87135314941406,312.8691101074219,56.0,0.16981132075471697,255.8492645263672,312.8623291015625,0,3.0962998300228435,-0.5753391481795447,56.0,-0.09080312977839336,0.013132812655599263,0.09174791085250288,0.0,0
275,9.158705541770058,255.880859375,312.893310546875,56.0,0.16981132075471697,255.817431640625,312.85791015625,0,3.0908942456515263,-0.576089535119408,56.0,-0.13425344501467176,-0.003155609486395515,0.1342905259857825,0.0,0
276,9.192009925558311,255.7710418701172,312.86077880859375,56.0,0.16981132075471697,255.78152770996093,312.8579895019531,0,3.084797351765175,-0.5760760613207623,56.0,-0.17997243807709756,-0.002788388658659913,0.17999403761993468,0.0,0
277,9.225314309346567,255.70761108398438,312.8394775390625,56.0,0.16981132075471697,255.73965148925782,312.86220703125,0,3.077686295419369,-0.5753598771005315,56.0,-0.18268924979469975,-0.0031058168318450416,0.18271564817700528,0.0,0
278,9.25861869313482,255.67677307128906,312.8272705078125,56.0,0.16981132075471697,255.69539489746094,312.8690551757812,0,3.0701710251142345,-0.5741969846329695,56.0,-0.14562795455410252,-0.022948189697227794,0.14742496585718343,0.0,0
279,9.291923076923077,255.66197204589844,312.89019775390625,56.0,0.16981132075471697,255.67011413574218,312.8592834472656,0,3.0658780655770883,-0.5758563347582637,56.0,-0.08757283131002276,-0.054809264571122486,0.10331048478485136,0.0,0
280,9.325227460711332,255.65957641601562,312.92755126953125,56.0,0.16981132075471697,255.67462463378905,312.8354064941406,0,3.0666439992076846,-0.5799109117040189,56.0,-0.01007990051934946,-0.10119112234817333,0.10169192512959407,0.0,0
281,9.358531844499586,255.64463806152344,312.8119201660156,56.0,0.16981132075471697,255.69565124511718,312.8042419433594,0,3.0702145558483096,-0.5852030052329056,56.0,0.07531761419209466,-0.15492984484492384,0.17226723377143255,0.0,0
282,9.391836228287842,255.73016357421875,312.7200927734375,56.0,0.16981132075471697,255.72976684570312,312.7629760742187,0,3.07600777104215,-0.5922104169737707,56.0,0.1258696067933591,-0.1617576626095245,0.20496023840543218,0.0,0
283,9.425140612076095,255.7819061279297,312.67144775390625,56.0,0.16981132075471697,255.76925354003907,312.7171264648438,0,3.0827130587595803,-0.59999619969782,56.0,0.11699406610765958,-0.1314463841105512,0.17597091634739528,0.0,0
284,9.458444995864351,255.83255004882812,312.6838684082031,56.0,0.16981132075471697,255.79354553222657,312.7006591796875,0,3.086838114036702,-0.6027925311394569,56.0,0.04338496237718659,-0.06564539103244878,0.0786865447473264,0.0,0
285,9.491749379652605,255.8570098876953,312.69830322265625,56.0,0.16981132075471697,255.7893524169922,312.7065063476563,0,3.0861260756006743,-0.6017996158239995,56.0,-0.061736667644908205,0.027933679240934567,0.06776213225565791,0.0,0
286,9.52505376344086,255.76609802246094,312.7295837402344,56.0,0.16981132075471697,255.73819580078126,312.7398681640625,0,3.0774391030365535,-0.5961344017172792,56.0,-0.17559690855250798,0.1465148862144791,0.2286938700001371,0.0,0
287,9.558358147229114,255.70919799804688,312.74932861328125,56.0,0.16981132075471697,255.66922607421876,312.7903686523438,0,3.06572726267688,-0.5875588471034803,56.0,-0.23024434699614194,0.22208768776145496,0.3198990471678672,0.0,0
288,9.59166253101737,255.526123046875,312.8382568359375,56.0,0.16981132075471697,255.59705810546876,312.8608032226563,0,3.0534723245872613,-0.5755982596919225,56.0,-0.22861986163920528,0.2646666315419418,0.34973628205790624,0.0,0
289,9.624966914805624,255.48770141601562,312.9363708496094,56.0,0.16981132075471697,255.56776123046876,312.91844482421874,0,3.048497383549524,-0.565810063200189,56.0,-0.1227139973069206,0.2839426129610952,0.3093252860504896,0.0,0
290,9.65827129859388,255.4961700439453,313.05047607421875,56.0,0.16981132075471697,255.5651611328125,312.96604614257814,0,3.0480558575324253,-0.5577268204599122,56.0,-0.013347543478638502,0.28635133262821955,0.28666224483679636,0.0,0
291,9.691575682382133,255.61961364746094,313.0177917480469,56.0,0.16981132075471697,255.61785888671875,313.018310546875,0,3.0570045327240507,-0.5488517329377984,56.0,0.08288920973495972,0.25544254227388563,0.2685544888729883,0.0,0
292,9.724880066170389,255.69619750976562,312.9873352050781,56.0,0.16981132075471697,255.65613708496093,313.0711730957031,0,3.063504604123665,-0.5398750737028379,56.0,0.10189755563551842,0.2480607812267616,0.26817394173805337,0.0,0
293,9.758184449958643,255.78961181640625,313.0995788574219,56.0,0.16981132075471697,255.6783416748047,313.1112976074219,0,3.0672751948518524,-0.5330614773732378,56.0,0.0798456337214189,0.25350685282564067,0.2657838400917859,0.0,0
294,9.791488833746898,255.67909240722656,313.20068359375,56.0,0.16981132075471697,255.66768493652344,313.1617004394531,0,3.0654655600493754,-0.5245025058962369,56.0,-0.003420132964113831,0.22650056177696465,0.22652638211646076,0.0,0
295,9.824793217535152,255.60719299316406,313.2510986328125,56.0,0.16981132075471697,255.64346008300782,313.2146423339844,0,3.061351905678798,-0.5155123728626236,56.0,-0.04654368390445468,0.11960818047507496,0.12834497009215398,0.0,0
296,9.858097601323408,255.5663299560547,313.2698059082031,56.0,0.16981132075471697,255.6145050048828,313.24042358398435,0,3.056435005619832,-0.5111344247494216,56.0,-0.05736736220215462,-0.018317472817716153,0.060220794219779,0.0,0
297,9.891401985111662,255.5750732421875,313.2520446777344,56.0,0.16981132075471697,255.6104949951172,313.18846435546874,0,3.055754060565299,-0.5199576899690541,56.0,-0.02551873549188723,-0.1459733910954586,0.1481871680308812,0.0,0
298,9.924706368899917,255.64483642578125,313.2284851074219,56.0,0.16981132075471697,255.62208557128906,313.0933349609375,0,3.0577222716133505,-0.5361117380969986,56.0,0.018519755477131476,-0.2548263581730172,0.2554984425836204,0.0,0
299,9.958010752688171,255.65904235839844,312.9408874511719,56.0,0.16981132075471697,255.64266052246094,313.0185546875,0,3.0612161312463115,-0.5488102750958177,56.0,0.04681131942309125,-0.35655897564008665,0.35961869074846287,0.0,0
300,9.991315136476427,255.66514587402344,312.77545166015625,56.0,0.16981132075471697,255.66162109375,312.9647521972656,0,3.064435850899173,-0.5579465470224108,56.0,0.04296483685377021,-0.33511078966322616,0.33785384200062324,0.0,0
301,10.02461952026468,255.66920471191406,312.8959045410156,56.0,0.16981132075471697,255.66040954589843,312.890771484375,0,3.0642301163583383,-0.5705093095887435,56.0,0.020013535115666763,-0.24313753250136344,0.24395983542107416,0.0,0
302,10.057923904052936,255.6698760986328,312.9830322265625,56.0,0.16981132075471697,255.65262756347656,312.85984497070314,0,3.0629086476451874,-0.5757609817217002,56.0,-0.01369298002003957,-0.19906480908229382,0.19953519969368635,0.0,0
303,10.09122828784119,255.63877868652344,312.85858154296875,56.0,0.16981132075471697,255.64171142578124,312.8549072265625,0,3.06105496388561,-0.5765994665757717,56.0,-0.04600218878556224,-0.19424114566616485,0.1996141879796293,0.0,0
304,10.124532671629446,255.62013244628906,312.7862548828125,56.0,0.16981132075471697,255.62923278808594,312.82334594726564,0,3.05893594993735,-0.5819589290978797,56.0,-0.051211745274975816,-0.14247545710858076,0.15139979766303535,0.0,0
305,10.1578370554177,255.61056518554688,312.7507629394531,56.0,0.16981132075471697,255.61651000976562,312.77427368164064,0,3.0567754781471024,-0.5902919553360917,56.0,-0.050396390555569305,-0.12229698382450885,0.13227376320949538,0.0,0
306,10.191141439205955,255.6068115234375,312.73809814453125,56.0,0.16981132075471697,255.61018981933594,312.7510559082031,0,3.0557022382628176,-0.5942345961084996,56.0,-0.05834765508996723,-0.12052934458554479,0.13390956560574294,0.0,0
307,10.224445822994209,255.60626220703125,312.7376708984375,56.0,0.16981132075471697,255.60320739746095,312.7399169921875,0,3.05451654398216,-0.5961261101488873,56.0,-0.07159250121846386,-0.08817034316547319,0.11357594659360341,0.0,0
308,10.257750206782465,255.607177734375,312.74249267578125,56.0,0.16981132075471697,255.5844940185547,312.73671264648436,0,3.051338800394305,-0.5966702443248906,56.0,-0.08791826785137971,-0.03718266483624648,0.09545769946060709,0.0,0
309,10.291054590570718,255.58522033691406,312.7305603027344,56.0,0.16981132075471697,255.55902709960938,312.73688354492185,0,3.047014229252646,-0.5966412238355048,56.0,-0.10130315582098608,0.018392161799648348,0.10295922005801826,-2.4020861790637604,0
310,10.324358974358974,255.51699829101562,312.7347412109375,56.0,0.16981132075471697,255.5302947998047,312.73781127929686,0,3.0421351594744976,-0.5964836840359737,56.0,-0.12551172208828976,0.14029702846903758,0.18824571330792642,-7.206258537191067,0
311,10.357663358147228,255.47947692871094,312.73895263671875,56.0,0.16981132075471697,255.51084899902344,312.769091796875,0,3.0388330423607,-0.5911718980321439,55.6,-0.16196305730981478,0.32842612578078434,0.3661908683030175,-14.412517074382347,0
312,10.390967741935484,255.4626007080078,312.7423095703125,56.0,0.16981132075471697,255.480126953125,312.87749633789065,0,3.033616091170394,-0.5727635797464643,54.8,-0.21198600295572576,0.5923645397489565,0.6291532511249847,-26.42294796970055,0
313,10.424272125723737,255.50994873046875,312.8988952636719,54.0,0.16981132075471697,255.42566833496093,313.05877685546875,0,3.0243684012934793,-0.5419800956294267,53.6,-0.24368525170217586,0.8812179532717905,0.9142907541180083,-38.43337886501939,0
314,10.457576509511993,255.43161010742188,313.2725830078125,52.0,0.16981132075471697,255.3511474609375,313.3177734375,0,3.011713913251768,-0.49799954396374346,51.6,-0.2909384809349742,1.1760651575942969,1.2115174181975465,-48.041723581273835,0
315,10.490880893300247,255.2447052001953,313.6411437988281,50.0,0.16981132075471697,255.29132995605468,313.6019592285156,0,3.001556223743364,-0.44974157945165416,49.6,-0.30127356880916323,1.3607149931645488,1.393668201504866,-52.845895939401615,0
316,10.524185277088502,255.10687255859375,314.033935546875,46.0,0.16981132075471697,255.22554626464844,313.92237548828126,0,2.990385408221549,-0.3953312711895691,47.6,-0.2207121656776497,1.4047628202563085,1.4219959357370104,-55.247982118464904,0
317,10.557489660876756,255.16351318359375,314.1632385253906,46.0,0.16981132075471697,255.1846893310547,314.21185302734375,0,2.9834474383660066,-0.34617470795254235,46.0,-0.07481346356408355,1.3115509708107487,1.313682991960036,-50.4438097603376,0
318,10.590794044665012,255.1810302734375,314.5009765625,44.0,0.16981132075471697,255.2092315673828,314.436328125,0,2.9876149879311527,-0.3080562951429897,44.4,0.02259964111486874,1.2481773696452758,1.2483819487132615,-45.63963740221008,0
319,10.624098428453268,255.22732543945312,314.719970703125,44.0,0.16981132075471697,255.277783203125,314.6039184570312,0,2.999255831736434,-0.2795975595150466,43.2,0.1349972227930188,1.1767124621042975,1.1844308627494413,-40.83546504408282,0
320,10.657402812241521,255.36741638183594,314.7635192871094,42.0,0.16981132075471697,255.31349182128906,314.8259582519531,0,3.0053195593491964,-0.2418926886792505,42.0,0.20586150643772022,1.143251798200805,1.1616383404150286,-40.835465044082774,0
321,10.690707196029777,255.4496307373047,314.87188720703125,40.0,0.16981132075471697,255.35792846679686,315.0762939453125,0,3.0128654048127856,-0.19938285395785016,40.8,0.13599929996729979,1.204901328700111,1.2125522757781986,-38.43337886501914,0
322,10.72401157981803,255.34205627441406,315.2734375,40.0,0.16981132075471697,255.38656311035157,315.332958984375,0,3.0177278914541574,-0.1557982246830818,39.2,-0.00544295955795916,1.3271485198700397,1.3271596812750102,-38.43337886501956,0
323,10.757315963606287,255.40321350097656,315.7526550292969,38.0,0.16981132075471697,255.34259643554688,315.6178894042969,0,3.0102618523363773,-0.10741381375295589,38.0,-0.1373499257237642,1.3943437072774372,1.4010922082862751,-40.83546504408277,0
324,10.79062034739454,255.37049865722656,316.0032958984375,36.0,0.16981132075471697,255.27244567871094,315.9053588867188,0,2.998349459666123,-0.0585982412662176,36.8,-0.31189807648836565,1.3972067849180414,1.4315960358767945,-45.639637402210674,0
325,10.823924731182796,255.1475830078125,316.18817138671875,36.0,0.16981132075471697,255.17880249023438,316.19329223632815,0,2.9824477861512335,-0.009703898879720896,35.2,-0.4894866912256708,1.4196757203144532,1.5016911705598515,-48.04172358127386,0
326,10.85722911497105,255.098876953125,316.3092346191406,34.0,0.16981132075471697,255.05207214355468,316.446435546875,0,2.960927538601851,0.03328270102446851,33.2,-0.5924454528126866,1.4933937454769663,1.6066164737074469,-52.84589593940176,0
327,10.890533498759305,254.87384033203125,316.7131042480469,32.0,0.16981132075471697,254.90655822753905,316.7251342773437,0,2.9362176283350436,0.08060890053801728,31.2,-0.7184270930789352,1.6021346790815674,1.7558396902865723,-57.65006829752864,0
328,10.92383788254756,254.76956176757812,317.01837158203125,28.0,0.16981132075471697,254.76162719726562,317.0823547363281,0,2.9116066986659774,0.14126897847876307,29.2,-0.8659378323857814,1.6441223350885437,1.8582213491115613,-62.454240655656726,0
329,10.957142266335815,254.64292907714844,317.39678955078125,26.0,0.16981132075471697,254.56793518066405,317.47645874023436,0,2.878715601507217,0.2081922998968082,27.2,-1.0366270524174213,1.6621410519785218,1.958904929412323,-62.45424065565608,0
330,10.990446650124069,254.4229278564453,317.9742736816406,26.0,0.16981132075471697,254.329638671875,317.80556640625,0,2.838250156618507,0.26407850733342997,24.8,-1.2445580660626767,1.6114956981499202,2.0361343680998485,-62.454240655656704,0
331,11.023751033912324,254.1304168701172,318.2797546386719,24.0,0.16981132075471697,254.0355255126953,318.0763793945313,0,2.7883064126068646,0.31006561855100045,22.8,-1.4358334367381766,1.377495117770961,1.9897513557070885,-64.8563268347197,0
332,11.057055417700578,253.68235778808594,318.358642578125,20.0,0.16981132075471697,253.6861083984375,318.3054138183594,0,2.7289714309404474,0.3489582565595484,20.8,-1.571082734845263,1.1609717591631294,1.9534984989252493,-67.25841301378411,0
333,11.090359801488834,253.2989959716797,318.3724365234375,18.0,0.16981132075471697,253.35360717773438,318.43316650390625,0,2.6725089595002913,0.3706521088222203,18.4,-1.6234397111764012,1.038668551256729,1.927274981727898,-64.85632683471971,0
334,11.123664185277088,252.89584350585938,318.5419616699219,16.0,0.16981132075471697,253.02728576660155,318.61494140625,0,2.617095889685281,0.40151954506927723,16.0,-1.5967352880964267,1.0092037478863922,1.8889297988544518,-64.85632683472035,0
335,11.156968569065343,252.7604217529297,318.613037109375,14.0,0.16981132075471697,252.737646484375,318.82411499023436,0,2.5679118606279445,0.43703958763265405,14.0,-1.517175962139089,1.029600064034368,1.8335482518745574,-64.85632683471971,0
336,11.190272952853597,252.49880981445312,319.1886291503906,12.0,0.16981132075471697,252.46972045898437,319.0660339355469,0,2.5224149883918017,0.47812016325176643,12.0,-1.4941312991735252,1.1833099888412377,1.905951434024859,-60.05215447659293,0
337,11.223577336641853,252.23416137695312,319.4045104980469,10.0,0.16981132075471697,252.1983215332031,319.3150695800781,0,2.4763283783534717,0.5204092349646103,10.0,-1.4663407738146437,1.1801543793547902,1.8822644936516275,-52.845895939401245,0
338,11.256881720430107,251.95936584472656,319.58203125,8.0,0.16981132075471697,251.88841857910157,319.5935546875,0,2.423703348411699,0.5676991588664393,8.4,-1.428168479967889,1.1144840919950556,1.811557340655778,-45.639637402210575,0
339,11.290186104218362,251.53884887695312,319.7871398925781,6.0,0.16981132075471697,251.58934936523437,319.77223510742186,0,2.372918010207833,0.5980411169663853,7.2,-1.3510801144959446,0.9726808357238014,1.6647899218732456,-36.03129268595538,0
340,11.323490488006616,251.21090698242188,320.0054626464844,6.0,0.16981132075471697,251.33714294433594,319.91701049804686,0,2.330090504772251,0.6226256172611926,6.4,-1.1787166164526897,0.7968256277755456,1.4227803565489543,-24.020861790637166,0
341,11.356794871794872,251.0034637451172,320.08203125,6.0,0.16981132075471697,251.14481201171876,320.019873046875,0,2.2974305350825404,0.6400928425338961,6.000000000000001,-0.8894181810792279,0.5549827042942567,1.04836563416589,-14.412517074382098,0
342,11.390099255583126,250.97312927246094,320.1283874511719,6.0,0.16981132075471697,251.0424377441406,320.0964599609375,0,2.2800462254938054,0.6530981675633782,6.000000000000001,-0.5292928065520479,0.3513182987415422,0.6352758629905555,-7.206258537191173,0
343,11.423403639371381,250.99771118164062,320.0963439941406,6.0,0.16981132075471697,251.01622924804687,320.1377868652344,0,2.2755957261571282,0.6601159437647368,6.000000000000001,-0.19974323400146368,0.16400455614916168,0.25844700417502814,-2.4020861790636374,0
344,11.456708023159635,251.0269775390625,320.1700744628906,6.0,0.16981132075471697,251.0703094482422,320.116748046875,0,2.284779156378974,0.6565433142320103,6.000000000000001,0.06662879596117814,0.02081955371227946,0.0698058039708361,0.0,0
345,11.49001240694789,251.07986450195312,320.21209716796875,6.0,0.16981132075471697,251.14126892089843,320.0778381347656,0,2.296828878150791,0.6499359706662631,6.000000000000001,0.23529518939898514,-0.11220774718245093,0.2606806565168676,0.0,0
346,11.523316790736144,251.27386474609375,319.9768371582031,6.0,0.16981132075471697,251.21015014648438,320.0402893066406,0,2.3085256900427424,0.6435597545695657,6.000000000000001,0.3142818998282396,-0.21763124517310156,0.3822780028137145,0.0,0
347,11.5566211745244,251.3279266357422,319.933837890625,6.0,0.16981132075471697,251.27317504882814,319.98642578125,0,2.319228031950175,0.6344131181824793,6.000000000000001,0.2846085897165951,-0.21936776400293345,0.35933864977777696,0.0,0
348,11.589925558312654,251.3421173095703,319.9085998535156,6.0,0.16981132075471697,251.32442321777344,319.92437133789065,0,2.3279305512050357,0.6238755711969333,6.000000000000001,0.2335617826100705,-0.19810630048086164,0.30626330597413604,0.0,0
349,11.62322994210091,251.34210205078125,319.9007568359375,6.0,0.16981132075471697,251.34940490722656,319.90162963867186,0,2.3321727248857513,0.6200137732163853,6.000000000000001,0.18469962822491776,-0.17461661566469527,0.2541749695241739,0.0,0
350,11.656534325889163,251.3361053466797,319.9018249511719,6.0,0.16981132075471697,251.37030639648438,319.8835693359375,0,2.335722034382364,0.6169469293558336,6.000000000000001,0.12824720605135648,-0.1242264491909199,0.17854847111796643,0.0,0
351,11.689838709677419,251.39877319335938,319.8631286621094,6.0,0.16981132075471697,251.39127197265626,319.8690551757812,0,2.3392822265624957,0.6144822606500497,6.000000000000001,0.08898258584387567,-0.07049395077596095,0.11352223429560532,0.0,0
352,11.723143093465673,251.43243408203125,319.8435363769531,6.0,0.16981132075471697,251.39893798828126,319.86460571289064,0,2.3405840028007034,0.6137266914799469,6.000000000000001,0.05368581780136704,-0.041545746197208064,0.06788384240807532,0.0,0
353,11.756447477253928,251.4469451904297,319.8360290527344,6.0,0.16981132075471697,251.41168212890625,319.85524291992186,0,2.3427481021521146,0.6121367832399685,6.000000000000001,0.009874505819016366,-0.00895645374950765,0.013331313848861923,0.0,0
354,11.789751861042182,251.38043212890625,319.8785095214844,6.0,0.16981132075471697,251.40205078125,319.860888671875,0,2.3411125902859666,0.613095495835779,6.000000000000001,-0.03979989124462372,0.02380088890760161,0.04637363104045088,0.0,0
355,11.823056244830438,251.3998260498047,319.8550109863281,6.0,0.16981132075471697,251.37998962402344,319.8747863769531,0,2.3373663560399436,0.6154554834905568,6.000000000000001,-0.05428955373856583,0.053334157178048125,0.07610445431790028,0.0,0
356,11.856360628618692,251.35061645507812,319.891357421875,6.0,0.16981132075471697,251.35224304199218,319.89239501953125,0,2.332654672298787,0.6184456303434516,6.000000000000001,-0.06902195542376212,0.09644214791388736,0.11859645114742655,0.0,0
357,11.889665012406947,251.32212829589844,319.91302490234375,6.0,0.16981132075471697,251.3457000732422,319.9169067382812,0,2.331543602133692,0.622607997678351,6.000000000000001,-0.049621492368087286,0.12272022138875552,0.1323727511330837,0.0,0
358,11.922969396195203,251.30821228027344,319.924072265625,6.0,0.16981132075471697,251.3439971923828,319.94981689453124,0,2.3312544336858707,0.6281965147774073,6.000000000000001,-0.029695094398021437,0.15479291504477227,0.15761549790349136,0.0,0
359,11.956273779983457,251.34771728515625,320.0010681152344,6.0,0.16981132075471697,251.3533905029297,319.9812316894531,0,2.332849524156103,0.6335311025943327,6.000000000000001,-0.006214745704565262,0.18504817680719188,0.18515250687970217,0.0,0
360,11.989578163771712,251.3913116455078,320.0195617675781,6.0,0.16981132075471697,251.35086975097656,320.0265808105469,0,2.332421471937643,0.6412318967423261,6.000000000000001,-0.014623480253216806,0.19340711870129385,0.19395917028862694,0.0,0
361,12.022882547559966,251.3975830078125,320.0484313964844,6.0,0.16981132075471697,251.3461486816406,320.0738586425781,0,2.3316197809183308,0.6492602078419694,6.000000000000001,-0.024824750368128937,0.17804608475156194,0.17976839690613114,0.0,0
362,12.056186931348222,251.3095245361328,320.1397705078125,6.0,0.16981132075471697,251.33135986328125,320.1065673828125,0,2.3291084721403266,0.6548145222213932,6.000000000000001,-0.03839947283352242,0.1524775566049958,0.15723843290405218,0.0,0
363,12.089491315136476,251.28460693359375,320.16046142578125,6.0,0.16981132075471697,251.3196533203125,320.1244140625,0,2.3271205686173317,0.657845090470218,6.000000000000001,-0.023713751762000385,0.09740065651532345,0.10024584735661521,0.0,0
364,12.122795698924731,251.27377319335938,320.16461181640625,6.0,0.16981132075471697,251.31573486328125,320.13075561523436,0,2.3264551702535314,0.6589219579156733,6.000000000000001,-0.005175324039408127,0.03685901258122604,0.037220569412300175,0.0,0
365,12.156100082712985,251.33277893066406,320.1087951660156,6.0,0.16981132075471697,251.3276153564453,320.1220947265625,0,2.3284726124889374,0.6574512409713975,6.000000000000001,0.025279108341550404,-0.007680516974887872,0.02642013738695134,0.0,0
366,12.18940446650124,251.37799072265625,320.08013916015625,6.0,0.16981132075471697,251.34107360839843,320.11000366210936,0,2.3307579760281456,0.6553980413472758,6.000000000000001,0.04020756860432702,-0.02454777872682685,0.04710883158700624,0.0,0
367,12.222708850289495,251.36892700195312,320.0964660644531,6.0,0.16981132075471697,251.35614929199218,320.0990356445312,0,2.333317997770486,0.6535355477962739,6.000000000000001,0.04464222690625934,-0.029900489098267848,0.05373050968924061,0.0,0
368,12.25601323407775,251.35189819335938,320.1000061035156,6.0,0.16981132075471697,251.35908203125,320.100341796875,0,2.333816010097287,0.6537573472508811,6.000000000000001,0.036896357072234584,-0.028388037214312885,0.046553429756389035,0.0,0
369,12.289317617866004,251.34915161132812,320.1097717285156,6.0,0.16981132075471697,251.35951232910156,320.1014343261719,0,2.3338890795437734,0.6539428710937472,6.000000000000001,0.031867298955771665,-0.0267822241027958,0.041627061758294955,0.0,0
370,12.32262200165426,251.34744262695312,320.1153259277344,6.0,0.16981132075471697,251.36379699707032,320.09425659179686,0,2.3346166646705484,0.6527240105394938,6.000000000000001,0.025907740606086648,-0.02942745887942757,0.03920696825071624,0.0,0
371,12.355926385442514,251.38014221191406,320.0856018066406,6.0,0.16981132075471697,251.37232360839843,320.083740234375,0,2.336064579801736,0.650938213996163,6.000000000000001,0.033239708998615836,-0.04813082477046936,0.05849320086470127,0.0,0
372,12.38923076923077,251.39035034179688,320.0605773925781,6.0,0.16981132075471697,251.38155517578124,320.07017822265624,0,2.337632204451644,0.6486352308741061,6.000000000000001,0.03660071318538522,-0.06159973784471516,0.07165291276854323,0.0,0
373,12.422535153019023,251.39453125,320.04742431640625,6.0,0.16981132075471697,251.3916778564453,320.0531433105469,0,2.339351150224786,0.6457425099498764,6.000000000000001,0.03859864345193457,-0.05012253095518351,0.0632623378139229,0.0,0
374,12.455839536807279,251.3953094482422,320.0419616699219,6.0,0.16981132075471697,251.39540405273436,320.04102783203126,0,2.339983900538023,0.6436851645415658,6.000000000000001,0.03797623526918955,-0.025761474683184776,0.045889519752043674,0.0,0
375,12.489143920595533,251.39805603027344,320.0301513671875,6.0,0.16981132075471697,251.40164794921876,320.04510498046875,0,2.3410441848466945,0.6443775105026432,6.000000000000001,0.037627686686916226,0.006273874481910089,0.038147140212911046,0.0,0
376,12.522448304383788,251.39877319335938,320.0250244140625,6.0,0.16981132075471697,251.40956420898436,320.0584777832031,0,2.3423884553729266,0.6466483637971621,6.000000000000001,0.03668785033098548,0.06398978526638056,0.0737610397184468,0.0,0
377,12.555752688172042,251.42156982421875,320.0809631347656,6.0,0.16981132075471697,251.4184539794922,320.0763305664062,0,2.3438980390440705,0.6496799684920305,6.000000000000001,0.04234554071198595,0.12842148034251433,0.1352228583914467,0.0,0
378,12.589057071960298,251.43411254882812,320.1142883300781,6.0,0.16981132075471697,251.4276550292969,320.1158935546875,0,2.345460481463732,0.6563982117850742,6.000000000000001,0.03696793401320576,0.17454192668276364,0.17841387926766228,0.0,0
379,12.622361455748552,251.43975830078125,320.1312255859375,6.0,0.16981132075471697,251.43692932128906,320.1669616699219,0,2.3470353612359887,0.6650701558814802,6.000000000000001,0.02498657649570351,0.2083884836596241,0.2098811309454308,0.0,0
380,12.655665839536807,251.44406127929688,320.22796630859375,6.0,0.16981132075471697,251.43789978027343,320.2162658691406,0,2.347200156157868,0.6734425670695643,6.000000000000001,0.009622430504967456,0.23502132979855567,0.23521823192325972,0.0,0
381,12.688970223325061,251.4451446533203,320.2803649902344,6.0,0.16981132075471697,251.43406677246094,320.26282958984376,0,2.346549268038764,0.6813496139814248,6.000000000000001,-0.007453337988177378,0.21908768032071452,0.21921442451507978,0.0,0
382,12.722274607113317,251.42642211914062,320.3274841308594,6.0,0.16981132075471697,251.42789001464843,320.3067993164062,0,2.3455003846366367,0.6888161713222161,6.000000000000001,-0.024930559759191052,0.17953986439005357,0.1812625049896018,0.0,0
383,12.75557899090157,251.41494750976562,320.34710693359375,6.0,0.16981132075471697,251.42034606933595,320.3307373046875,0,2.344219337319423,0.6928811127284717,6.000000000000001,-0.05482171273479273,0.13890283413973165,0.14932989492806165,0.0,0
384,12.788883374689826,251.40887451171875,320.35107421875,6.0,0.16981132075471697,251.41248168945313,320.3430236816406,0,2.342883876584608,0.6949674786261681,6.000000000000001,-0.08587676901207333,0.0994670516819249,0.13140971739657506,0.0,0
385,12.82218775847808,251.40634155273438,320.34765625,6.0,0.16981132075471697,251.38414001464844,320.35247802734375,0,2.338071139353623,0.6965729335568938,6.000000000000001,-0.11075442407575582,0.05990056350589097,0.1259151299911001,0.0,0
386,12.855492142266336,251.40582275390625,320.341796875,6.0,0.16981132075471697,251.349853515625,320.36036987304686,0,2.332248903670397,0.6979130582989299,6.000000000000001,-0.13092667327803587,0.03987146818567927,0.13686317163844766,0.0,0
387,12.88879652605459,251.2847137451172,320.374755859375,6.0,0.16981132075471697,251.31928100585938,320.36553955078125,0,2.3270573454083063,0.6987909281028806,6.000000000000001,-0.14151694850719038,0.014645264539681301,0.14227273276430738,0.0,0
388,12.922100909842845,251.24351501464844,320.3865661621094,6.0,0.16981132075471697,251.29195556640624,320.3698364257813,0,2.322417176444567,0.699520586121757,6.000000000000001,-0.10990172486542511,-0.01755813483477932,0.1112954501642897,0.0,0
389,12.955405293631099,251.25601196289062,320.3769226074219,6.0,0.16981132075471697,251.2737060546875,320.3573852539063,0,2.3193182027564774,0.6974062361807185,6.000000000000001,-0.06636738452442056,-0.061120483543998794,0.09022385071179641,0.0,0
390,12.988709677419354,251.26971435546875,320.369140625,6.0,0.16981132075471697,251.2763671875,320.33526000976565,0,2.3197700932340766,0.6936491192511767,6.000000000000001,-0.030625594631199134,-0.10519320696302197,0.10956065825687479,0.0,0
391,13.022014061207608,251.3145751953125,320.279541015625,6.0,0.16981132075471697,251.28477172851564,320.30043334960936,0,2.3211972794442772,0.6877351580925648,6.000000000000001,-0.0016867261751985433,-0.14873065934503085,0.14874022345820823,0.0,0
392,13.055318444995864,251.2980194091797,320.2641296386719,6.0,0.16981132075471697,251.28924865722655,320.26238403320315,0,2.3219575126216014,0.6812739534198116,6.000000000000001,0.016683651338070912,-0.14647754172355718,0.14742460599013568,0.0,0
393,13.088622828784118,251.28553771972656,320.2124328613281,6.0,0.16981132075471697,251.29030151367186,320.22398681640624,0,2.3221362995651447,0.6747536713222217,6.000000000000001,0.021329928422127366,-0.13054389224567237,0.13227499253125208,0.0,0
394,13.121927212572373,251.2783966064453,320.1866760253906,6.0,0.16981132075471697,251.29006652832032,320.2137451171875,0,2.32209639639224,0.6730145148511113,6.000000000000001,0.024753173427115298,-0.09081557794201939,0.09412857585056647,0.0,0
395,13.155231596360627,251.2749786376953,320.1771545410156,6.0,0.16981132075471697,251.2972839355469,320.2072448730469,0,2.323321993845809,0.6719106998083646,6.000000000000001,0.03765880709604706,-0.05043995912841289,0.0629474004925799,0.0,0
396,13.188535980148883,251.3134002685547,320.22833251953125,6.0,0.16981132075471697,251.30904541015624,320.211376953125,0,2.3253192253832466,0.6726123737838989,6.000000000000001,0.060065501674296376,-0.026551933075209765,0.06567244202414982,0.0,0
397,13.221840363937137,251.3341064453125,320.23162841796875,6.0,0.16981132075471697,251.32617797851563,320.2129211425781,0,2.3282285294442744,0.672874594634429,6.000000000000001,0.08279584850756608,-0.06192961418156897,0.1033945339114492,0.0,0
398,13.255144747725392,251.34434509277344,320.23309326171875,6.0,0.16981132075471697,251.34920349121094,320.19794921875,0,2.332138522166119,0.6703321924749375,6.000000000000001,0.09437264070632531,-0.10205626972213092,0.13900243704151918,0.0,0
399,13.288449131513648,251.3640594482422,320.19439697265625,6.0,0.16981132075471697,251.3712585449219,320.15301513671875,0,2.335883719966091,0.6627018766583035,6.000000000000001,0.0939742994694166,-0.13837378718437765,0.16726767153432556,0.0,0
400,13.321753515301902,251.39010620117188,320.102294921875,6.0,0.16981132075471697,251.38982849121095,320.10716552734374,0,2.339037107071782,0.6549160939342471,6.000000000000001,0.08912781441987656,-0.18030127706696503,0.20112761574493554,0.0,0
401,13.355057899090157,251.42367553710938,320.003662109375,6.0,0.16981132075471697,251.4011993408203,320.07568359375,0,2.340968006062056,0.6495701052107847,6.000000000000001,0.08205933215802705,-0.20629200543078077,0.22201379573998256,0.0,0
402,13.388362282878411,251.4269561767578,320.00238037109375,6.0,0.16981132075471697,251.41357930501303,320.03611246744794,0,2.343070264132514,0.6428504799896757,6.000000000000001,0.07192791007248195,-0.19868652322009442,0.2113053684994401,0.0,0
