frame,t_s,x_px_filt,y_px_filt,x_mm_abs,y_mm_abs,angle_deg_raw,mm_per_px,x_mm,y_mm,angle_deg_unwrapped,vx_mm_s,vy_mm_s,speed_mm_s,angular_vel_dps
639,5.291113600000017,98.99999046325684,237.00003020092845,24.098681889082254,57.690796825226,0.0,0.24342105263157893,0.0,-0.0,0.0,,,,
640,5.30364510000004,98.99999761581421,237.0000304384157,24.098683630165297,57.6907968830354,0.0,0.24342105263157893,1.741083043071967e-06,-5.7809394604646513e-08,0.0,,,,
641,5.306064299999889,99.00000512599945,237.00003049778752,24.098685458302494,57.69079689748774,0.0,0.24342105263157893,3.569220240251525e-06,-7.22617414794513e-08,0.0,,,,0.0
642,5.319962199999964,99.00001272559166,237.00003051263047,24.098687308203232,57.69079690110083,0.0,0.24342105263157893,5.4191209777343374e-06,-7.587482997450934e-08,0.0,0.0002452673570709003,-2.2470084310397487e-06,0.00024527764980004533,0.0
643,5.3223886999999195,99.00001462548971,237.0000305163412,24.098687770678414,57.69079690200411,0.0,0.24342105263157893,5.881596159440505e-06,-7.677810742734437e-08,0.0,0.00021986502708787236,-1.3290411322397233e-06,0.00021986904394816938,0.0
644,5.336801700000024,99.00001510046422,237.0000305172689,24.09868788629721,57.69079690222993,0.0,0.24342105263157893,5.997214955755226e-06,-7.700392501419628e-08,0.0,6.883715276699584e-05,-1.3444784954060464e-07,6.883728406387754e-05,0.0
645,5.339225599999963,99.00001521920785,237.00003051750082,24.09868791520191,57.69079690228638,0.0,0.24342105263157893,6.026119656610263e-06,-7.706037763455242e-08,0.0,4.2363507846362e-05,-8.274174016337623e-08,4.236358864926743e-05,0.0
646,5.3526313999998365,99.00001524889376,237.0000305175588,24.098687922428084,57.69079690230049,0.0,0.24342105263157893,6.033345830047665e-06,-7.707448901328462e-08,0.0,4.252076633584418e-06,-8.30487184933517e-09,4.252084743836961e-06,0.0
647,5.355078399999911,99.00001525631524,237.0000305175733,24.09868792423463,57.69079690230402,0.0,0.24342105263157893,6.035152374295194e-06,-7.707802041068135e-08,0.0,2.656249808126333e-06,-5.1885458746184925e-09,2.6562548756057795e-06,0.0
648,5.3674974999998994,99.0000152581706,237.00003051757693,24.098687924686264,57.6907969023049,0.0,0.24342105263157893,6.035604009468898e-06,-7.707890148367369e-08,0.0,2.71688985366183e-07,-5.312760488083037e-10,2.71689504809343e-07,0.0
649,5.3701412999998865,99.00001525863445,237.00003051757784,24.098687924799172,57.69079690230513,0.0,0.24342105263157893,6.035716918262324e-06,-7.707912885734913e-08,0.0,1.6446823953551512e-07,-3.219290989994612e-10,1.6446855460621146e-07,0.0
650,5.38378130000001,99.00001525875041,237.00003051757807,24.0986879248274,57.69079690230518,0.0,0.24342105263157893,6.035745144572502e-06,-7.707917859534064e-08,0.0,1.6841064526586532e-08,-3.3298335074663363e-11,1.684109744546863e-08,0.0
651,5.386190899999974,99.0000152587794,237.00003051757812,24.098687924834458,57.690796902305195,0.0,0.24342105263157893,6.035752203814582e-06,-7.707919280619535e-08,0.0,9.604456794003828e-09,-1.9109335995126876e-11,9.60447580425962e-09,0.0
652,5.399427500000002,99.00001525878665,237.00003051757812,24.09868792483622,57.690796902305195,0.0,0.24342105263157893,6.035753965960566e-06,-7.707919280619535e-08,0.0,1.0646536688693614e-09,-1.908815876786465e-12,1.0646553800244674e-09,0.0
653,5.4018524000000525,99.00001525878847,237.00003051757812,24.098687924836664,57.690796902305195,0.0,0.24342105263157893,6.035754410049776e-06,-7.707919280619535e-08,0.0,6.51112823383732e-10,-1.1795198136961703e-12,6.511138917591345e-10,0.0
654,5.415628599999991,99.00001525878892,237.00003051757812,24.098687924836774,57.690796902305195,0.0,0.24342105263157893,6.0357545201839e-06,-7.707919280619535e-08,0.0,6.576013776547533e-11,0.00022495521197619215,0.00022495521197620175,0.0
655,5.4326134999998885,99.00001525878903,237.00003051757812,24.098687924836803,57.690796902305195,0.0,0.24342105263157893,6.03575454860561e-06,-7.707919280619535e-08,0.0,3.913478103215418e-11,0.00028057331643892666,0.00028057331643892937,0.0
656,5.435090199999877,99.00001525878906,237.00001907348633,24.09868792483681,57.69079411657233,0.0,0.24342105263157893,6.035754555711037e-06,2.7086536746878664e-06,0.0,2.507356409222198e-12,0.0005722585493180253,0.0005722585493180253,0.0
657,5.447611899999856,99.00001525878906,237.00000476837158,24.09868792483681,57.690790634406234,0.0,0.24342105263157893,6.035754555711037e-06,6.190819767937228e-06,0.0,9.084521534287575e-13,0.0006233533693770896,0.0006233533693770896,0.0
658,5.450118900000007,99.00001525878906,236.9999897480011,24.09868792483681,57.69078697813184,0.0,0.24342105263157893,6.035754555711037e-06,9.847094162296344e-06,0.0,5.737818353159002e-13,0.0006863179963676148,0.0006863179963676148,0.0
659,5.464600999999902,99.00001525878906,236.99997454881668,24.09868792483681,57.69078327833037,0.0,0.24342105263157893,6.035754555711037e-06,1.3546895630156541e-05,0.0,-2.3295392109124632e-05,0.0004652301834803948,0.0004658130514645545,0.0
660,5.467538999999988,99.00001525878906,236.99997074902058,24.09868792483681,57.69078235338,0.0,0.24342105263157893,6.035754555711037e-06,1.4471846000674304e-05,0.0,-0.00011165505833426198,0.0004125458958923173,0.0004273885448502594,0.0
661,5.479497300000048,99.00000953674316,236.99996979907155,24.098686531970372,57.69078212214241,0.0,0.24342105263157893,4.6428881184112925e-06,1.4703083593303745e-05,0.0,-0.00014011697231937435,0.0001210856688028653,0.00018518775640248333,0.0
662,5.48343819999991,99.00000238418579,236.9999695615843,24.09868479088733,57.690782064333014,0.0,0.24342105263157893,2.9018050753393254e-06,1.4760892987908392e-05,0.0,-0.0002968350961760262,7.029693892468905e-05,0.0003050454620937872,0.0
663,5.496284399999922,98.99999487400055,236.99996950221248,24.098682962750132,57.69078204988067,0.0,0.24342105263157893,1.0736678781597675e-06,1.4775345334783196e-05,0.0,-0.00030391323824007833,7.346136407443627e-06,0.00030400201002244603,0.0
664,5.498645199999828,98.99998727440834,236.99996948736953,24.0986811128494,57.69078204626758,0.0,0.24342105263157893,-7.762328557703313e-07,1.4778958423278254e-05,0.0,-0.00029007580321015533,3.4972098602402566e-06,0.0002900968839626226,0.0
665,5.5117129000000205,98.99998537451029,236.9999694836588,24.098680650374213,57.69078204536431,0.0,0.24342105263157893,-1.2387080410292128e-06,1.4779861693625662e-05,0.0,-0.00020214547417981736,5.642316126074877e-07,0.0002021462616243394,0.0
666,5.514157800000021,98.99998489953578,236.9999694827311,24.098680534755417,57.69078204513849,0.0,0.24342105263157893,-1.3543268373439332e-06,1.4780087511212514e-05,0.0,-0.0001741985936568057,3.402315874548138e-07,0.00017419892591385866,0.0
667,5.527622599999859,98.99998478079215,236.99996948249918,24.09868050585072,57.69078204508203,0.0,0.24342105263157893,-1.3832315346462565e-06,1.4780143970938298e-05,0.0,-1.7507914035676764e-05,3.4195054022154603e-08,1.7507947429163904e-05,0.0
668,5.530428699999902,98.99998475110624,236.9999694824412,24.098680498624542,57.69078204506792,0.0,0.24342105263157893,-1.3904577116363726e-06,1.478015808231703e-05,0.0,-1.0469281653515056e-05,2.0447658250178734e-08,1.0469301621758486e-05,0.0
669,5.543593899999905,98.99998474368476,236.9999694824267,24.098680496817998,57.69078204506439,0.0,0.24342105263157893,-1.3922642558839016e-06,1.4780161613714426e-05,0.0,-1.0129251412502547e-06,1.9782389492749047e-09,1.0129270729949857e-06,0.0
670,5.545880099999977,98.9999847418294,236.99996948242307,24.098680496366363,57.69078204506351,0.0,0.24342105263157893,-1.3927158910576054e-06,1.4780162494787419e-05,0.0,-5.858772777439329e-07,1.1442222837746932e-09,5.858783950797948e-07,0.0
671,5.559988699999849,98.99998474136555,236.99996948242216,24.098680496253454,57.69078204506329,0.0,0.24342105263157893,-1.3928287998510314e-06,1.4780162715055667e-05,0.0,-7.095084245973632e-08,1.386733524234233e-10,7.095097797807296e-08,0.0
672,5.56245459999991,98.99998474124959,236.99996948242193,24.098680496225228,57.69078204506323,0.0,0.24342105263157893,-1.3928570261612094e-06,1.4780162771899086e-05,0.0,-4.365229164794898e-08,8.502589706039245e-11,4.3652374454555936e-08,0.0
673,5.575639499999852,98.9999847412206,236.99996948242188,24.098680496218172,57.690782045063216,0.0,0.24342105263157893,-1.3928640818505755e-06,1.478016278610994e-05,0.0,-4.149228027256648e-09,7.948389203249044e-12,4.149235640339437e-09,0.0
674,5.578063499999871,98.99998474121335,236.99996948242188,24.098680496216407,57.690782045063216,0.0,0.24342105263157893,-1.392865847549274e-06,1.478016278610994e-05,0.0,-2.5577192903417034e-09,4.825921373873689e-12,2.557723843127552e-09,0.0
675,5.591483599999947,98.99998474121153,236.99996948242188,24.098680496215962,57.690782045063216,0.0,0.24342105263157893,-1.3928662916384837e-06,1.478016278610994e-05,0.0,-2.688039876760942e-10,2.1556257105119537e-13,2.6880407410936285e-10,0.0
676,5.593915299999935,98.99998474121108,236.99996948242188,24.098680496215852,57.690782045063216,0.0,0.24342105263157893,-1.3928664017726078e-06,1.478016278610994e-05,0.0,-1.623635000972779e-10,-0.00022987439596355416,0.0002298743959636115,0.0
677,5.607579900000019,98.99998474121097,236.99996948242188,24.098680496215824,57.690782045063216,0.0,0.24342105263157893,-1.3928664301943172e-06,1.478016278610994e-05,0.0,-1.667878901229834e-11,-0.0002809160847627039,0.0002809160847627044,0.0
678,5.610003600000027,98.99998474121094,236.99998092651367,24.098680496215817,57.69078483079608,0.0,0.24342105263157893,-1.3928664372997446e-06,1.1994429918615879e-05,0.0,-1.0060519255030426e-11,-0.0005788766743271983,0.0005788766743271984,0.0
679,5.623648000000003,98.99998474121094,236.99999523162842,24.098680496215817,57.69078831296218,0.0,0.24342105263157893,-1.3928664372997446e-06,8.512263825366517e-06,0.0,-1.0023193090381657e-12,-0.0006340436598542694,0.0006340436598542694,0.0
680,5.6261021999998775,98.99998474121094,237.0000102519989,24.098680496215817,57.69079196923657,0.0,0.24342105263157893,-1.3928664372997446e-06,4.8559894310074014e-06,0.0,-5.863289481021728e-13,-0.0006453884289667488,0.0006453884289667488,0.0
681,5.639515299999857,98.99998474121094,237.00002545118332,24.098680496215817,57.69079566903804,0.0,0.24342105263157893,-1.3928664372997446e-06,1.1561879631472038e-06,0.0,0.00010948486380140306,-0.000433690231134495,0.00044729649225441444,0.0
682,5.655821500000002,98.99998474121094,237.00002925097942,24.098680496215817,57.69079659398841,0.0,0.24342105263157893,-1.3928664372997446e-06,2.3123759262944077e-07,0.0,0.00013575901710884394,-0.0003835209262819334,0.0004068400319812587,0.0
683,5.658365900000035,98.99999046325684,237.00003020092845,24.098681889082254,57.690796825226,0.0,0.24342105263157893,0.0,-0.0,0.0,0.00028586470701007184,-8.67469979273752e-05,0.0002987367944585438,0.0
684,5.6716191000000435,98.99999761581421,237.0000304384157,24.098683630165297,57.6907968830354,0.0,0.24342105263157893,1.741083043071967e-06,-5.7809394604646513e-08,0.0,0.000312869965836305,-3.163275706275772e-05,0.0003144650168807368,0.0
685,5.674054899999874,99.00000512599945,237.00003049778752,24.098685458302494,57.69079689748774,0.0,0.24342105263157893,3.569220240251525e-06,-7.22617414794513e-08,0.0,0.00034383583002743103,-2.0348468529643003e-05,0.00034443742273764953,0.0
686,5.687755199999856,99.00001272559166,237.00003051263047,24.098687308203232,57.69079690110083,0.0,0.24342105263157893,5.4191209777343374e-06,-7.587482997450934e-08,0.0,0.00023612487280903147,-2.1757350538886246e-06,0.00023613489657843038,0.0
687,5.6907421999999315,99.00001462548971,237.0000305163412,24.098687770678414,57.69079690200411,0.0,0.24342105263157893,5.881596159440505e-06,-7.677810742734437e-08,0.0,0.0002122701303040326,-1.3080763622062693e-06,0.00021227416065800457,0.0
688,5.703777700000046,99.00001510046422,237.0000305172689,24.09868788629721,57.69079690222993,0.0,0.24342105263157893,5.997214955755226e-06,-7.700392501419628e-08,0.0,6.227254140192041e-05,-1.2162625350549131e-07,6.22726601776368e-05,0.0
689,5.706167099999902,99.00001521920785,237.00003051750082,24.09868791520191,57.69079690228638,0.0,0.24342105263157893,6.026119656610263e-06,-7.706037763455242e-08,0.0,3.5417029280555245e-05,-6.917431298468107e-08,3.5417096833948496e-05,0.0
690,5.7195363999999245,99.00001524889376,237.0000305175588,24.098687922428084,57.69079690230049,0.0,0.24342105263157893,6.033345830047665e-06,-7.707448901328462e-08,0.0,4.45783853107735e-06,-8.706752511185749e-09,4.457847033793012e-06,0.0
691,5.721949199999926,99.00001525631524,237.0000305175733,24.09868792423463,57.69079690230402,0.0,0.24342105263157893,6.035152374295194e-06,-7.707802041068135e-08,0.0,2.693287221371759e-06,-5.260936444459765e-09,2.693292359595721e-06,0.0
692,5.735484499999984,99.0000152581706,237.00003051757693,24.098687924686264,57.6907969023049,0.0,0.24342105263157893,6.035604009468898e-06,-7.707890148367369e-08,0.0,2.742845819585613e-07,-5.364007686713896e-10,2.7428510646035334e-07,0.0
693,5.73789829999987,99.00001525863445,237.00003051757784,24.098687924799172,57.69079690230513,0.0,0.24342105263157893,6.035716918262324e-06,-7.707912885734913e-08,0.0,1.6670083817015497e-07,-3.263408122392605e-10,1.6670115759933382e-07,0.0
694,5.7517292,99.00001525875041,237.00003051757807,24.0986879248274,57.69079690230518,0.0,0.24342105263157893,6.035745144572502e-06,-7.707917859534064e-08,0.0,1.69811203455322e-08,-3.361887948686103e-11,1.6981153624489282e-08,0.0
695,5.7544586999999865,99.0000152587794,237.00003051757812,24.098687924834458,57.690796902305195,0.0,0.24342105263157893,6.035752203814582e-06,-7.707919280619535e-08,0.0,1.0344595378016937e-08,-2.0599988256688605e-11,1.034461588916696e-08,0.0
696,5.76751790000003,99.00001525878665,237.00003051757812,24.09868792483622,57.690796902305195,0.0,0.24342105263157893,6.035753965960566e-06,-7.707919280619535e-08,0.0,9.909511145352067e-10,-1.7605089747264005e-12,9.9095267838097e-10,0.0
697,5.769923800000015,99.00001525878847,237.00003051757812,24.098687924836664,57.690796902305195,0.0,0.24342105263157893,6.035754410049776e-06,-7.707919280619535e-08,0.0,5.843814987948608e-10,-1.041278967962711e-12,5.843824264945148e-10,0.0
698,5.78344519999996,99.00001525878892,237.00003051757812,24.098687924836774,57.690796902305195,0.0,0.24342105263157893,6.0357545201839e-06,-7.707919280619535e-08,0.0,6.723907160886396e-11,4.426329921093649e-05,4.426329921098756e-05,0.0
699,5.7870126000000255,99.00001525878903,237.00003051757812,24.098687924836803,57.690796902305195,0.0,0.24342105263157893,6.03575454860561e-06,-7.707919280619535e-08,0.0,4.0252028226739496e-11,0.00031155680091551874,0.00031155680091552135,0.0
700,5.799599700000044,99.00001525878906,237.00001907348633,24.09868792483681,57.69079411657233,0.0,0.24342105263157893,6.035754555711037e-06,2.7086536746878664e-06,0.0,3.335347578932404e-12,0.00036370882913433543,0.00036370882913433543,0.0
701,5.802205199999889,99.00001525878906,237.00000476837158,24.09868792483681,57.690790634406234,0.0,0.24342105263157893,6.035754555711037e-06,6.190819767937228e-06,0.0,1.7063132475279185e-12,0.0006588547321981504,0.0006588547321981504,0.0
702,5.816226799999868,99.00001525878906,236.9999897480011,24.09868792483681,57.69078697813184,0.0,0.24342105263157893,6.035754555711037e-06,9.847094162296344e-06,0.0,1.1290014947987017e-13,0.0006731022733337109,0.0006731022733337109,0.0
703,5.81873389999987,99.00001525878906,236.99997454881668,24.09868792483681,57.69078327833037,0.0,0.24342105263157893,6.035754555711037e-06,1.3546895630156541e-05,0.0,-0.00011320435933343442,0.0006476326666308438,0.0006574521259068763,0.0
704,5.8317178999998305,99.00001525878906,236.99997074902058,24.09868792483681,57.69078235338,0.0,0.24342105263157893,6.035754555711037e-06,1.4471846000674304e-05,0.0,-0.0001387957260483182,0.0003811888782255667,0.00040567131332169116,0.0
705,5.8341786999999385,99.00000953674316,236.99996979907155,24.098686531970372,57.69078212214241,0.0,0.24342105263157893,4.6428881184112925e-06,1.4703083593303745e-05,0.0,-0.0002863689579795962,0.00033020349085875896,0.00043708297320947,0.0
706,5.847785499999873,99.00000238418579,236.9999695615843,24.09868479088733,57.690782064333014,0.0,0.24342105263157893,2.9018050753393254e-06,1.4760892987908392e-05,0.0,-0.00031367154941377274,3.511091318542944e-05,0.0003156305072966674,0.0
707,5.850263099999893,98.99999487400055,236.99996950221248,24.098682962750132,57.69078204988067,0.0,0.24342105263157893,1.0736678781597675e-06,1.4775345334783196e-05,0.0,-0.00035207194674609414,2.0938372701459682e-05,0.00035269401913977757,0.0
708,5.863814199999979,98.99998727440834,236.99996948736953,24.0986811128494,57.69078204626758,0.0,0.24342105263157893,-7.762328557703313e-07,1.4778958423278254e-05,0.0,-0.00024047758555106904,2.1478247157866285e-06,0.00024048717700426663,0.0
709,5.8662228999999115,98.99998537451029,236.9999694836588,24.098680650374213,57.69078204536431,0.0,0.24342105263157893,-1.2387080410292128e-06,1.4779861693625662e-05,0.0,-0.0002152495531412194,1.298821119648939e-06,0.0002152534716649083,0.0
710,5.880585500000052,98.99998489953578,236.9999694827311,24.098680534755417,57.69078204513849,0.0,0.24342105263157893,-1.3543268373439332e-06,1.4780087511212514e-05,0.0,-6.847523519443459e-05,1.3374039795854017e-07,6.847536579987857e-05,0.0
711,5.896496299999853,98.99998478079215,236.99996948249918,24.09868050585072,57.69078204508203,0.0,0.24342105263157893,-1.3832315346462565e-06,1.4780143970938298e-05,0.0,-4.119961012585914e-05,8.04677207976941e-08,4.119968870728134e-05,0.0
712,5.898305299999947,98.99998475110624,236.9999694824412,24.098680498624542,57.69078204506792,0.0,0.24342105263157893,-1.3904577116363726e-06,1.478015808231703e-05,0.0,-2.8346838458593343e-06,5.536267949735581e-09,2.834689252147169e-06,0.0
713,5.911703799999941,98.99998474368476,236.9999694824267,24.098680496817998,57.69078204506439,0.0,0.24342105263157893,-1.3922642558839016e-06,1.4780161613714426e-05,0.0,-1.2263704355633216e-06,2.3950322071330676e-09,1.2263727742424178e-06,0.0
714,5.914250300000049,98.9999847418294,236.99996948242307,24.098680496366363,57.69078204506351,0.0,0.24342105263157893,-1.3927158910576054e-06,1.4780162494787419e-05,0.0,-8.652068007471565e-07,1.68970043344e-09,8.652084506907481e-07,0.0
715,5.927654099999927,98.99998474136555,236.99996948242216,24.098680496253454,57.69078204506329,0.0,0.24342105263157893,-1.3928287998510314e-06,1.4780162715055667e-05,0.0,-6.639995846151424e-08,1.297859098502545e-10,6.640008530170133e-08,0.0
716,5.93025479999983,98.99998474124959,236.99996948242193,24.098680496225228,57.69078204506323,0.0,0.24342105263157893,-1.3928570261612094e-06,1.4780162771899086e-05,0.0,-3.955722391339435e-08,7.707258527318521e-11,3.9557298996744185e-08,0.0
717,5.943425499999876,98.9999847412206,236.99996948242188,24.098680496218172,57.690782045063216,0.0,0.24342105263157893,-1.3928640818505755e-06,1.478016278610994e-05,0.0,-4.0929383045799866e-09,7.873842504266209e-12,4.09294587827568e-09,0.0
718,5.946281900000031,98.99998474121335,236.99996948242188,24.098680496216407,57.690782045063216,0.0,0.24342105263157893,-1.392865847549274e-06,1.478016278610994e-05,0.0,-2.416366764039604e-09,4.5871887480532995e-12,2.416371118155454e-09,0.0
719,5.9594075999998495,98.99998474121153,236.99996948242188,24.098680496215962,57.690782045063216,0.0,0.24342105263157893,-1.3928662916384837e-06,1.478016278610994e-05,0.0,-2.4612278328578654e-10,2.1579497999578329e-13,2.461228778878868e-10,0.0
720,5.962108100000023,98.99998474121108,236.99996948242188,24.098680496215852,57.690782045063216,0.0,0.24342105263157893,-1.3928664017726078e-06,1.478016278610994e-05,0.0,-1.3957502291584096e-10,-0.00023305721302995655,0.00023305721302999835,0.0
721,5.975444199999856,98.99998474121097,236.99996948242188,24.098680496215824,57.690782045063216,0.0,0.24342105263157893,-1.3928664301943172e-06,1.478016278610994e-05,0.0,-1.5943969963319137e-11,-0.00028521746248316726,0.0002852174624831677,0.0
722,5.977834799999982,98.99998474121094,236.99998092651367,24.098680496215817,57.69078483079608,0.0,0.24342105263157893,-1.3928664372997446e-06,1.1994429918615879e-05,0.0,-9.177257180668312e-12,-0.0006192153061403532,0.0006192153061403533,0.0
723,5.991186599999992,98.99998474121094,236.99999523162842,24.098680496215817,57.69078831296218,0.0,0.24342105263157893,-1.3928664372997446e-06,8.512263825366517e-06,0.0,-1.0206843952038212e-12,-0.0006731494514616505,0.0006731494514616505,0.0
724,5.993375999999898,98.99998474121094,237.0000102519989,24.098680496215817,57.69079196923657,0.0,0.24342105263157893,-1.3928664372997446e-06,4.8559894310074014e-06,0.0,-5.944471979608533e-13,-0.0007544601956536344,0.0007544601956536344,0.0
725,6.007095700000036,98.99998474121094,237.00002545118332,24.098680496215817,57.69079566903804,0.0,0.24342105263157893,-1.3928664372997446e-06,1.1561879631472038e-06,0.0,2.0000810409269597e-05,-0.0005247234296714534,0.0005251044753791385,0.0
726,6.009370799999942,98.99998474121094,237.00002925097942,24.098680496215817,57.69079659398841,0.0,0.24342105263157893,-1.3928664372997446e-06,2.3123759262944077e-07,0.0,0.00018235469357552234,-0.0004779538361866074,0.0005115594821665581,0.0
727,6.0232988999998724,98.99999046325684,237.00003020092845,24.098681889082254,57.690796825226,0.0,0.24342105263157893,0.0,-0.0,0.0,0.0002089152595748269,-0.0001441659672039728,0.00025382949352483505,0.0
728,6.025443699999869,98.99999761581421,237.0000304384157,24.098683630165297,57.6907968830354,0.0,0.24342105263157893,1.741083043071967e-06,-5.7809394604646513e-08,0.0,0.0003793973107737885,-9.056479474187826e-05,0.00039005679262002496,0.0
729,6.03920949999997,99.00000512599945,237.00003049778752,24.098685458302494,57.69079689748774,0.0,0.24342105263157893,3.569220240251525e-06,-7.22617414794513e-08,0.0,0.00038602222295076947,-9.266989911903715e-06,0.00038613344029477805,0.0
730,6.0413796999998794,99.00001272559166,237.00003051263047,24.098687308203232,57.69079690110083,0.0,0.24342105263157893,5.4191209777343374e-06,-7.587482997450934e-08,0.0,0.00037643845878954085,-5.966888623821708e-06,0.0003764857460989645,0.0
731,6.055341399999861,99.00001462548971,237.0000305163412,24.098687770678414,57.69079690200411,0.0,0.24342105263157893,5.881596159440505e-06,-7.677810742734437e-08,0.0,0.0002145064465992743,-5.770565948627216e-07,0.00021450722278506376,0.0
732,6.057561200000009,99.00001510046422,237.0000305172689,24.09868788629721,57.69079690222993,0.0,0.24342105263157893,5.997214955755226e-06,-7.700392501419628e-08,0.0,0.00018861014253291638,-3.683791008722857e-07,0.0001886105022777072,0.0
733,6.071264299999939,99.00001521920785,237.00003051750082,24.09868791520191,57.69079690228638,0.0,0.24342105263157893,6.026119656610263e-06,-7.706037763455242e-08,0.0,1.815424111064189e-05,-3.5457358742094035e-08,1.8154275736795697e-05,0.0
734,6.073439999999891,99.00001524889376,237.0000305175588,24.098687922428084,57.69079690230049,0.0,0.24342105263157893,6.033345830047665e-06,-7.707448901328462e-08,0.0,1.1571510233156391e-05,-2.260028616875163e-08,1.1571532303415049e-05,0.0
735,6.087256899999829,99.00001525631524,237.0000305175733,24.09868792423463,57.69079690230402,0.0,0.24342105263157893,6.035152374295194e-06,-7.707802041068135e-08,0.0,1.1560950847351433e-06,-2.257811154128892e-09,1.1560972894440874e-06,0.0
736,6.089398299999857,99.0000152581706,237.00003051757693,24.098687924686264,57.6907969023049,0.0,0.24342105263157893,6.035604009468898e-06,-7.707890148367369e-08,0.0,7.345731246276526e-07,-1.4344867543068681e-09,7.345745252712492e-07,0.0
737,6.103242799999862,99.00001525863445,237.00003051757784,24.098687924799172,57.69079690230513,0.0,0.24342105263157893,6.035716918262324e-06,-7.707912885734913e-08,0.0,7.096217306055915e-08,-1.3861667422251667e-10,7.096230844652054e-08,0.0
738,6.119417599999906,99.00001525875041,237.00003051757807,24.0986879248274,57.69079690230518,0.0,0.24342105263157893,6.035745144572502e-06,-7.707917859534064e-08,0.0,4.48381252640472e-08,-8.749960169910614e-11,4.483821063975106e-08,0.0
739,6.121586399999842,99.0000152587794,237.00003051757812,24.098687924834458,57.690796902305195,0.0,0.24342105263157893,6.035752203814582e-06,-7.707919280619535e-08,0.0,2.698271331789957e-09,-5.210165598319676e-12,2.698276362010591e-09,0.0
740,6.135284199999887,99.00001525878665,237.00003051757812,24.09868792483622,57.690796902305195,0.0,0.24342105263157893,6.035753965960566e-06,-7.707919280619535e-08,0.0,1.0687721149412131e-09,-1.925486838622253e-12,1.0687738494066363e-09,0.0
741,6.137427200000047,99.00001525878847,237.00003051757812,24.098687924836664,57.690796902305195,0.0,0.24342105263157893,6.035754410049776e-06,-7.707919280619535e-08,0.0,7.223784070035019e-10,-1.31048088487852e-12,7.223795956871059e-10,0.0
742,6.151190499999984,99.00001525878892,237.00003051757812,24.098687924836774,57.690796902305195,0.0,0.24342105263157893,6.0357545201839e-06,-7.707919280619535e-08,0.0,7.149746957600894e-11,3.937904719996639e-05,3.93790472000313e-05,0.0
743,6.153358300000036,99.00001525878903,237.00003051757812,24.098687924836803,57.690796902305195,0.0,0.24342105263157893,6.03575454860561e-06,-7.707919280619535e-08,0.0,4.576857902892533e-11,0.00035361142489696986,0.00035361142489697284,0.0
744,6.167506600000024,99.00001525878906,237.00001907348633,24.09868792483681,57.69079411657233,0.0,0.24342105263157893,6.035754555711037e-06,2.7086536746878664e-06,0.0,4.323015816896828e-12,0.00040682571998909393,0.000406825719989094,0.0
745,6.169722899999897,99.00001525878906,237.00000476837158,24.09868792483681,57.690790634406234,0.0,0.24342105263157893,6.035754555711037e-06,6.190819767937228e-06,0.0,2.7226129477692097e-12,0.0007753685497388638,0.0007753685497388638,0.0
746,6.183464599999979,99.00001525878906,236.9999897480011,24.09868792483681,57.69078697813184,0.0,0.24342105263157893,6.035754555711037e-06,9.847094162296344e-06,0.0,1.0044213591183426e-13,0.0007881997564990689,0.0007881997564990689,0.0
747,6.1854723999999806,99.00001525878906,236.99997454881668,24.09868792483681,57.69078327833037,0.0,0.24342105263157893,6.035754555711037e-06,1.3546895630156541e-05,0.0,-0.0001274701599114929,0.0007699827476113806,0.0007804627302357445,0.0
748,6.199889600000006,99.00001525878906,236.99997074902058,24.09868792483681,57.69078235338,0.0,0.24342105263157893,6.035754555711037e-06,1.4471846000674304e-05,0.0,-0.00015297343435642408,0.00045659715827519893,0.00048154110578826627,0.0
749,6.2020749999999225,99.00000953674316,236.99996979907155,24.098686531970372,57.69078212214241,0.0,0.24342105263157893,4.6428881184112925e-06,1.4703083593303745e-05,0.0,-0.000322433686215515,0.00040472253197004434,0.0005174589934388703,0.0
750,6.215728799999852,99.00000238418579,236.9999695615843,24.09868479088733,57.690782064333014,0.0,0.24342105263157893,2.9018050753393254e-06,1.4760892987908392e-05,0.0,-0.0003489229000010531,3.623143898204561e-05,0.00035079895569379134,0.0
751,6.217886399999998,98.99999487400055,236.99996950221248,24.098682962750132,57.69078204988067,0.0,0.24342105263157893,1.0736678781597675e-06,1.4775345334783196e-05,0.0,-0.00039087266509468756,2.3482165220837262e-05,0.00039157739005422985,0.0
752,6.231853600000022,98.99998727440834,236.99996948736953,24.0986811128494,57.69078204626758,0.0,0.24342105263157893,-7.762328557703313e-07,1.4778958423278254e-05,0.0,-0.0002650615851793829,2.3233672937999535e-06,0.00026507176759019277,0.0
753,6.234058499999946,98.99998537451029,236.9999694836588,24.098680650374213,57.69078204536431,0.0,0.24342105263157893,-1.2387080410292128e-06,1.4779861693625662e-05,0.0,-0.00024229174468436528,1.4819181665858912e-06,0.0002422962765369004,0.0
754,6.247996199999989,98.99998489953578,236.9999694827311,24.098680534755417,57.69078204513849,0.0,0.24342105263157893,-1.3543268373439332e-06,1.4780087511212514e-05,0.0,-7.29336317680101e-05,1.424488379615444e-07,7.293377087840123e-05,0.0
755,6.250111099999913,98.99998478079215,236.99996948249918,24.09868050585072,57.69078204508203,0.0,0.24342105263157893,-1.3832315346462565e-06,1.4780143970938298e-05,0.0,-4.65601775779774e-05,9.09383607858206e-08,4.656026638538757e-05,0.0
756,6.2642607999998745,98.99998475110624,236.9999694824412,24.098680498624542,57.69078204506792,0.0,0.24342105263157893,-1.3904577116363726e-06,1.478015808231703e-05,0.0,-4.617785939257605e-06,9.019746302065269e-09,4.617794748213545e-06,0.0
757,6.267381999999998,98.99998474368476,236.9999694824267,24.098680496817998,57.69078204506439,0.0,0.24342105263157893,-1.3922642558839016e-06,1.4780161613714426e-05,0.0,-2.9681567502537425e-06,5.7977981792435025e-09,2.968162412763255e-06,0.0
758,6.279632300000003,98.9999847418294,236.99996948242307,24.098680496366363,57.69078204506351,0.0,0.24342105263157893,-1.3927158910576054e-06,1.4780162494787419e-05,0.0,-2.351461801745786e-07,4.5941719289951346e-10,2.3514662896765606e-07,0.0
759,6.282021699999859,98.99998474136555,236.99996948242216,24.098680496253454,57.69078204506329,0.0,0.24342105263157893,-1.3928287998510314e-06,1.4780162715055667e-05,0.0,-1.336068541097745e-07,2.6116653489584014e-10,1.3360710936574267e-07,0.0
760,6.295355499999914,98.99998474124959,236.99996948242193,24.098680496225228,57.69078204506323,0.0,0.24342105263157893,-1.3928570261612094e-06,1.4780162771899086e-05,0.0,-1.787328581078724e-08,3.488193944612749e-11,1.787331984897568e-08,0.0
761,6.297708899999861,98.9999847412206,236.99996948242188,24.098680496218172,57.690782045063216,0.0,0.24342105263157893,-1.3928640818505755e-06,1.478016278610994e-05,0.0,-1.0539487029551225e-08,2.049742653881659e-11,1.0539506961455703e-08,0.0
762,6.311277000000018,98.99998474121335,236.99996948242188,24.098680496216407,57.690782045063216,0.0,0.24342105263157893,-1.392865847549274e-06,1.478016278610994e-05,0.0,-1.0902650105251525e-09,2.0603085929828263e-12,1.0902669572388725e-09,0.0
763,6.3135167000000365,98.99998474121153,236.99996948242188,24.098680496215962,57.690782045063216,0.0,0.24342105263157893,-1.3928662916384837e-06,1.478016278610994e-05,0.0,-6.67226448934886e-10,1.2076871518246577e-12,6.672275418974511e-10,0.0
764,6.327412299999878,98.99998474121108,236.99996948242188,24.098680496215852,57.690782045063216,0.0,0.24342105263157893,-1.3928664017726078e-06,1.478016278610994e-05,0.0,-6.823630370046795e-11,-0.00024563379484618213,0.0002456337948461916,0.0
765,6.3440685999999005,98.99998474121097,236.99996948242188,24.098680496215824,57.690782045063216,0.0,0.24342105263157893,-1.3928664301943172e-06,1.478016278610994e-05,0.0,-4.2209097262669915e-11,-0.00029962756296160627,0.00029962756296160925,0.0
766,6.346336800000017,98.99998474121094,236.99998092651367,24.098680496215817,57.69078483079608,0.0,0.24342105263157893,-1.3928664372997446e-06,1.1994429918615879e-05,0.0,-2.5529638656578834e-12,-0.0006403165672608747,0.0006403165672608747,0.0
767,6.35923519999983,98.99998474121094,236.99999523162842,24.098680496215817,57.69078831296218,0.0,0.24342105263157893,-1.3928664372997446e-06,8.512263825366517e-06,0.0,-9.677984313611113e-13,-0.0006939430959576667,0.0006939430959576667,0.0
768,6.361381599999959,98.99998474121094,237.0000102519989,24.098680496215817,57.69079196923657,0.0,0.24342105263157893,-1.3928664372997446e-06,4.8559894310074014e-06,0.0,-6.265256465245532e-13,-0.0007799769877384275,0.0007799769877384275,0.0
769,6.37518,98.99998474121094,237.00002545118332,24.098680496215817,57.69079566903804,0.0,0.24342105263157893,-1.3928664372997446e-06,1.1561879631472038e-06,0.0,1.96000314825601e-05,-0.0005375971043758724,0.0005379542804620482,0.0
770,6.37733019999996,98.99998474121094,237.00002925097942,24.098680496215817,57.69079659398841,0.0,0.24342105263157893,-1.3928664372997446e-06,2.3123759262944077e-07,0.0,0.0001808860938409478,-0.0004889585372430819,0.0005213446365773129,0.0
771,6.391543100000035,98.99999046325684,237.00003020092845,24.098681889082254,57.690796825226,0.0,0.24342105263157893,0.0,-0.0,0.0,0.0002078481786320042,-0.00014848268182698777,0.0002554368261687731,0.0
772,6.393702099999928,98.99999761581421,237.0000304384157,24.098683630165297,57.6907968830354,0.0,0.24342105263157893,1.741083043071967e-06,-5.7809394604646513e-08,0.0,0.000378542595005474,-9.51895407652583e-05,0.00039032748417781074,0.0
773,6.407262899999978,99.00000512599945,237.00003049778752,24.098685458302494,57.69079689748774,0.0,0.24342105263157893,3.569220240251525e-06,-7.22617414794513e-08,0.0,0.00038522291454709843,-9.168696564688499e-06,0.00038533201124336453,0.0
774,6.409430400000019,99.00001272559166,237.00003051263047,24.098687308203232,57.69079690110083,0.0,0.24342105263157893,5.4191209777343374e-06,-7.587482997450934e-08,0.0,0.00037633477413982026,-5.935706708602417e-06,0.0003763815814316637,0.0
775,6.423276299999998,99.00001462548971,237.0000305163412,24.098687770678414,57.69079690200411,0.0,0.24342105263157893,5.881596159440505e-06,-7.677810742734437e-08,0.0,0.00021547321282936547,-5.813348020634134e-07,0.00021547399703249838,0.0
776,6.425434999999879,99.00001510046422,237.0000305172689,24.09868788629721,57.69079690222993,0.0,0.24342105263157893,5.997214955755226e-06,-7.700392501419628e-08,0.0,0.0001891323602802028,-3.693990704307756e-07,0.0001891327210210694,0.0
777,6.439053199999989,99.00001521920785,237.00003051750082,24.09868791520191,57.69079690228638,0.0,0.24342105263157893,6.026119656610263e-06,-7.706037763455242e-08,0.0,1.8464029681526247e-05,-3.6062427331222946e-08,1.8464064898579273e-05,0.0
778,6.441379599999891,99.00001524889376,237.0000305175588,24.098687922428084,57.69079690230049,0.0,0.24342105263157893,6.033345830047665e-06,-7.707448901328462e-08,0.0,1.1824691508597402e-05,-2.309479568990588e-08,1.1824714061789548e-05,0.0
779,6.455230399999891,99.00001525631524,237.0000305175733,24.09868792423463,57.69079690230402,0.0,0.24342105263157893,6.035152374295194e-06,-7.707802041068135e-08,0.0,1.1143950326266274e-06,-2.176379323960806e-09,1.1143971578256397e-06,0.0
780,6.457434499999863,99.0000152581706,237.00003051757693,24.098687924686264,57.6907969023049,0.0,0.24342105263157893,6.035604009468898e-06,-7.707890148367369e-08,0.0,6.924437868779216e-07,-1.3517962728826245e-09,6.924451063723391e-07,0.0
781,6.471595900000011,99.00001525863445,237.00003051757784,24.098687924799172,57.69079690230513,0.0,0.24342105263157893,6.035716918262324e-06,-7.707912885734913e-08,0.0,7.131814222052682e-08,-1.3885932050831274e-10,7.13182774027681e-08,0.0
782,6.473809899999878,99.00001525875041,237.00003051757807,24.0986879248274,57.69079690230518,0.0,0.24342105263157893,6.035745144572502e-06,-7.707917859534064e-08,0.0,4.53928323897301e-08,-8.78673576364547e-11,4.539291743250997e-08,0.0
783,6.487054599999965,99.0000152587794,237.00003051757812,24.098687924834458,57.690796902305195,0.0,0.24342105263157893,6.035752203814582e-06,-7.707919280619535e-08,0.0,4.417743546941515e-09,-7.91880790152212e-12,4.41775064416972e-09,0.0
784,6.489250899999888,99.00001525878665,237.00003051757812,24.09868792483622,57.690796902305195,0.0,0.24342105263157893,6.035753965960566e-06,-7.707919280619535e-08,0.0,2.8332007690534618e-09,-4.707632799613376e-12,2.8332046801407947e-09,0.0
785,6.5033942000000025,99.00001525878847,237.00003051757812,24.098687924836664,57.690796902305195,0.0,0.24342105263157893,6.035754410049776e-06,-7.707919280619535e-08,0.0,2.8381345483538197e-10,-2.1458930311912075e-13,2.838135359600814e-10,0.0
786,6.505584499999941,99.00001525878892,237.00003051757812,24.098687924836774,57.690796902305195,0.0,0.24342105263157893,6.0357545201839e-06,-7.707919280619535e-08,0.0,1.7782544661328775e-10,0.00023885217074852752,0.00023885217074859374,0.0
787,6.5192859999999655,99.00001525878903,237.00003051757812,24.098687924836803,57.690796902305195,0.0,0.24342105263157893,6.03575454860561e-06,-7.707919280619535e-08,0.0,1.7360484199532126e-11,0.000289844154659292,0.0002898441546592925,0.0
788,6.521618600000011,99.00001525878906,237.00001907348633,24.09868792483681,57.69079411657233,0.0,0.24342105263157893,6.035754555711037e-06,2.7086536746878664e-06,0.0,1.1080631409214829e-11,0.0006221421092269615,0.0006221421092269616,0.0
789,6.53527629999985,99.00001525878906,237.00000476837158,24.09868792483681,57.690790634406234,0.0,0.24342105263157893,6.035754555711037e-06,6.190819767937228e-06,0.0,1.0240981447382815e-12,0.0006761912888460659,0.0006761912888460659,0.0
790,6.5374769000000015,99.00001525878906,236.9999897480011,24.09868792483681,57.69078697813184,0.0,0.24342105263157893,6.035754555711037e-06,9.847094162296344e-06,0.0,6.092281023290152e-13,0.000761870541361457,0.000761870541361457,0.0
791,6.55116739999994,99.00001525878906,236.99997454881668,24.09868792483681,57.69078327833037,0.0,0.24342105263157893,6.035754555711037e-06,1.3546895630156541e-05,0.0,-2.0132346189520955e-05,0.0005263606546555204,0.0005267455269221398,0.0
792,6.553326499999912,99.00001525878906,236.99997074902058,24.09868792483681,57.69078235338,0.0,0.24342105263157893,6.035754555711037e-06,1.4471846000674304e-05,0.0,-4.142179481892702e-05,0.0004760755469283073,0.00047787413768596873,0.0
793,6.567163599999958,99.00000953674316,236.99996979907155,24.098686531970372,57.69078212214241,0.0,0.24342105263157893,4.6428881184112925e-06,1.4703083593303745e-05,0.0,-0.00021344938464869765,0.00014513755724953787,0.0002581192560257188,0.0
794,6.583519899999828,99.00000238418579,236.9999695615843,24.09868479088733,57.690782064333014,0.0,0.24342105263157893,2.9018050753393254e-06,1.4760892987908392e-05,0.0,-0.00024043238785648484,9.114107882496999e-05,0.00025712726300365456,0.0
795,6.5856452999998965,98.99999487400055,236.99996950221248,24.098682962750132,57.69078204988067,0.0,0.24342105263157893,1.0736678781597675e-06,1.4775345334783196e-05,0.0,-0.000283281937124761,5.5455166966256136e-06,0.000283336211340149,0.0
796,6.599356899999975,98.99998727440834,236.99996948736953,24.0986811128494,57.69078204626758,0.0,0.24342105263157893,-7.762328557703313e-07,1.4778958423278254e-05,0.0,-0.0002646770509723086,2.206215969469421e-06,0.00026468624577091646,0.0
797,6.601515500000005,98.99998537451029,236.9999694836588,24.098680650374213,57.69078204536431,0.0,0.24342105263157893,-1.2387080410292128e-06,1.4779861693625662e-05,0.0,-0.00024579823553587583,1.5040484907910632e-06,0.00024580283715696315,0.0
798,6.616654199999857,98.99998489953578,236.9999694827311,24.098680534755417,57.69078204513849,0.0,0.24342105263157893,-1.3543268373439332e-06,1.4780087511212514e-05,0.0,-7.3882996478675e-05,1.4430300203914219e-07,7.388313739970915e-05,0.0
799,6.619052300000021,98.99998478079215,236.99996948249918,24.09868050585072,57.69078204508203,0.0,0.24342105263157893,-1.3832315346462565e-06,1.4780143970938298e-05,0.0,-4.7048851564187676e-05,9.189279278576282e-08,4.70489413036503e-05,0.0
800,6.631915899999967,98.99998475110624,236.9999694824412,24.098680498624542,57.69078204506792,0.0,0.24342105263157893,-1.3904577116363726e-06,1.478015808231703e-05,0.0,-4.206267191526569e-06,8.215993213578994e-09,4.206275215562731e-06,0.0
801,6.634343100000024,98.99998474368476,236.9999694824267,24.098680496817998,57.69078204506439,0.0,0.24342105263157893,-1.3922642558839016e-06,1.4780161613714426e-05,0.0,-2.689120343480895e-06,5.252797275446204e-09,2.6891254737557382e-06,0.0
802,6.647311999999829,98.9999847418294,236.99996948242307,24.098680496366363,57.69078204506351,0.0,0.24342105263157893,-1.3927158910576054e-06,1.4780162494787419e-05,0.0,-2.7887692514863955e-07,5.448773482364333e-10,2.788774574462492e-07,0.0
803,6.649501599999894,98.99998474136555,236.99996948242216,24.098680496253454,57.69078204506329,0.0,0.24342105263157893,-1.3928287998510314e-06,1.4780162715055667e-05,0.0,-1.6697711061062897e-07,3.2638547401285775e-10,1.6697742959858936e-07,0.0
804,6.6639849999999115,98.99998474124959,236.99996948242193,24.098680496225228,57.69078204506323,0.0,0.24342105263157893,-1.3928570261612094e-06,1.4780162771899086e-05,0.0,-1.814751922481059e-08,3.540019083507812e-11,1.8147553752183274e-08,0.0
805,6.6671142000000145,98.9999847412206,236.99996948242188,24.098680496218172,57.690782045063216,0.0,0.24342105263157893,-1.3928640818505755e-06,1.478016278610994e-05,0.0,-1.1221440900068082e-08,2.181271630206827e-11,1.1221462100293047e-08,0.0
806,6.679417899999862,98.99998474121335,236.99996948242188,24.098680496216407,57.690782045063216,0.0,0.24342105263157893,-1.392865847549274e-06,1.478016278610994e-05,0.0,-9.098393274369001e-10,1.6932197657992054e-12,9.098409029846954e-10,0.0
807,6.681705999999849,98.99998474121153,236.99996948242188,24.098680496215962,57.690782045063216,0.0,0.24342105263157893,-1.3928662916384837e-06,1.478016278610994e-05,0.0,-5.21405839193298e-10,9.082739815118157e-13,5.214066302862794e-10,0.0
808,6.695581599999969,98.99998474121108,236.99996948242188,24.098680496215852,57.690782045063216,0.0,0.24342105263157893,-1.3928664017726078e-06,1.478016278610994e-05,0.0,-7.057073119836215e-11,-4.819315210228565e-05,4.819315210233732e-05,0.0
809,6.699820000000045,98.99998474121097,236.99996948242188,24.098680496215824,57.690782045063216,0.0,0.24342105263157893,-1.3928664301943172e-06,1.478016278610994e-05,0.0,-4.186881716623002e-11,-0.0003594482218771344,0.00035944822187713684,0.0
810,6.711380699999836,98.99998474121094,236.99998092651367,24.098680496215817,57.69078483079608,0.0,0.24342105263157893,-1.3928664372997446e-06,1.1994429918615879e-05,0.0,-3.0515268508958207e-12,-0.0004109599174280754,0.0004109599174280754,0.0
811,6.713618199999928,98.99998474121094,236.99999523162842,24.098680496215817,57.69078831296218,0.0,0.24342105263157893,-1.3928664372997446e-06,8.512263825366517e-06,0.0,-1.4640765922854907e-12,-0.0008415449006137405,0.0008415449006137405,0.0
812,6.727814099999932,98.99998474121094,237.0000102519989,24.098680496215817,57.69079196923657,0.0,0.24342105263157893,-1.3928664372997446e-06,4.8559894310074014e-06,0.0,-1.2292382568061748e-13,-0.0008545391529197218,0.0008545391529197218,0.0
813,6.729532599999857,98.99998474121094,237.00002545118332,24.098680496215817,57.69079566903804,0.0,0.24342105263157893,-1.3928664372997446e-06,1.1561879631472038e-06,0.0,0.00015186898949811977,-0.000831558626081558,0.0008453129234678885,0.0
814,6.74376889999985,98.99998474121094,237.00002925097942,24.098680496215817,57.69079659398841,0.0,0.24342105263157893,-1.3928664372997446e-06,2.3123759262944077e-07,0.0,0.0001769221662230271,-0.0005211354000175266,0.0005503485786776195,0.0
815,6.745603200000005,98.99999046325684,237.00003020092845,24.098681889082254,57.690796825226,0.0,0.24342105263157893,0.0,-0.0,0.0,0.0003559144017178914,-0.00047103872839326873,0.0005903833881441382,0.0
816,6.759502299999895,98.99999761581421,237.0000304384157,24.098683630165297,57.6907968830354,0.0,0.24342105263157893,1.741083043071967e-06,-5.7809394604646513e-08,0.0,0.00038281363668401776,-4.0506282792141404e-05,0.00038495069733263256,0.0
817,6.761544999999842,99.00000512599945,237.00003049778752,24.098685458302494,57.69079689748774,0.0,0.24342105263157893,3.569220240251525e-06,-7.22617414794513e-08,0.0,0.00042571883954963706,-2.759583023129426e-05,0.0004266123066598572,0.0
818,6.775299299999915,99.00001272559166,237.00003051263047,24.098687308203232,57.69079690110083,0.0,0.24342105263157893,5.4191209777343374e-06,-7.587482997450934e-08,0.0,0.0002755092991396276,-2.3864460732945704e-06,0.0002755196345766841,0.0
819,6.777455099999997,99.00001462548971,237.0000305163412,24.098687770678414,57.69079690200411,0.0,0.24342105263157893,5.881596159440505e-06,-7.677810742734437e-08,0.0,0.00025081565150640106,-1.5553045444310143e-06,0.0002508204736715214,0.0
820,6.791389699999854,99.00001510046422,237.0000305172689,24.09868788629721,57.69079690222993,0.0,0.24342105263157893,5.997214955755226e-06,-7.700392501419628e-08,0.0,7.250170703679264e-05,-1.4160519452851245e-07,7.250184532327453e-05,0.0
821,6.8074689000000035,99.00001521920785,237.00003051750082,24.09868791520191,57.69079690228638,0.0,0.24342105263157893,6.026119656610263e-06,-7.706037763455242e-08,0.0,4.562853188122736e-05,-8.91185511992473e-08,4.562861891129677e-05,0.0
822,6.809599599999956,99.00001524889376,237.0000305175588,24.098687922428084,57.69079690230049,0.0,0.24342105263157893,6.033345830047665e-06,-7.707448901328462e-08,0.0,2.7679195446825815e-06,-5.4057955495057454e-09,2.767924823484437e-06,0.0
823,6.823464199999989,99.00001525631524,237.0000305175733,24.09868792423463,57.69079690230402,0.0,0.24342105263157893,6.035152374295194e-06,-7.707802041068135e-08,0.0,1.1101149190457065e-06,-2.168001015905741e-09,1.1101170360445157e-06,0.0
824,6.825489899999866,99.0000152581706,237.00003051757693,24.098687924686264,57.6907969023049,0.0,0.24342105263157893,6.035604009468898e-06,-7.707890148367369e-08,0.0,7.532121414081773e-07,-1.4704469282872454e-09,7.532135767356168e-07,0.0
825,6.839221899999984,99.00001525863445,237.00003051757784,24.098687924799172,57.69079690230513,0.0,0.24342105263157893,6.035716918262324e-06,-7.707912885734913e-08,0.0,7.502258723967711e-08,-1.460744175801144e-10,7.50227294482841e-08,0.0
826,6.841371399999844,99.00001525875041,237.00003051757807,24.0986879248274,57.69079690230518,0.0,0.24342105263157893,6.035745144572502e-06,-7.707917859534064e-08,0.0,4.9115754019070817e-08,-9.513320908193694e-11,4.9115846151617314e-08,0.0
827,6.855285200000026,99.0000152587794,237.00003051757812,24.098687924834458,57.690796902305195,0.0,0.24342105263157893,6.035752203814582e-06,-7.707919280619535e-08,0.0,4.531739716603729e-09,-8.143724716407839e-12,4.5317470339038016e-09,0.0
828,6.857588999999962,99.00001525878665,237.00003051757812,24.09868792483622,57.690796902305195,0.0,0.24342105263157893,6.035753965960566e-06,-7.707919280619535e-08,0.0,2.8975189434722486e-09,-4.8321360848716475e-12,2.897522972699212e-09,0.0
829,6.8712222999999994,99.00001525878847,237.00003051757812,24.098687924836664,57.690796902305195,0.0,0.24342105263157893,6.035754410049776e-06,-7.707919280619535e-08,0.0,2.71566699803468e-10,-2.0426992935094584e-13,2.7156677662842144e-10,0.0
830,6.873372999999901,99.00001525878892,237.00003051757812,24.098687924836774,57.690796902305195,0.0,0.24342105263157893,6.0357545201839e-06,-7.707919280619535e-08,0.0,1.706036872898655e-10,0.0001991943416084335,0.00019919434160850654,0.0
831,6.889084299999922,99.00001525878903,237.00003051757812,24.098687924836803,57.690796902305195,0.0,0.24342105263157893,6.03575454860561e-06,-7.707919280619535e-08,0.0,1.7626346832014348e-11,0.0002600213909431681,0.0002600213909431687,0.0
832,6.891881300000023,99.00001525878906,237.00001907348633,24.09868792483681,57.69079411657233,0.0,0.24342105263157893,6.035754555711037e-06,2.7086536746878664e-06,0.0,1.111157476877457e-11,0.0005991934126812077,0.0005991934126812078,0.0
833,6.9033306999999695,99.00001525878906,237.00000476837158,24.09868792483681,57.690790634406234,0.0,0.24342105263157893,6.035754555711037e-06,6.190819767937228e-06,0.0,8.698744806973672e-13,0.0006521320430406481,0.0006521320430406481,0.0
834,6.905486699999983,99.00001525878906,236.9999897480011,24.09868792483681,57.69078697813184,0.0,0.24342105263157893,6.035754555711037e-06,9.847094162296344e-06,0.0,5.08074891479845e-13,0.0007356414661677255,0.0007356414661677255,0.0
835,6.919464399999924,99.00001525878906,236.99997454881668,24.09868792483681,57.69078327833037,0.0,0.24342105263157893,6.035754555711037e-06,1.3546895630156541e-05,0.0,-2.0560583328289558e-05,0.0005398605026582773,0.0005402518856211863,0.0
836,6.921679599999834,99.00001525878906,236.99997074902058,24.09868792483681,57.69078235338,0.0,0.24342105263157893,6.035754555711037e-06,1.4471846000674304e-05,0.0,-0.00018255947080777726,0.00048441232232642015,0.0005176709943615648,0.0
837,6.935228499999994,99.00000953674316,236.99996979907155,24.098686531970372,57.69078212214241,0.0,0.24342105263157893,4.6428881184112925e-06,1.4703083593303745e-05,0.0,-0.00020899196236280973,0.00014544926276983394,0.00025462350318174924,0.0
838,6.937377999999853,99.00000238418579,236.9999695615843,24.09868479088733,57.690782064333014,0.0,0.24342105263157893,2.9018050753393254e-06,1.4760892987908392e-05,0.0,-0.0003804616508210637,9.284553424985797e-05,0.00039162655805707376,0.0
839,6.951210499999888,98.99999487400055,236.99996950221248,24.098682962750132,57.69078204988067,0.0,0.24342105263157893,1.0736678781597675e-06,1.4775345334783196e-05,0.0,-0.00038711080378503926,9.349097728114614e-06,0.00038722368217275786,0.0
840,6.953368199999886,98.99998727440834,236.99996948736953,24.0986811128494,57.69078204626758,0.0,0.24342105263157893,-7.762328557703313e-07,1.4778958423278254e-05,0.0,-0.0003772884758960419,5.956692749483332e-06,0.0003773354955904227,0.0
841,6.967278999999962,98.99998537451029,236.9999694836588,24.098680650374213,57.69078204536431,0.0,0.24342105263157893,-1.2387080410292128e-06,1.4779861693625662e-05,0.0,-0.0002156873686037456,5.786007331300662e-07,0.00021568814467655937,0.0
842,6.96943239999996,98.99998489953578,236.9999694827311,24.098680534755417,57.69078204513849,0.0,0.24342105263157893,-1.3543268373439332e-06,1.4780087511212514e-05,0.0,-0.00018990700023164325,3.7091202688039087e-07,0.00018990736244999307,0.0
843,6.983965399999988,98.99998478079215,236.99996948249918,24.09868050585072,57.69078204508203,0.0,0.24342105263157893,-1.3832315346462565e-06,1.4780143970938298e-05,0.0,-1.846520259423071e-05,3.606470784762517e-08,1.8465237813500714e-05,0.0
844,6.986181600000009,98.99998475110624,236.9999694824412,24.098680498624542,57.69078204506792,0.0,0.24342105263157893,-1.3904577116363726e-06,1.478015808231703e-05,0.0,-1.18580290115538e-05,2.3159998037357557e-08,1.1858051628507978e-05,0.0
845,6.999135999999908,98.99998474368476,236.9999694824267,24.098680496817998,57.69078204506439,0.0,0.24342105263157893,-1.3922642558839016e-06,1.4780161613714426e-05,0.0,-1.1212576130784309e-06,2.1897728260108623e-09,1.1212597513472824e-06,0.0
846,7.001287699999921,98.9999847418294,236.99996948242307,24.098680496366363,57.69078204506351,0.0,0.24342105263157893,-1.3927158910576054e-06,1.4780162494787419e-05,0.0,-7.2381583839152e-07,1.413467812170945e-09,7.238172185004134e-07,0.0
847,7.01650410000002,98.99998474136555,236.99996948242216,24.098680496253454,57.69078204506329,0.0,0.24342105263157893,-1.3928287998510314e-06,1.4780162715055667e-05,0.0,-7.222794787974278e-08,1.4107074024219354e-10,7.222808564452329e-08,0.0
848,7.033185699999876,98.99998474124959,236.99996948242193,24.098680496225228,57.69078204506323,0.0,0.24342105263157893,-1.3928570261612094e-06,1.4780162771899086e-05,0.0,-4.436768841288427e-08,8.655030862428267e-11,4.4367772831850686e-08,0.0
849,7.0358218999999735,98.9999847412206,236.99996948242188,24.098680496218172,57.690782045063216,0.0,0.24342105263157893,-1.3928640818505755e-06,1.478016278610994e-05,0.0,-2.4190080620686054e-09,4.654784867516519e-12,2.4190125405576286e-09,0.0
850,7.047376999999869,98.99998474121335,236.99996948242188,24.098680496216407,57.690782045063216,0.0,0.24342105263157893,-1.392865847549274e-06,1.478016278610994e-05,0.0,-9.365860553158228e-10,1.7596421519702341e-12,9.365877083074262e-10,0.0
851,7.050269999999955,98.99998474121153,236.99996948242188,24.098680496215962,57.690782045063216,0.0,0.24342105263157893,-1.3928662916384837e-06,1.478016278610994e-05,0.0,-6.006666831861331e-10,1.0781317589468065e-12,6.006676507503297e-10,0.0
852,7.063876799999889,98.99998474121108,236.99996948242188,24.098680496215852,57.690782045063216,0.0,0.24342105263157893,-1.3928664017726078e-06,1.478016278610994e-05,0.0,-6.547361368556625e-11,-3.895040362878757e-05,3.89504036288426e-05,0.0
853,7.066156800000044,98.99998474121097,236.99996948242188,24.098680496215824,57.690782045063216,0.0,0.24342105263157893,-1.3928664301943172e-06,1.478016278610994e-05,0.0,-3.491223908249477e-11,-0.00030627468530902246,0.00030627468530902447,0.0
854,7.080460799999855,98.99998474121094,236.99998092651367,24.098680496215817,57.69078483079608,0.0,0.24342105263157893,-1.3928664372997446e-06,1.1994429918615879e-05,0.0,-4.211291288721213e-12,-0.0003600252460657813,0.00036002524606578134,0.0
855,7.083065999999917,98.99998474121094,236.99999523162842,24.098680496215817,57.69078831296218,0.0,0.24342105263157893,-1.3928664372997446e-06,8.512263825366517e-06,0.0,-2.5924812225285873e-12,-0.0005955988647259897,0.0005955988647259897,0.0
856,7.096670599999925,98.99998474121094,237.0000102519989,24.098680496215817,57.69079196923657,0.0,0.24342105263157893,-1.3928664372997446e-06,4.8559894310074014e-06,0.0,-9.934881652258012e-14,-0.0006099592182505735,0.0006099592182505735,0.0
857,7.099811699999918,98.99998474121094,237.00002545118332,24.098680496215817,57.69079566903804,0.0,0.24342105263157893,-1.3928664372997446e-06,1.1561879631472038e-06,0.0,0.00011120246196124115,-0.0005894701608857068,0.0005998675338113093,0.0
858,7.112693699999909,98.99998474121094,237.00002925097942,24.098680496215817,57.69079659398841,0.0,0.24342105263157893,-1.3928664372997446e-06,2.3123759262944077e-07,0.0,0.00013830039808819332,-0.0003230456153144232,0.0003514049938251121,0.0
859,7.1151987999999164,98.99999046325684,237.00003020092845,24.098681889082254,57.690796825226,0.0,0.24342105263157893,0.0,-0.0,0.0,0.000290410661208187,-0.0002704975629302414,0.00039687187314620353,0.0
860,7.128049099999998,98.99999761581421,237.0000304384157,24.098683630165297,57.6907968830354,0.0,0.24342105263157893,1.741083043071967e-06,-5.7809394604646513e-08,0.0,0.00031790805234565775,-3.497765012870407e-05,0.0003198264619363687,0.0
861,7.13045279999983,99.00000512599945,237.00003049778752,24.098685458302494,57.69079689748774,0.0,0.24342105263157893,3.569220240251525e-06,-7.22617414794513e-08,0.0,0.00036842694269647143,-2.0715966925039488e-05,0.0003690088933756318,0.0
862,7.143907899999931,99.00001272559166,237.00003051263047,24.098687308203232,57.69079690110083,0.0,0.24342105263157893,5.4191209777343374e-06,-7.587482997450934e-08,0.0,0.00025870757158304484,-2.257517318124355e-06,0.00025871742109652744,0.0
863,7.14573879999989,99.00001462548971,237.0000305163412,24.098687770678414,57.69079690200411,0.0,0.24342105263157893,5.881596159440505e-06,-7.677810742734437e-08,0.0,0.00023389793857567803,-1.3622504028838113e-06,0.0002339019054991041,0.0
864,7.161330399999997,99.00001510046422,237.0000305172689,24.09868788629721,57.69079690222993,0.0,0.24342105263157893,5.997214955755226e-06,-7.700392501419628e-08,0.0,8.191465426267213e-05,-1.5998999640553114e-07,8.191481050318104e-05,0.0
865,7.163856699999997,99.00001521920785,237.00003051750082,24.09868791520191,57.69079690228638,0.0,0.24342105263157893,6.026119656610263e-06,-7.706037763455242e-08,0.0,5.456970125257146e-05,-1.0658212080725337e-07,5.4569805337231824e-05,0.0
866,7.175238399999898,99.00001524889376,237.0000305175588,24.098687922428084,57.69079690230049,0.0,0.24342105263157893,6.033345830047665e-06,-7.707448901328462e-08,0.0,4.057464630910542e-06,-7.924780323091651e-09,4.057472369990114e-06,0.0
867,7.177608599999985,99.00001525631524,237.0000305175733,24.09868792423463,57.69079690230402,0.0,0.24342105263157893,6.035152374295194e-06,-7.707802041068135e-08,0.0,2.584383427903312e-06,-5.048280558122458e-09,2.5843883585014593e-06,0.0
868,7.191184000000021,99.0000152581706,237.00003051757693,24.098687924686264,57.6907969023049,0.0,0.24342105263157893,6.035604009468898e-06,-7.707890148367369e-08,0.0,2.9649234116489264e-07,-5.798128965359988e-10,2.964929080980422e-07,0.0
869,7.19344000000001,99.00001525863445,237.00003051757784,24.098687924799172,57.69079690230513,0.0,0.24342105263157893,6.035716918262324e-06,-7.707912885734913e-08,0.0,1.7015889159167148e-07,-3.331459571228452e-10,1.7015921771662841e-07,0.0
870,7.207140999999865,99.00001525875041,237.00003051757807,24.0986879248274,57.69079690230518,0.0,0.24342105263157893,6.035745144572502e-06,-7.707917859534064e-08,0.0,1.7746195316307803e-08,-3.516288425148189e-11,1.774623015271057e-08,0.0
871,7.209328700000015,99.0000152587794,237.00003051757812,24.098687924834458,57.690796902305195,0.0,0.24342105263157893,6.035752203814582e-06,-7.707919280619535e-08,0.0,1.1134104081106798e-08,-2.2182449165367573e-11,1.1134126178105315e-08,0.0
872,7.223186899999973,99.00001525878665,237.00003051757812,24.09868792483622,57.690796902305195,0.0,0.24342105263157893,6.035753965960566e-06,-7.707919280619535e-08,0.0,1.1260481439503677e-09,-2.0252084344817394e-12,1.1260499651273345e-09,0.0
873,7.225320000000011,99.00001525878847,237.00003051757812,24.098687924836664,57.690796902305195,0.0,0.24342105263157893,6.035754410049776e-06,-7.707919280619535e-08,0.0,7.166360171236124e-10,-1.2991593650162712e-12,7.166371947183946e-10,0.0
874,7.239183199999843,99.00001525878892,237.00003051757812,24.098687924836774,57.690796902305195,0.0,0.24342105263157893,6.0357545201839e-06,-7.707919280619535e-08,0.0,7.138072724071889e-11,4.00387039713173e-05,4.003870397138093e-05,0.0
875,7.2413521999999375,99.00001525878903,237.00003051757812,24.098687924836803,57.690796902305195,0.0,0.24342105263157893,6.03575454860561e-06,-7.707919280619535e-08,0.0,4.5949632514271093e-11,8.064066276789147e-05,8.064066276790456e-05,0.0
876,7.255267399999866,99.00001525878906,237.00001907348633,24.09868792483681,57.69079411657233,0.0,0.24342105263157893,6.035754555711037e-06,2.7086536746878664e-06,0.0,4.311714944321567e-12,0.00037049910529998536,0.0003704991052999854,0.0
877,7.272420099999863,99.00001525878906,237.00000476837158,24.09868792483681,57.690790634406234,0.0,0.24342105263157893,6.035754555711037e-06,6.190819767937228e-06,0.0,2.722844783837021e-12,0.00042968787911344534,0.00042968787911344534,0.0
878,7.274942900000042,99.00001525878906,236.9999897480011,24.09868792483681,57.69078697813184,0.0,0.24342105263157893,6.035754555711037e-06,9.847094162296344e-06,0.0,1.0212468893925351e-13,0.0005156458151269658,0.0005156458151269658,0.0
879,7.287444599999844,99.00001525878906,236.99997454881668,24.09868792483681,57.69078327833037,0.0,0.24342105263157893,6.035754555711037e-06,1.3546895630156541e-05,0.0,-2.0471137591493704e-05,0.000479005639864704,0.0004794428751128588,0.0
880,7.289596699999947,99.00001525878906,236.99997074902058,24.09868792483681,57.69078235338,0.0,0.24342105263157893,6.035754555711037e-06,1.4471846000674304e-05,0.0,-0.0001802255114152298,0.00044370802520779805,0.0004789134019827437,0.0
881,7.303204800000003,99.00000953674316,236.99996979907155,24.098686531970372,57.69078212214241,0.0,0.24342105263157893,4.6428881184112925e-06,1.4703083593303745e-05,0.0,-0.00020663337535812396,0.0001540583501634585,0.00025774275366531287,0.0
882,7.3053844999999455,99.00000238418579,236.9999695615843,24.09868479088733,57.690782064333014,0.0,0.24342105263157893,2.9018050753393254e-06,1.4760892987908392e-05,0.0,-0.00038011307095298086,9.520840398587295e-05,0.0003918553137305185,0.0
883,7.319229899999982,98.99999487400055,236.99996950221248,24.098682962750132,57.69078204988067,0.0,0.24342105263157893,1.0736678781597675e-06,1.4775345334783196e-05,0.0,-0.0003867734755709594,9.263476553536805e-06,0.0003868843928140517,0.0
884,7.321362599999929,98.99998727440834,236.99996948736953,24.0986811128494,57.69078204626758,0.0,0.24342105263157893,-7.762328557703313e-07,1.4778958423278254e-05,0.0,-0.00037692711249922136,5.885699322782157e-06,0.0003769730621589809,0.0
885,7.335249900000008,98.99998537451029,236.9999694836588,24.098680650374213,57.69078204536431,0.0,0.24342105263157893,-1.2387080410292128e-06,1.4779861693625662e-05,0.0,-0.00021759146527699176,5.821730844000449e-07,0.0002175922440871653,0.0
886,7.337426299999834,98.99998489953578,236.9999694827311,24.098680534755417,57.69078204513849,0.0,0.24342105263157893,-1.3543268373439332e-06,1.4780087511212514e-05,0.0,-0.0001918001693366689,3.746096391996937e-07,0.0001918005351659808,0.0
887,7.351232299999992,98.99998478079215,236.99996948249918,24.09868050585072,57.69078204508203,0.0,0.24342105263157893,-1.3832315346462565e-06,1.4780143970938298e-05,0.0,-1.834696576796655e-05,3.583378942033753e-08,1.8347000761743064e-05,0.0
888,7.353576299999986,98.99998475110624,236.9999694824412,24.098680498624542,57.69078204506792,0.0,0.24342105263157893,-1.3904577116363726e-06,1.478015808231703e-05,0.0,-1.1728740479778282e-05,2.2907493829552308e-08,1.1728762850158717e-05,0.0
889,7.367214699999977,98.99998474368476,236.9999694824267,24.098680496817998,57.69078204506439,0.0,0.24342105263157893,-1.3922642558839016e-06,1.4780161613714426e-05,0.0,-1.1055933568721622e-06,2.1591903376830974e-09,1.1055954652868157e-06,0.0
890,7.3693561999998565,98.9999847418294,236.99996948242307,24.098680496366363,57.69078204506351,0.0,0.24342105263157893,-1.3927158910576054e-06,1.4780162494787419e-05,0.0,-6.894908719627459e-07,1.3465736161098881e-09,6.894921868886197e-07,0.0
891,7.3832321999998385,98.99998474136555,236.99996948242216,24.098680496253454,57.69078204506329,0.0,0.24342105263157893,-1.3928287998510314e-06,1.4780162715055667e-05,0.0,-7.302417146419136e-08,1.4273509453712075e-10,7.302431096106852e-08,0.0
892,7.385383499999989,98.99998474124959,236.99996948242193,24.098680496225228,57.69078204506323,0.0,0.24342105263157893,-1.3928570261612094e-06,1.4780162771899086e-05,0.0,-4.6694128585497485e-08,9.094899944194685e-11,4.669421715886746e-08,0.0
893,7.399313499999835,98.9999847412206,236.99996948242188,24.098680496218172,57.690782045063216,0.0,0.24342105263157893,-1.3928640818505755e-06,1.478016278610994e-05,0.0,-4.5212495016923575e-09,8.663405942807806e-12,4.521257801890523e-09,0.0
894,7.401493599999867,98.99998474121335,236.99996948242188,24.098680496216407,57.690782045063216,0.0,0.24342105263157893,-1.392865847549274e-06,1.478016278610994e-05,0.0,-2.9038981780563477e-09,5.488596947623075e-12,2.9039033649926144e-09,0.0
895,7.415262299999995,98.99998474121153,236.99996948242188,24.098680496215962,57.690782045063216,0.0,0.24342105263157893,-1.3928662916384837e-06,1.478016278610994e-05,0.0,-2.80189496412829e-10,2.0403237207981964e-13,2.8018957070041626e-10,0.0
896,7.417455000000018,98.99998474121108,236.99996948242188,24.098680496215852,57.690782045063216,0.0,0.24342105263157893,-1.3928664017726078e-06,1.478016278610994e-05,0.0,-1.7958688002781814e-10,-0.0002742267921134256,0.0002742267921134844,0.0
897,7.431390100000044,98.99998474121097,236.99996948242188,24.098680496215824,57.690782045063216,0.0,0.24342105263157893,-1.3928664301943172e-06,1.478016278610994e-05,0.0,-1.7603604183804753e-11,-0.0003235290064053496,0.00032352900640535007,0.0
898,7.4334217999999055,98.99998474121094,236.99998092651367,24.098680496215817,57.69078483079608,0.0,0.24342105263157893,-1.3928664372997446e-06,1.1994429918615879e-05,0.0,-1.115289772864285e-11,-0.000676843437904789,0.0006768434379047891,0.0
899,7.447547600000007,98.99998474121094,236.99999523162842,24.098680496215817,57.69078831296218,0.0,0.24342105263157893,-1.3928664372997446e-06,8.512263825366517e-06,0.0,-1.1073717522988256e-12,-0.0007262703418495973,0.0007262703418495973,0.0
900,7.4496173,98.99998474121094,237.0000102519989,24.098680496215817,57.69079196923657,0.0,0.24342105263157893,-1.3928664372997446e-06,4.8559894310074014e-06,0.0,-6.994563526195861e-13,-0.0007818663249307275,0.0007818663249307275,0.0
901,7.464588099999901,98.99998474121094,237.00002545118332,24.098680496215817,57.69079566903804,0.0,0.24342105263157893,-1.3928664372997446e-06,1.1561879631472038e-06,0.0,2.3724921856988333e-05,-0.0005115782405559759,0.000512128077855011,0.0
902,7.46791549999989,98.99998474121094,237.00002925097942,24.098680496215817,57.69079659398841,0.0,0.24342105263157893,-1.3928664372997446e-06,2.3123759262944077e-07,0.0,4.5117039256864966e-05,-0.00046298631137142753,0.0004651793973819412,0.0
903,7.479657299999872,98.99999046325684,237.00003020092845,24.098681889082254,57.690796825226,0.0,0.24342105263157893,0.0,-0.0,0.0,0.00012909982119596998,-0.00011033580613417865,0.00016982565750825308,0.0
904,7.495935099999997,98.99999761581421,237.0000304384157,24.098683630165297,57.6907968830354,0.0,0.24342105263157893,1.741083043071967e-06,-5.7809394604646513e-08,0.0,0.00016256159562404773,-0.3701214295259959,0.3701214652254569,0.0
905,7.500288699999828,99.00000512599945,237.00003049778752,24.098685458302494,57.69079689748774,0.0,0.24342105263157893,3.569220240251525e-06,-7.22617414794513e-08,0.0,0.00020539923750022846,-2.497038505217226,2.497038513665003,0.0
906,7.511345499999834,99.00001272559166,237.08407592278672,24.098687308203232,57.71125532330992,0.0,0.24342105263157893,5.4191209777343374e-06,-0.02045849808391864,0.0,0.0001833551756546458,-2.8032361647357162,2.8032361707322,0.0
907,7.513504699999885,99.00001462548971,237.1784095751791,24.098687770678414,57.73421812027386,0.0,0.24342105263157893,5.881596159440505e-06,-0.043421295047856745,0.0,0.00016472166684934836,-4.5404468463005365,4.540446849288483,0.0
908,7.527261799999906,99.00001510046422,237.26493549316,24.09868788629721,57.75528035030868,0.0,0.24342105263157893,5.997214955755226e-06,-0.06448352508267874,0.0,8.084283469788105e-05,-4.760189792433025,4.7601897931195065,0.0
909,7.529357399999981,99.00001521920785,237.33971333495992,24.09868791520191,57.77348285127314,0.0,0.24342105263157893,6.026119656610263e-06,-0.08268602604713493,0.0,4.7554183820111394e-05,-5.590887382808585,5.590887383010825,0.0
910,7.54326059999994,99.00001524889376,237.40246754882787,24.098687922428084,57.788758548069936,0.0,0.24342105263157893,6.033345830047665e-06,-0.09796172284393379,0.0,4.722970090840093e-06,-3.6067904923297855,3.6067904923328777,0.0
911,7.545347600000014,99.00001525631524,237.4539417773437,24.09868792423463,57.80128845895866,0.0,0.24342105263157893,6.035152374295194e-06,-0.11049163373265714,0.0,3.052986564688035e-06,-4.054077957134546,4.0540779571356955,0.0
912,7.5593993999998474,99.0000152581706,237.4951802380371,24.098687924686264,57.811326768469556,0.0,0.24342105263157893,6.035604009468898e-06,-0.12052994324355382,0.0,2.9477181827231544e-07,-2.3989586543618655,2.3989586543618837,0.0
913,7.561475599999994,99.00001525863445,237.5273137362671,24.098687924799172,57.819148738433434,0.0,0.24342105263157893,6.035716918262324e-06,-0.12835191320743178,0.0,1.9148440380647714e-07,-2.5746915480099797,2.574691548009987,9.263289460322026
914,7.575809199999867,99.00001525875041,237.5514832802582,24.0986879248274,57.82503211427337,0.0,0.24342105263157893,6.035745144572502e-06,-0.1342352890473677,0.39832885742187507,-0.0043606075925718855,-1.5136403481466063,1.513646629314767,
915,7.577940699999999,99.0000152587794,237.5687980966759,24.098687924834458,57.82924690511189,0.0,0.24342105263157893,6.035752203814582e-06,-0.1384500798858852,,-0.007925916440249894,-3.5078877577012095,3.507896711817701,
916,7.592122900000049,98.9987449645972,237.60949612451077,24.098378708487473,57.83915366188749,1.9916442871093751,0.24342105263157893,-0.00030318059478062764,-0.1483568366614847,,0.2981323406004122,-3.097658591582446,3.11197230747904,
917,7.594271599999956,98.9985876083368,237.7038190384519,24.09834040466093,57.862113844886316,0.39832885742187507,0.24342105263157893,-0.00034148442132320156,-0.17131701966031443,,1.1486185602249646,-6.447742535103442,6.5492525066510785,
918,7.607659799999965,99.08275389671311,237.79821580697626,24.118828251173586,57.88509200564553,0.07966577148437502,0.24342105263157893,0.020146362091331582,-0.1942951804195303,,1.1711984368874027,-6.446271414509567,6.551802876162459,
919,7.609642200000053,99.11738532781598,237.93797253084563,24.127258270586783,57.91911173448216,3.067190478515625,0.24342105263157893,0.02857638150452857,-0.22831490925615583,,1.6893100548992628,-8.598532101164,8.762906067985185,
920,7.623337399999855,99.12373720109463,238.04880892860984,24.128804450266454,57.94609164709581,4.424351181640625,0.24342105263157893,0.03012256118419998,-0.25529482186981056,,1.6966875195905757,-6.906834773393745,7.112180757411573,
921,7.626055899999983,99.15242477878928,238.1767911603751,24.135787610626338,57.97724521667025,4.2739876679687505,0.24342105263157893,0.037105721544083536,-0.28644839144424594,,1.278243440136154,-7.637708559075252,7.743933001106251,
922,7.640406299999995,99.1535484706983,238.30808710283793,24.136061140893663,58.009205413190806,4.373761156640626,0.24342105263157893,0.037379251811408665,-0.31840858796480376,4.501162294581251,0.38702376182056464,-4.700053735467412,4.715961461727069,
923,7.645888999999897,99.14089184789918,238.42905348347315,24.13298025244914,58.038651176898064,4.6856653172656255,0.24342105263157893,0.03429836336688652,-0.347854351672062,4.5380412968068775,0.12899217001119145,-6.009903809107109,6.011287946409183,
924,7.655210299999908,99.13309283502167,238.52373675954016,24.13108180852501,58.0616990796249,4.748046149390625,0.24342105263157893,0.03239991944275644,-0.37090225439889934,4.6297762281113775,-0.43550348539010686,-3.940488594048592,3.964481510313042,
925,7.65748399999984,99.12209652723686,238.60331196698465,24.128405075708972,58.08106936038442,4.60874619276875,0.24342105263157893,0.029723186626718245,-0.39027253515841664,4.706513106950402,-0.754237537495082,-4.549987550966481,4.612077728845927,
926,7.671188699999902,99.10781180575941,238.6659608957989,24.124927873770382,58.09631942858262,4.73266232449125,0.24342105263157893,0.026245984688127777,-0.4055226033566157,4.663470590140083,-0.6649042594826543,-3.587910527585896,3.648999812036153,
927,7.6733454000000165,99.09386083413028,238.71269383723097,24.121531913571186,58.10769521037859,4.75744555083575,0.24342105263157893,0.022850024488931808,-0.41689838515258515,4.654862086778019,-0.8514695620385746,-3.5491294368915387,3.6498383765432973,-1.6944784184796604
928,7.687321200000042,99.08724313211655,238.7448619969054,24.119921025581,58.11552561766776,4.470452733214025,0.24342105263157893,0.021239136498746092,-0.4247287924417549,4.683495610714981,-0.651869115790856,-1.8850485391693503,1.99457798522556,-4.313678357056018
929,7.6895604999999705,99.07678820002133,238.7658244164627,24.11737607500519,58.120628311902095,4.705003632580305,0.24342105263157893,0.018694185922935702,-0.4298314866760933,4.658867090892999,-0.5888550439508095,-1.6744727536949073,1.77499556778402,-3.1011035532590463
930,7.703483099999858,99.0665355357231,238.77719905455513,24.11488036066944,58.12339713827986,4.751913812453561,0.24342105263157893,0.01619847158718457,-0.43260031305386093,4.653941386928604,-0.2441271113946637,-0.42762007329161056,0.49239920146140054,-2.6070661932153065
931,7.719740900000033,99.07063283107433,238.78119856734972,24.115877728616777,58.124370703894336,4.609519725381338,0.24342105263157893,0.01719583953452286,-0.43357387866833363,4.711346138713846,-0.2203404919724682,-0.2875279367276702,0.3622461135768615,2.7370976907439974
932,7.7220214999999826,99.07202908789554,238.7722077534097,24.11621760692194,58.12218215050104,4.732817031013767,0.24342105263157893,0.017535717839685105,-0.4313853252750377,4.722827089070897,0.007109566904081604,0.31478817508324264,0.3148684504897273,2.912649752887986
933,7.735304699999915,99.07222937890748,238.76455843859657,24.116266361970897,58.12032014623732,4.7574764921402535,0.24342105263157893,0.017584472888643177,-0.42952332101131674,4.725123279142305,0.04314618993041966,0.40008035348835824,0.40240015277442615,1.783166930698437
934,7.73852839999995,99.07223939733917,238.75485268337962,24.116268800668088,58.117957561085824,4.762408384365551,0.24342105263157893,0.01758691158583403,-0.4271607358598217,4.725582517156587,0.16304325829521052,0.5673635066836313,0.5903257175423291,0.10752128330875542
935,7.751209600000038,99.07228767831428,238.74299631293474,24.11628055327387,58.11507147091174,4.76339476281061,0.24342105263157893,0.01759866419161682,-0.4242746456857347,4.725674364759442,0.13635379783666612,0.4227692458824178,0.44421413017650696,0.05275889987956767
936,7.753351299999849,99.07810190309908,238.7361641172962,24.117695857991222,58.11340837065762,4.611815915452747,0.24342105263157893,0.019013968908968337,-0.4226115454316215,4.725692734280013,0.12903257902677448,0.7357197347970762,0.7469490843559425,0.0053616735836581044
937,7.767208299999993,99.07898897675133,238.72269154201936,24.117911790393414,58.110128862202075,4.73327626902805,0.24342105263157893,0.01922990131116009,-0.4193320369760727,4.7256964081841275,0.1270318585045883,0.6430719708410308,0.6554987816590488,0.0030604220621370916
938,7.769375399999944,99.07869576103354,238.70751309546577,24.117840415514742,58.10643410876469,4.75756833974311,0.24342105263157893,0.019158526432487832,-0.4156372835386861,4.7256971429649495,0.11513870496063011,0.9234347298166963,0.9305850963837997,0.7318747542069375
939,7.783204599999863,99.07817041547811,238.69219428338792,24.117712535346644,58.102705187403636,4.762426753886122,0.24342105263157893,0.019030646264390327,-0.41190836217763405,4.756052514530487,-0.01871021473426876,0.8173821875213929,0.8175963017361686,1.6467800194192401
940,7.785416299999952,99.07763853587636,238.67738969633527,24.117583064654113,58.099101439239504,4.763398436714724,0.24342105263157893,0.018901175571858886,-0.4083046140135025,4.762123588843596,0.44253002734397573,1.0226272723048386,1.114270776410606,1.676033525999126
941,7.799198599999954,99.07716224322202,238.6634460874139,24.117467124994832,58.09570727127838,4.763592773280445,0.24342105263157893,0.018785235912577747,-0.40491044605237647,4.76333780370622,0.4566671850291558,0.7208790183330219,0.853353078716679,-3.734236151280107
942,7.801343999999972,99.09762536915511,238.65231553186322,24.122448280649596,58.092997859729856,4.763631640593589,0.24342105263157893,0.023766391567342282,-0.4022010345038538,4.733225422069367,0.5345313709555941,0.7553812760476255,0.9253781166307132,-4.79016577380647
943,7.815587999999934,99.09983435132199,238.64083538320995,24.122985993413902,58.09020334986031,4.763639414056218,0.24342105263157893,0.02430410433164809,-0.39940652463430837,4.727202945741999,0.5353803781332245,0.4354576275731577,0.6901126681214578,-5.000167754188471
944,7.817810699999882,99.1033048402719,238.63679804868335,24.123830783487236,58.08922057764002,4.611864845701869,0.24342105263157893,0.025148894404981803,-0.3984237524140184,4.725998450476525,0.4538424055949908,0.5622550518127412,0.7225674172042332,-0.32748425692987115
945,7.83139129999995,99.10027574925255,238.63513640181927,24.12309343896279,58.08881609781126,4.733286055077874,0.24342105263157893,0.0244115498805364,-0.39801927258525893,4.7257575514234285,-0.023312220316660352,0.3395153145503964,0.3403147196792215,-0.193846920507004
946,7.833591699999943,99.09651440240103,238.62717933360912,24.12217784795288,58.08687917989169,4.757570296953075,0.24342105263157893,0.023495958870626055,-0.39608235466568686,4.725709371612809,-0.09693403842563092,0.45299139786950743,0.4632466020914477,0.7102378647383844
947,7.8475736000000325,99.09283892774869,238.61860971377337,24.121283160044086,58.08479315401062,4.762427145328115,0.24342105263157893,0.022601270961832398,-0.3939963287846169,4.756054960260061,-0.18579436770928934,0.3637027541388091,0.4084106272376487,5.960776728494437
948,7.8500552000000425,99.08947102344108,238.61082537155858,24.120463341232366,58.08289828123465,4.763398515003123,0.24342105263157893,0.021781452150111846,-0.3921014560086462,4.795100152208258,-0.29030964397804315,0.6161337207523485,0.6811023794076712,6.1594663360886965
949,7.863655699999981,99.08588246533293,238.61106510753808,24.11958981064025,58.082956638019134,4.763592788938125,0.24342105263157893,0.02090792155799548,-0.39215981279313183,4.8029091905979,-0.21942014593251946,0.4138902258680905,0.4684552481402968,1.0668242859883446
950,7.865852399999994,99.08067662524437,238.59940629153294,24.11832259956606,58.080118636754726,4.928512014818875,0.24342105263157893,0.01964071048380589,-0.389321811528724,4.774115773666455,-0.1829729344925309,0.22850563154494147,0.29273523601466317,-4.31005940806358
951,7.880366200000026,99.07700051617437,238.60721470154533,24.117427757226654,58.08201936813932,4.796615488901275,0.24342105263157893,0.018745868144399935,-0.3912225429133187,4.768357090280163,-0.11957992522166738,0.0879225605250295,0.14842417311643358,-4.810707843380624
952,7.881607600000052,99.07760355311586,238.6111809642047,24.117574549113726,58.08298483997088,4.6184600606708806,0.24342105263157893,0.018892660031472275,-0.39218801474487464,4.767205353602907,-0.12686574818873997,0.190865745761934,0.2291825712586976,-1.243899135699006
953,7.895402500000046,99.07684450705338,238.60774366634413,24.117389781322203,58.08214812930745,4.734605098071676,0.24342105263157893,0.01870789223994862,-0.39135130408144647,4.733998932048706,-0.01641857154422268,-0.07689907959487906,0.07863229574476574,-2.1104960765554104
954,7.897618799999918,99.07592804570865,238.60309634749424,24.117166695336973,58.08101687406109,4.757834105551836,0.24342105263157893,0.018484806254718933,-0.39022004883509,4.7273576477378665,-0.02919606279620559,-0.13225430642627478,0.13543858996273908,-1.085355896609039
955,7.911134499999889,99.0745602432387,238.60569962398293,24.116833743419942,58.08165056636426,4.762479907047867,0.24342105263157893,0.018151854337688178,-0.3908537411382582,4.756384615485073,-0.054464153442074774,0.03336638248510698,0.0638722121920348,0.5107001599629064
956,7.9135727000000315,99.07330276527745,238.60978367064416,24.116527646810955,58.08264470930153,4.763409067347073,0.24342105263157893,0.017845757728700562,-0.3918478840755313,4.762190009034516,-0.05401588231068741,0.012457678931735175,0.055433828175295914,1.5376865675830902
957,7.927330299999994,99.07284534463967,238.60693657928215,24.116416300997813,58.08195166732526,4.763594899406915,0.24342105263157893,0.017734411915558468,-0.39115484209925455,4.763351087744404,-0.04756131097131505,-0.17209823168725444,0.17854937594735534,0.8266088932428427
958,7.94343949999984,99.0721072864773,238.60984113944943,24.116236642103026,58.082658698418605,4.763632065818883,0.24342105263157893,0.017554753020771585,-0.3918618731926031,4.763583303486382,-0.04443891554636569,-0.17633660512347182,0.18184998081222953,0.0395896401126678
959,7.945766499999991,99.07145356417304,238.61378306928617,24.116077512331593,58.08361824712887,4.763639499101277,0.24342105263157893,0.017395623249338854,-0.39282142190286606,4.763629746634776,-0.027550580541181806,-0.17350474623193257,0.17567848887431683,0.01168429189297614
960,7.959438399999954,99.07094681084307,238.617606686511,24.115954157902586,58.084548996058594,4.763640985757755,0.24342105263157893,0.017272268820331504,-0.39375217083259173,4.763639035264457,-0.02672018312559149,-0.1938037011735786,0.19563701790520854,0.007173309278783047
961,7.961544300000014,99.07059124067463,238.62101162646172,24.115867604637902,58.085377830125545,4.763641283089051,0.24342105263157893,0.017185715555648073,-0.3945810048995426,4.763640892990392,-0.02725038849941465,-0.24242334990598038,0.2439501265689494,0.7872812265229311
962,7.97551569999996,99.07036501903096,238.62394568615645,24.115812537527272,58.08609204202492,4.76364134255531,0.24342105263157893,0.017130648445018437,-0.395295216798921,4.796617338754328,-0.022725901108743188,-0.14393963082609323,0.14572262660121243,1.8302995378188025
963,7.977622999999994,99.07024552111517,238.62643014712506,24.11578344921882,58.08669681212912,4.763641354448562,0.24342105263157893,0.017101560136566718,-0.39589998690311745,4.803212627907115,-0.027255418035810792,-0.1505479448549135,0.15299523362623058,1.8620198994931043
964,7.99135699999988,99.06766361416551,238.62191286515042,24.11515495871134,58.08559721059582,4.9285217279209625,0.24342105263157893,0.016473069629086012,-0.39480038536981965,4.804531685737674,-0.01788493319783546,-0.07865164557946049,0.08065948293814003,6.3451578468778775
965,7.993459499999972,99.06739007041149,238.6227862607212,24.115088372402795,58.085809813465026,4.7966174315216925,0.24342105263157893,0.016406483320540843,-0.3950129882390243,4.837771571522533,-0.08485112550047633,-0.20818167876208715,0.2248095302047901,5.462324842542087
966,8.007273899999973,99.06771650563998,238.62472122338343,24.11516783360973,58.08628082411307,4.7702365722418385,0.24342105263157893,0.016485944527474317,-0.395483998887066,4.844419548679506,-0.08177807992071336,-0.1582908296916552,0.17816745247095828,0.5686520916799225
967,8.00944370000002,99.06469676557015,238.630949898131,24.114432765303256,58.087797014676624,4.9298407714796175,0.24342105263157893,0.01575087622100213,-0.39700018945062254,4.812773069892152,-0.05450714645638251,-0.19596087723187894,0.20340033043312652,-4.848480921671124
968,8.023772999999892,99.06478869334566,238.63315938005033,24.11445514245914,58.0883348490912,4.796881240233423,0.24342105263157893,0.015773253376885066,-0.3975380238651951,4.80644377413468,-0.018911413412462625,-0.1798236318830992,0.1808153205369651,-5.1968450548677545
969,8.026018000000022,99.06562420580713,238.63415807011023,24.114658523781994,58.088577951276825,4.770289333984184,0.24342105263157893,0.01597663469974009,-0.3977811260508233,4.805177914983186,0.031723326607803165,-0.02911993154650852,0.043062046680791825,-0.3415801384471485
970,8.039217600000029,99.07355784588538,238.63526604951,24.116589738801043,58.08884765678861,4.764970952734337,0.24342105263157893,0.017907849718788782,-0.3980508315626068,4.804924743152888,0.09397252456033434,0.16062699514731887,0.18609639153486948,-0.20187662431351916
971,8.041458799999873,99.07594179911783,238.6286422570064,24.11717004320631,58.08723528624497,4.7639072764843675,0.24342105263157893,0.018488154124057132,-0.39643846101896685,4.804874108786828,0.08334625930927311,0.19426437337230293,0.2113888495228216,-0.014160956547266746
972,8.055720399999927,99.07432907770914,238.61399726469105,24.116777472863408,58.08367038679979,4.9285749123281235,0.24342105263157893,0.018095583781153834,-0.3928735615737864,4.804863981913616,0.06455262683396364,0.20868440555799825,0.21844043296574023,-0.008078194110806224
973,8.057893599999943,99.07386867689799,238.61283082862394,24.116665401613325,58.083386451704506,4.796628068403125,0.24342105263157893,0.017983512531071,-0.3925896264785038,4.804861956538974,0.032487455490973115,0.154791365569535,0.15816384422224752,-0.0005572328738080905
974,8.071559699999852,99.07367919009852,238.61486237024192,24.116619276537136,58.08388097170362,4.770238699618125,0.24342105263157893,0.01793738745488227,-0.39308414647761936,4.804861551464048,-0.01971760531287042,0.0017370371505783053,0.01979397022672877,-4.965562089798223
975,8.073773500000016,99.07355170975607,238.61749885672063,24.11658824513799,58.08452274801752,4.764960825861126,0.24342105263157893,0.017906356055735984,-0.39372592279151775,4.771885396230311,-0.01694233358770838,-0.10097716618178963,0.10238862611394857,-5.126351982181547
976,8.087419699999828,99.07343400898199,238.6200691416704,24.116559594291665,58.085148409485555,4.763905251109725,0.24342105263157893,0.017877705209411232,-0.3943515842595531,4.765290165183564,-0.005068462628871756,-0.11060430588934175,0.11072037660107262,-5.3301439326820335
977,8.089577100000042,99.07331303105408,238.6224054384938,24.11653014571711,58.085717113317564,4.763694136159446,0.24342105263157893,0.01784825663485634,-0.3949202880915621,4.763971118974217,-0.005241877629603378,-0.12382990618915292,0.12394080420869533,-0.37100314662638434
978,8.10399110000003,99.07377488251939,238.61751923682073,24.116642570086952,58.08452770896294,4.763651913169389,0.24342105263157893,0.017960681004698387,-0.39373088373693577,4.763707309732346,0.022864042772129826,-0.07609503392404543,0.07945576530238323,4.690056085591973
979,8.106230800000048,99.07373585014645,238.61846061975206,24.116633068785646,58.08475686138701,4.763643468571378,0.24342105263157893,0.017951179703391773,-0.3939600361610047,4.796630622102719,-0.017039094311607293,0.024492163844417533,0.02983616638815452,5.061626856618721
980,8.119313599999941,99.08053532667236,238.62121366568022,24.11828820451893,58.085427010724786,4.763641779651776,0.24342105263157893,0.01960631543667546,-0.3946301854987837,4.803215284576794,-0.018319617736409066,0.07299262260767617,0.07525643726057453,5.260905537590264
981,8.12158599999998,99.07865319507141,238.6169466354142,24.117830054063432,58.08438832572582,4.9285218129616055,0.24342105263157893,0.01914816498117844,-0.3935915004998165,4.804532217071609,-0.03994756460358717,0.004558852027345454,0.04020685326614112,0.3673553812833712
982,8.13528580000002,99.07752462689285,238.6181343639317,24.117555336809442,58.08467744385179,4.796617448529821,0.24342105263157893,0.01887344772718791,-0.3938806186257864,4.80479560357057,-0.041807835332450964,0.01687569828846162,0.045085300131068456,0.20773111376980183
983,8.137441699999954,99.07663594798298,238.6204340121255,24.117339013653748,58.085237226635805,4.770236575643464,0.24342105263157893,0.01865712457149371,-0.39444040140980263,4.804848280870363,-0.08282640437848995,-0.020709750641558018,0.0853762673926698,-1.49644059090858
984,8.151410599999963,99.07585873980337,238.62277131431068,24.117149824820554,58.085806175194044,4.764960401066193,0.24342105263157893,0.01846793573830041,-0.39500934996804205,4.741527517502199,-0.023062060886626965,-0.1170433473687176,0.11929377106795135,-3.471778324264101
985,8.153554600000007,99.0751666197653,238.62487770406597,24.11698134823234,58.086318914805524,4.763905166150739,0.24342105263157893,0.018299459150085795,-0.3955220895795222,4.728863364828566,-0.018337974829178594,-0.11733547135581084,0.11875981710631713,-3.5395138216662048
986,8.167722499999854,99.08082435452629,238.62630838475673,24.11835855998337,58.08666717260525,4.6119179961207735,0.24342105263157893,0.019676670901116466,-0.3958703473792511,4.72633053429384,-0.02118415221861677,-0.0942999634312949,0.09665014955169537,-1.3554666611291328
987,8.18380319999983,99.08106004676145,238.6277990200173,24.11841593243535,58.08703002460947,4.733296685161655,0.24342105263157893,0.01973404335309681,-0.3962331993834667,4.758800042405643,-0.032078919104434424,-0.06661341661843237,0.07393513592663295,-2.98715960144381
988,8.18601220000005,99.08002033700774,238.6291100943598,24.11816284519267,58.087349167705995,4.757572422969831,0.24342105263157893,0.019480956110417225,-0.3965523424799926,4.734938719418631,0.09038776313476433,-0.01160593899302529,0.09112982796217761,-2.3036367523203727
989,8.199679800000013,99.07620129702049,238.6236242643126,24.117233210458934,58.08601380118135,4.927307941625216,0.24342105263157893,0.018551321376680363,-0.3952169759553499,4.760521679430601,0.11684649530541588,-0.014677111215134275,0.11776468510882197,-2.1874944989696123
990,8.20184089999998,99.08093997269262,238.62330566324613,24.11838670387912,58.085936246974384,4.644598551215669,0.24342105263157893,0.019704814796867254,-0.39513942174838235,4.765638271432994,0.2677396776004286,-0.05467784336000615,0.27326580744045315,0.7457851254060064
991,8.216492000000017,99.0947531969085,238.62570938089942,24.12174913345799,58.08652136245578,4.739832796180634,0.24342105263157893,0.02306724437573493,-0.39572453722977485,4.736306365224097,0.30767634334632665,-0.02934250739445627,0.3090723458919617,-5.27968430148339
992,8.21888899999999,99.10221765713729,238.62790103907253,24.123566140224206,58.08705485819528,4.758879645173627,0.24342105263157893,0.024884251141951808,-0.3962580329692784,4.69746390976357,0.2519677595195613,-0.06927557346848835,0.2613175403923269,-5.48141348566751
993,8.23170489999984,99.10669874717007,238.62883805273688,24.124656931876924,58.08728294704779,4.61091289192535,0.24342105263157893,0.02597504279466989,-0.39648612182178766,4.720050643280839,0.12856106103619008,-0.07922328205182029,0.15101084343123597,-4.120545613069749
994,8.233876099999861,99.10360759389701,238.629747507569,24.123904480093348,58.08750432750034,4.73309566432257,0.24342105263157893,0.025222591011093698,-0.3967075022743387,4.724567989984292,-0.008848411672472509,0.06875519817663465,0.06932223067266267,1.3030569574776583
995,8.247524599999906,99.0989380923219,238.63052418768325,24.12276782510467,58.08769338779131,4.757532218802014,0.24342105263157893,0.024085936022416377,-0.3968965625653098,4.725471459324984,-0.17522985503456784,0.11454358824808011,0.2093459713110844,0.7429559355771677
996,8.24972559999992,99.09480097510684,238.6241952253876,24.12176076367732,58.08615278512724,4.762419529697903,0.24342105263157893,0.023078874595064747,-0.39535595990123795,4.725652153193121,-0.1497387385022427,0.10683700378322811,0.18394519614716912,0.05028501139409714
997,8.263824299999897,99.09052229577867,238.62382605854418,24.120719243051383,58.086062922145615,4.76339699187708,0.24342105263157893,0.02203735396912876,-0.3952660969196131,4.725688291966749,-0.08816415301785631,0.1482037747460911,0.17244499623458515,0.02912309810542393
998,8.266491599999881,99.09285152121029,238.62444330052472,24.121286225557768,58.086213171838246,4.611816361266041,0.24342105263157893,0.02260433647551352,-0.3954163466122438,4.725695519721473,-0.1356919326460363,0.1447398777845336,0.1983984193644147,0.0017936328099363934
999,8.279893199999833,99.09072157781233,238.61866957146907,24.12076775249379,58.08480772463391,4.733276358190708,0.24342105263157893,0.02208586341153662,-0.3940108994079097,4.725696965272419,-0.05735013817964794,-0.0017712565519017297,0.05737748425120577,-3.789400491766067
1000,8.282562699999971,99.08720218400387,238.61901141752548,24.119911057948308,58.08489093716081,4.757568357575642,0.24342105263157893,0.021229168866053527,-0.39409411193480537,4.695342029773233,0.02495800618842827,-0.03531675969939612,0.04324552680412755,-3.9476916641610527
1001,8.295420499999864,99.08372452671387,238.62073338416653,24.119064522950083,58.08531010009316,4.762426757452628,0.24342105263157893,0.020382633867829014,-0.39451327486715826,4.689271042673398,-0.002340498789669944,-0.02870621613069486,0.028801471822228326,-4.124497567010194
1002,8.297710099999904,99.08690059884155,238.6222510645475,24.119837645770637,58.08567953544906,4.611622314381151,0.24342105263157893,0.02115575668838332,-0.3948827102230581,4.688056845253431,-0.02753295567982831,0.0725829921214996,0.07762959740831497,-0.33993134543245057
1003,8.31173049999984,99.0912823396518,238.62359178835368,24.120904253731027,58.08600589584925,4.5814614257668556,0.24342105263157893,0.022222364648772697,-0.3952090706232454,4.687814005769436,0.025190662753066733,0.07663637362957137,0.08067033688432203,-0.19009088656389245
1004,8.313875499999995,99.08983146442955,238.61820492340678,24.120551080157192,58.084694619513485,4.7272053710908715,0.24342105263157893,0.021869191074937788,-0.39389779428748284,4.68776543787264,-0.028007515279193415,0.04417032802676574,0.05230142244821205,0.7292512872474926
1005,8.327497300000005,99.08662488881247,238.61881514686732,24.11977053214514,58.084843160750594,4.7563541601556745,0.24342105263157893,0.02108864306288538,-0.39404633552459245,4.718110948902654,-0.10634713075048567,0.06888778606925819,0.1267092707278547,5.782182345888247
1006,8.32990289999998,99.08334559903417,238.62074153696096,24.11897228397542,58.085312084654966,4.762183917968635,0.24342105263157893,0.020290394893166308,-0.3945152594289638,4.75453527571803,-0.17649271951000356,0.03235442565195285,0.17943380088295666,5.972537424266799
1007,8.343186199999991,99.08039717551537,238.62280241915235,24.11825457561887,58.08581374676734,4.763349869531227,0.24342105263157893,0.019572686536616146,-0.39501692154134105,4.761820141081107,-0.1508834605596626,-0.09565597619270431,0.17865017338877248,0.9405451904969855
1008,8.345431899999994,99.07786334722357,238.6247023748076,24.117637788468894,58.0862762359729,4.763583059843746,0.24342105263157893,0.018955899386639885,-0.3954794107469013,4.732921889544349,-0.045606997916376305,-0.2752018783216588,0.27895532275028107,-4.243185157015412
1009,8.35953829999994,99.07574215821703,238.6263675492683,24.11712144640809,58.086681574492935,4.763629697906249,0.24342105263157893,0.018439557325834244,-0.3958847492669335,4.727142239236997,0.018338037749227664,-0.24309384777054316,0.24378454104471042,-4.612078945179868
1010,8.361608899999965,99.07973227722516,238.63409661754167,24.118092725377174,58.0885629924279,4.611862902471875,0.24342105263157893,0.01941083629492013,-0.39776616720190106,4.725986309175527,-0.007815096619380405,-0.24472402816648742,0.24484878128592344,-1.0508495940177576
1011,8.375610000000052,99.07903608139125,238.63607466097721,24.117923256654446,58.08904448984313,4.733285666431875,0.24342105263157893,0.019241367572192303,-0.3982476646171307,4.695399898553857,0.06386675871972747,-0.20183568766601434,0.21169933321807316,-1.8688194906777489
1012,8.377746200000047,99.07741435482046,238.63647761910173,24.117528494265507,58.08914257833397,4.757570219223875,0.24342105263157893,0.018846605183252763,-0.39834575310796794,4.689282616429522,0.06925882655596771,-0.1951483340489892,0.2070740383003275,-0.9637446287312013
1013,8.391252099999974,99.08206148970609,238.636006154043,24.118659704731087,58.0890278138131,4.6106510067354005,0.24342105263157893,0.01997781564883283,-0.3982309885870947,4.718414384614031,-0.06475279416220217,-0.00579872680362209,0.06501191878690836,-0.11546481444798243
1014,8.407424399999854,99.0814208289695,238.63569373821778,24.118503754420203,58.08895176522406,4.7330432872845805,0.24342105263157893,0.019821865337949163,-0.39815493999805796,4.724240738250932,-0.06867859941374986,0.0023770532356977795,0.06871972351166486,1.0234444616430771
1015,8.409531199999947,99.07968137911737,238.63536386424195,24.1180803357062,58.08887146695363,4.757521743394416,0.24342105263157893,0.01939844662394563,-0.3980746417276251,4.725406008978314,-0.06899329110080865,0.020570199538012226,0.07199449510868564,1.0418976664840762
1016,8.423357499999838,99.07787894768461,238.63499529345307,24.117641585949542,58.08878174906423,4.762417434616383,0.24342105263157893,0.018959696867288045,-0.39798492383823003,4.755994287733165,-0.08851579109644336,0.04463355722308646,0.09913223342493467,1.8902363875534645
1017,8.425463199999967,99.07626676450904,238.63460560436914,24.11724914662391,58.08868689053722,4.763396572860777,0.24342105263157893,0.01856725754165467,-0.3978900653112163,4.762111943484135,-0.09806603879432615,0.23593713115422654,0.25550592521915605,1.735176052408937
1018,8.43937979999987,99.07547461959406,238.62724118380714,24.11705632187487,58.086894235532,4.763592400509656,0.24342105263157893,0.018374432792615636,-0.3960974103059982,4.763335474634327,-0.05899168530368286,0.2545203305379857,0.2612673297450989,1.0369951973111644
1019,8.44145739999999,99.07498475902449,238.61903716362758,24.11693707949938,58.08489720430408,4.7636315660394315,0.24342105263157893,0.018255190417125533,-0.3941003790780755,4.763580180864366,-0.057710137051079136,0.4093505205807184,0.41339848647299077,0.06973132290470883
1020,8.455472599999894,99.07466202227565,238.61149299452018,24.116858518580255,58.08306079471872,4.7636393991453865,0.24342105263157893,0.018176629498000807,-0.392263969492717,4.763629122110374,-0.020864218952094594,0.41977603765205296,0.4202942272020147,0.04202404239502523
1021,8.457513099999915,99.07444973103279,238.604949206882,24.116806842422452,58.08146789904364,4.7636409657665775,0.24342105263157893,0.018124953340198147,-0.39067107381763577,4.7636389103595755,-0.03301507543627351,0.3376730433654248,0.3392831847022939,0.0028101327564394023
1022,8.47135779999985,99.07432799367129,238.59942226876151,24.116777208985773,58.080122525948525,4.763641279090816,0.24342105263157893,0.018095319903519425,-0.38932570072252304,4.763640868009416,-0.023795236396301326,0.1311458766419156,0.13328711203763252,-4.911331629282582
1023,8.473417299999937,99.07369674451158,238.60180564043256,24.116623549650843,58.0807026887895,4.763641341755664,0.24342105263157893,0.017941660568588702,-0.38990586356349866,4.73328603493001,0.09938176614187061,-0.14352832396902132,0.1745769607446349,-5.7798369760919615
1024,8.487423499999977,99.07304683627439,238.60591481953196,24.11646534830363,58.08170294949133,4.763641354288633,0.24342105263157893,0.01778345922137703,-0.390906124265328,4.696859843704752,0.12737403797844243,-0.3149400913421057,0.33972254368161614,-6.9547898855913415
1025,8.489490400000022,99.07822875008422,238.61646359868183,24.117726735217868,58.08427074441597,4.611865233748352,0.24342105263157893,0.01904484613561408,-0.3934739191899652,4.689574605459702,0.12556847982143565,-0.40362900698624,0.4227100878916476,-2.076832933808662
1026,8.503358799999887,99.08475990053375,238.6208174072388,24.11931655473519,58.08533055307786,4.581510009640295,0.24342105263157893,0.020634665652934814,-0.3945337278518579,4.688117557810692,0.13511496160311978,-0.35497836305241265,0.3798232366303871,-1.2567055419658408
1027,8.505435300000045,99.0846646302848,238.62377124634094,24.119293363950906,58.08604957970141,4.727215087865559,0.24342105263157893,0.02061147486865167,-0.39525275447540764,4.68782614828089,0.09674544421734592,-0.38226150615446874,0.3943140120060337,0.6064136221807712
1028,8.52010949999999,99.0830443619169,238.62608899078447,24.118898956519246,58.08661376749358,4.756356103510612,0.24342105263157893,0.020217067436991698,-0.39581694226757946,4.718123090984305,-0.031663229360950805,-0.1393568346268408,0.14290866821427184,6.1088477808797785
1029,8.522329599999921,99.08119161721262,238.62798449745196,24.11844795945307,58.08707517372186,4.7621843066396226,0.24342105263157893,0.019766070370817346,-0.39627834849585497,4.7545377041343615,-0.08994250447262353,-0.15166420773842054,0.17632834718141802,6.3359877296935725
1030,8.535789499999964,99.07943524866351,238.62952267465596,24.118020422372037,58.08744959843599,4.763349947265425,0.24342105263157893,0.0193385332897833,-0.39665277320998626,4.761820626764373,-0.09239713966810166,-0.085714613401111,0.12603264009513013,1.2143796304625063
1031,8.53796229999989,99.07785746939244,238.63075408174993,24.117636357681054,58.08774934884702,4.763583075390585,0.24342105263157893,0.01895446859879968,-0.3969525236210174,4.732921986680999,0.03428322818037294,0.058821254239685275,0.06808288834058975,-4.3876078032837995
1032,8.552278399999977,99.07647883268014,238.63172569084765,24.117300768481346,58.08798585895633,4.763629701015617,0.24342105263157893,0.018618879399092236,-0.3971890337303279,4.727142258664324,0.07426193030419062,0.10168213672774677,0.12591303039012544,-9.226765653946815
1033,8.554532999999992,99.08209654532824,238.62538824033885,24.11866823800753,58.08644319008248,4.611862903093749,0.24342105263157893,0.01998634892527562,-0.395646364856475,4.695631088451615,0.18981104724794795,0.09305032542025801,0.21139204506834838,-4.959159872212909
1034,8.567204199999878,99.08192741086819,238.62505128371754,24.118627067119228,58.08636116774703,4.73328566655625,0.24342105263157893,0.019945178036973488,-0.3955643425210269,4.689328854409075,0.22418611851277143,0.14093577578637712,0.26480617181314026,-5.020505089646858
1035,8.569348699999864,99.08673742217505,238.6256765782536,24.119797925134712,58.0865133776012,4.605794096201875,0.24342105263157893,0.021116036052458043,-0.3957165523751982,4.688068407600567,0.19549792400908872,0.13947050443841258,0.24014882864625572,
1036,8.583276899999873,99.08645791511407,238.61987053006146,24.119729887231713,58.08510006323864,4.732071905177875,0.24342105263157893,0.021047998149459346,-0.39430323801263967,3.7656958269818173,0.07419307825601222,0.002624157073664624,0.07423947104775207,
1037,8.586216599999943,99.08444254274336,238.62015851996654,24.119239303167788,58.085170166044485,4.757327466973075,0.24342105263157893,0.02055741408553402,-0.39437334081848263,2.819038693670568,0.07484291234122126,0.001329530906469559,0.07485472049341302,
