frame,t_s,x_px_raw,y_px_raw,angle_deg_raw,mm_per_px,x_px_filt,y_px_filt,pos_outlier,x_mm,y_mm,y_mm_origin,angle_deg_unwrapped,vx_mm_s,vy_mm_s,speed_mm_s,angular_vel_dps,tail_trimmed
0,0,210.8614655,357.5747986,0,0.142857143,210.533844,357.4019267,0,0,0,0,0,0,0,0,0,0
1,0.033121469,210.4341278,357.3556824,0,0.142857143,210.4791756,357.3811798,0,-0.007809775,0.002963838,-0.002963838,0,0,0,0,0,0
2,0.066242938,210.3059387,357.2752991,0,0.142857143,210.5421173,357.4095703,0,0.001181902,-0.001091948,0.001091948,0,0,0,0,0,0
3,0.099364407,210.3151703,357.3189392,0,0.142857143,210.6733124,357.3850037,0,0.019924055,0.002417573,-0.002417573,0,0,0,0,0,0
4,0.132485876,210.7938843,357.5231323,0,0.142857143,211.0197174,357.3932251,0,0.069410488,0.001243083,-0.001243083,0,0,0,0,0,0
5,0.165607345,211.5174408,357.4519653,0,0.142857143,211.4495361,357.4036987,0,0.130813163,-0.000253151,0.000253151,0,0,0,0,0,0
6,0.198728814,212.166153,357.3967896,0,0.142857143,211.8966888,357.4096863,0,0.194692121,-0.001108515,0.001108515,0,0,0,0,0,0
7,0.231850282,212.4550323,357.3276672,0,0.142857143,212.1677399,357.3937561,0,0.233413696,0.001167225,-0.001167225,0,0,0,0,0,0
8,0.264971751,212.5509338,357.348877,0,0.142857143,212.1748169,357.3943542,0,0.2344247,0.001081775,-0.001081775,0,0,0,0,0,0
9,0.29809322,212.1491394,357.4434814,0,0.142857143,211.9363342,357.3936523,0,0.200355748,0.001182048,-0.001182048,0,0,0,0,0,0
10,0.331214689,211.5528259,357.4549561,0,0.142857143,211.5794434,357.3991394,0,0.149371338,0.000398182,-0.000398182,0,0,0,0,0,0
11,0.364336158,210.9737396,357.39328,0,0.142857143,211.1784698,357.3963074,0,0.092089408,0.000802758,-0.000802758,0,0,0,0,0,0
12,0.397457627,210.670578,357.3551025,0,0.142857143,210.8912201,357.3699402,0,0.051053728,0.004569499,-0.004569499,0,0,0,0,0,0
13,0.430579096,210.5460663,357.3347168,0,0.142857143,210.8291229,357.3483765,0,0.042182704,0.00765003,-0.00765003,0,0,0,0,0,0
14,0.463700565,210.7128906,357.3116455,0,0.142857143,211.0257446,357.2988281,0,0.070271519,0.014728364,-0.014728364,0,0,0,0,0,0
15,0.496822034,211.2423401,357.3471375,0,0.142857143,211.354895,357.245929,0,0.117293004,0.022285389,-0.022285389,0,0,0,0,0,0
16,0.529943503,211.9568481,357.1455383,0,0.142857143,211.7400726,357.1929871,0,0.172318377,0.029848517,-0.029848517,0,0,0,0,0,0
17,0.563064972,212.31633,357.0906067,0,0.142857143,212.1001892,357.1395081,0,0.223763602,0.037488374,-0.037488374,0,0,0,0,0,0
18,0.596186441,212.4719543,357.0700073,0,0.142857143,212.2804749,357.1032837,0,0.249518694,0.042663284,-0.042663284,0,0,0,0,0,0
19,0.62930791,212.5134735,357.0442505,0,0.142857143,212.2008118,357.126947,0,0.238138253,0.039282808,-0.039282808,0,0,0,0,0,0
20,0.662429379,212.1437683,357.1660156,0,0.142857143,211.9825439,357.1722839,0,0.206957136,0.032806106,-0.032806106,0,0,0,0,0,0
21,0.695550847,211.5585327,357.263855,0,0.142857143,211.697052,357.2239807,0,0.166172573,0.025420852,-0.025420852,0,0,0,0,0,0
22,0.728672316,211.2249908,357.3172913,0,0.142857143,211.4223602,357.2817139,0,0.126930891,0.017173258,-0.017173258,0,0,0,0,2.415351812,0
23,0.761793785,211.0444946,357.3284912,0,0.142857143,211.3293976,357.2651123,0,0.113650513,0.01954491,-0.01954491,0,0,0,0,7.246055437,0
24,0.794915254,211.1400146,357.3329163,0,0.142857143,211.4981995,357.2193726,0,0.137765067,0.02607916,-0.02607916,0.4,0,0,0,12.07675906,0
25,0.828036723,211.6789551,357.0830078,0,0.142857143,211.8751495,357.1169006,0,0.191615077,0.040718006,-0.040718006,1.2,0,0,0,16.90746269,0
26,0.861158192,212.4025421,357.0351563,2,0.142857143,212.3530731,356.7933716,0,0.259889875,0.086936442,-0.086936442,2,1.674959545,-2.054764394,2.650951941,21.73816631,0
27,0.894279661,213.1097412,356.8049316,4,0.142857143,212.8347595,356.1106689,0,0.328702218,0.18446539,-0.18446539,2.8,1.809028756,-3.629603765,4.055441842,19.3228145,0
28,0.92740113,213.4341125,355.7108459,4,0.142857143,213.2710968,354.8831238,0,0.391036115,0.359828985,-0.359828985,3.6,1.702945914,-5.470844091,5.72976089,14.49211087,0
29,0.960522599,213.5484467,353.9194031,4,0.142857143,213.5953186,353.0117493,0,0.437353516,0.627168201,-0.627168201,3.6,1.544446875,-7.288628624,7.450464641,12.07675906,0
30,0.993644068,213.8606415,350.945282,4,0.142857143,213.849292,350.7748169,0,0.473635428,0.946729969,-0.946729969,3.6,1.486734039,-8.804151952,8.928800015,12.07675906,0
31,1.026765537,214.0236511,347.6782837,2,0.142857143,214.1434753,348.3440186,0,0.515661621,1.293986875,-1.293986875,4,1.598969091,-9.741504442,9.871859548,12.07675906,0
32,1.059887006,214.3796082,345.6202698,4,0.142857143,214.5582581,345.9044434,0,0.574916295,1.642497617,-1.642497617,4.8,1.956534372,-9.938685796,10.1294374,16.90746269,0
33,1.093008475,214.9050293,343.5568542,6,0.142857143,215.124704,343.590271,0,0.655837141,1.973093669,-1.973093669,5.6,2.457256338,-9.848084831,10.15001889,19.3228145,0
34,1.126129944,215.6223602,341.7215271,8,0.142857143,215.8634338,341.4903137,0,0.761369978,2.273087565,-2.273087565,6.4,2.91519978,-9.663297402,10.09344869,16.90746269,0
35,1.159251412,216.6928711,339.3744202,8,0.142857143,216.6978699,339.3584106,0,0.880575126,2.577645147,-2.577645147,6.8,3.145027072,-9.593045852,10.09543085,7.246055437,0
36,1.192372881,217.7173004,337.1784973,6,0.142857143,217.5229248,337.1418274,0,0.998440116,2.894299898,-2.894299898,6.8,3.093913975,-9.665140169,10.14826282,-4.830703625,0
37,1.22549435,218.5517883,334.9607544,6,0.142857143,218.2041351,334.7836914,0,1.095755877,3.231176467,-3.231176467,6,2.721353835,-10.06295675,10.42443597,-19.3228145,0
38,1.258615819,219.030304,332.473938,6,0.142857143,218.7113281,332.3859436,0,1.168212019,3.573711868,-3.573711868,4.8,2.300923867,-10.52567033,10.77422788,-31.39957356,0
39,1.291737288,219.0284119,329.9308472,4,0.142857143,219.0181671,329.8248169,0,1.21204616,3.939587112,-3.939587112,3.2,2.081750403,-10.76422444,10.96367696,-41.06098081,0
40,1.324858757,219.2288361,327.3856812,2,0.142857143,219.3652191,327.1565125,0,1.261625017,4.320773461,-4.320773461,1.6,2.172991071,-10.65690168,10.87618699,-45.89168443,0
41,1.357980226,219.2514954,324.3728638,-2,0.142857143,219.9361969,324.663385,0,1.343193272,4.676934524,-4.676934524,0,2.558311059,-10.29598782,10.60906785,-50.72238806,0
42,1.391101695,220.2870483,321.6192322,-2,0.142857143,220.7231781,322.4296631,0,1.455619158,4.996037656,-4.996037656,-1.6,3.288736588,-9.507999513,10.06070788,-48.30703625,0
43,1.424223164,221.8851929,320.0083008,-2,0.142857143,221.6770538,320.4503052,0,1.59188712,5.278803072,-5.278803072,-3.6,4.047896122,-8.376472013,9.303265362,-43.47633262,0
44,1.457344633,222.9633179,318.7622375,-4,0.142857143,222.8306396,318.802655,0,1.756685093,5.514181664,-5.514181664,-4.8,4.446399792,-7.190493374,8.454209961,-33.81492537,0
45,1.490466102,223.9982147,317.4888916,-8,0.142857143,224.0577484,317.4460754,0,1.931986346,5.707978748,-5.707978748,-5.6,4.52016313,-6.022310601,7.529946859,-19.3228145,0
46,1.523587571,225.0194244,316.134613,-8,0.142857143,225.0906921,316.3277954,0,2.079549735,5.867733038,-5.867733038,-5.6,4.323179215,-4.883638429,6.522254428,2.415351812,0
47,1.55670904,226.4225922,314.8363342,-6,0.142857143,225.9631836,315.448291,0,2.204191371,5.993376523,-5.993376523,-4.8,3.810397654,-3.941852768,5.482456888,21.73816631,0
48,1.589830508,227.0499115,314.4169006,-2,0.142857143,226.6887054,314.7889404,0,2.30783735,6.087569464,-6.087569464,-3.2,3.130026947,-3.336845974,4.575107621,36.23027719,0
49,1.622951977,227.3257751,314.3647156,0,0.142857143,227.2478485,314.2330566,0,2.387714931,6.166981434,-6.166981434,-1.2,2.664399166,-3.251873346,4.204010368,41.06098081,0
50,1.656073446,227.625824,314.1921387,0,0.142857143,227.6862366,313.577832,0,2.450341797,6.260584949,-6.260584949,0.4,2.484587208,-3.77160214,4.51643181,38.645629,0
51,1.689194915,227.8151398,313.3551941,2,0.142857143,228.1794006,312.5580566,0,2.520793806,6.406267148,-6.406267148,1.2,2.57537245,-4.678775367,5.340737982,36.23027719,0
52,1.722316384,228.6145325,311.5602112,2,0.142857143,228.8434448,311.0760559,0,2.615657261,6.617981538,-6.617981538,1.6,2.921667893,-5.761569574,6.460017587,31.39957356,0
53,1.755437853,229.5157318,309.3180237,2,0.142857143,229.6742096,309.3650635,0,2.734337943,6.862409029,-6.862409029,2.8,3.405378486,-6.803027879,7.607745458,28.98422175,0
54,1.788559322,230.6459961,306.9547119,2,0.142857143,230.6347961,307.553949,0,2.871564593,7.121139672,-7.121139672,4,3.85610881,-7.562095275,8.488513422,31.39957356,0
55,1.821680791,231.7796478,305.6371765,6,0.142857143,231.6339264,305.6914124,0,3.014297485,7.387216332,-7.387216332,5.2,4.104608599,-8.009529679,9.000020968,36.23027719,0
56,1.85480226,232.6180725,304.2996216,8,0.142857143,232.6496002,303.791687,0,3.159393747,7.658605666,-7.658605666,6.4,4.14499679,-8.516959318,9.47204278,31.39957356,0
57,1.887923729,233.6101837,302.2475281,8,0.142857143,233.6017181,301.7909973,0,3.295410592,7.94441848,-7.94441848,7.6,3.980316584,-9.126093911,9.956330156,21.73816631,0
58,1.921045198,234.594101,299.819397,8,0.142857143,234.479303,299.4917664,0,3.420779855,8.272880046,-8.272880046,8,3.59636551,-9.798419623,10.43757021,9.661407249,0
59,1.954166667,235.4065857,296.9512634,8,0.142857143,235.2489838,296.9745117,0,3.530734253,8.632487851,-8.632487851,7.6,3.051638263,-10.41800534,10.85575107,-4.830703625,0
60,1.987288136,236.167572,294.1410217,8,0.142857143,235.8030182,294.3325806,0,3.609882028,9.009906587,-9.009906587,6.8,2.503096488,-10.5935842,10.88528907,-14.49211087,0
61,2.020409605,236.4664764,291.7133484,6,0.142857143,236.1872162,291.7145996,0,3.664767456,9.383903867,-9.383903867,5.6,1.853765878,-10.13351367,10.30167692,-19.3228145,0
62,2.053531073,236.3803558,289.0378723,4,0.142857143,236.5034363,289.5103699,0,3.709941755,9.698793829,-9.698793829,5.2,1.224897882,-9.286246175,9.366682595,-14.49211087,0
63,2.086652542,236.5150909,286.7294922,2,0.142857143,236.6282837,287.7444763,0,3.7277771,9.951064337,-9.951064337,4.8,0.862933653,-8.28137996,8.326218141,-4.830703625,0
64,2.119774011,236.9876862,285.9301147,6,0.142857143,236.6689484,286.2094177,0,3.733586339,10.17035842,-10.17035842,5.2,0.667492397,-7.457899953,7.48771112,7.246055437,0
65,2.15289548,236.7918091,285.311554,6,0.142857143,236.8033752,284.7323792,0,3.752790179,10.38136393,-10.38136393,6,0.407225224,-7.461932981,7.473036611,7.246055437,0
66,2.186016949,236.6697998,284.0380554,8,0.142857143,236.9610077,283.0690186,0,3.775309099,10.61898687,-10.61898687,6.8,0.314068077,-8.221289955,8.227286751,9.661407249,0
67,2.219138418,237.0524902,281.6526794,8,0.142857143,236.9755127,280.8601135,0,3.777381243,10.93454474,-10.93454474,6.4,0.282430397,-9.42665977,9.430889743,4.830703625,0
68,2.252259887,237.3032532,278.4126892,6,0.142857143,236.9923676,278.2139343,0,3.77978908,11.31257034,-11.31257034,6.4,0.110284351,-10.75233596,10.75290152,-4.830703625,0
69,2.285381356,237.0602112,274.8855896,4,0.142857143,236.9963562,275.2815491,0,3.780358887,11.73148251,-11.73148251,6,-0.086860148,-11.8396739,11.83999251,-14.49211087,0
70,2.318502825,236.8760834,272.080658,6,0.142857143,236.9312225,272.2677185,0,3.771054077,12.16202974,-12.16202974,5.2,0.070038316,-12.25436496,12.25456511,-12.07675906,0
71,2.351624294,236.689743,269.3761292,6,0.142857143,236.8603149,269.3438599,0,3.760924421,12.57972383,-12.57972383,4.4,0.433942716,-12.20469449,12.21240656,-12.07675906,0
72,2.384745763,236.7268219,266.5835266,4,0.142857143,237.0567047,266.6542236,0,3.788980103,12.96395758,-12.96395758,4.4,1.015430535,-11.85163083,11.89505159,-9.661407249,0
73,2.417867232,236.9487152,263.793396,2,0.142857143,237.4954163,264.065625,0,3.851653181,13.33375738,-13.33375738,4.4,1.802789673,-11.34593339,11.48826597,0,0
74,2.450988701,238.04216,261.4374084,4,0.142857143,238.1734955,261.5425293,0,3.948521641,13.69419963,-13.69419963,4.4,2.561491148,-10.85478065,11.15291441,9.661407249,0
75,2.484110169,239.0696411,259.1376648,6,0.142857143,239.021109,259.1149292,0,4.069609288,14.04099964,-14.04099964,5.2,2.87977653,-10.55202716,10.93793354,12.07675906,0
76,2.517231638,240.0801392,256.7606506,6,0.142857143,239.8297272,256.7604401,0,4.185126168,14.37735523,-14.37735523,6,2.791128898,-10.24291876,10.61639229,12.07675906,0
77,2.550353107,240.9648895,254.4455261,8,0.142857143,240.3950897,254.4217712,0,4.265892247,14.71145078,-14.71145078,6.4,2.408836314,-9.921408537,10.20964445,7.246055437,0
78,2.583474576,240.991806,252.0209503,6,0.142857143,240.7310364,252.191507,0,4.313884626,15.03005996,-15.03005996,6.4,1.896215337,-9.41710897,9.606121692,-2.415351812,0
79,2.616596045,240.8689728,249.7440643,6,0.142857143,240.9659424,250.0411224,0,4.347442627,15.33725775,-15.33725775,5.6,1.526593094,-8.625561486,8.759611717,-9.661407249,0
80,2.649717514,240.7493744,247.9863434,6,0.142857143,241.2192993,248.1981323,0,4.383636475,15.60054205,-15.60054205,4.8,1.424593297,-7.587609703,7.720186984,-16.90746269,0
81,2.682838983,241.2546692,246.008728,2,0.142857143,241.5994324,246.7612457,0,4.437941197,15.80581156,-15.80581156,4.4,1.555666695,-6.501803889,6.685323678,-24.15351812,0
82,2.715960452,242.2316742,245.2305756,4,0.142857143,242.0465515,245.625824,0,4.50181536,15.96801467,-15.96801467,3.6,1.736323693,-5.286369933,5.564218457,-24.15351812,0
83,2.749081921,242.8924713,244.8365173,4,0.142857143,242.5344452,244.6542816,0,4.571514457,16.10680644,-16.10680644,2.4,1.753590421,-4.392475159,4.729578986,-28.98422175,0
84,2.78220339,243.1045685,244.0669556,2,0.142857143,242.9787781,243.9128906,0,4.634990583,16.21271944,-16.21271944,1.6,1.605992667,-3.844133456,4.166122235,-33.81492537,0
85,2.815324859,243.1888428,243.1286316,0,0.142857143,243.2521515,243.1061493,0,4.674043928,16.3279682,-16.3279682,0,1.391233946,-3.433396445,3.704557064,-33.81492537,0
86,2.848446328,243.4763336,242.3017731,-2,0.142857143,243.4611816,242.3049286,0,4.703905378,16.4424283,-16.4424283,-1.2,1.135189342,-2.98802594,3.196397012,-28.98422175,0
87,2.881567797,243.5985413,241.1968689,-4,0.142857143,243.6593414,241.6456543,0,4.73221392,16.53661034,-16.53661034,-2,0.867832781,-2.568017177,2.710691047,-24.15351812,0
88,2.914689266,243.9376221,240.8304138,-2,0.142857143,243.850415,241.1904083,0,4.759510149,16.60164548,-16.60164548,-2.4,0,0,0,-12.07675906,0
89,2.947810734,244.0953674,240.7705841,-2,0.142857143,243.9848145,240.9359131,0,4.778710066,16.63800194,-16.63800194,-2.4,0,0,0,-7.246055437,0
90,2.980932203,244.1442108,240.8524017,-2,0.142857143,244.0923859,240.9197876,0,4.79407741,16.64030558,-16.64030558,-2,0,0,0,-4.830703625,0
91,3.014053672,244.1483307,241.0292969,-2,0.142857143,244.1254639,240.980545,0,4.798802839,16.63162595,-16.63162595,-2.4,0,0,0,-4.830703625,0
92,3.047175141,244.1363983,241.1162415,-2,0.142857143,244.1211792,241.0570007,0,4.798190744,16.62070371,-16.62070371,-2.8,0,0,0,-7.246055437,0
93,3.08029661,244.1030121,241.134201,-4,0.142857143,244.1028717,241.1201172,0,4.795575387,16.61168707,-16.61168707,-3.2,0,0,0,-12.07675906,0
94,3.113418079,244.0739441,241.1528625,-4,0.142857143,244.081015,241.1499603,0,4.792453003,16.60742376,-16.60742376,-3.6,0,0,0,-9.661407249,0
95,3.146539548,244.0526733,241.167984,-4,0.142857143,244.0600281,241.1636993,0,4.789454869,16.60546105,-16.60546105,-4,0,0,0,-7.246055437,0
96,3.179661017,244.0390472,241.1785126,-4,0.142857143,244.0450195,241.1745209,0,4.787310791,16.60391511,-16.60391511,-4,0,0,0,-2.415351812,0
97,3.212782486,244.0314636,241.1849365,-4,0.142857143,244.0356171,241.1818878,0,4.785967582,16.60286269,-16.60286269,-4,0,0,0,2.415351812,0
98,3.245903955,244.0279694,241.1883087,-4,0.142857143,244.0228485,241.2048676,0,4.784143502,16.59957987,-16.59957987,-3.6,0,0,0,7.246055437,0
99,3.279025424,244.0269318,241.1896973,-4,0.142857143,244.0043854,241.2433289,0,4.781505912,16.5940854,-16.5940854,-3.2,0,0,0,9.661407249,0
100,3.312146893,243.9888306,241.2828827,-2,0.142857143,243.9831024,241.2895142,0,4.778465489,16.5874875,-16.5874875,-2.8,0,0,0,12.07675906,0
101,3.345268362,243.9467316,241.3708191,-2,0.142857143,243.9607971,241.3385651,0,4.775279018,16.58048023,-16.58048023,-2.4,0,0,0,9.661407249,0
102,3.378389831,243.9250488,241.415863,-2,0.142857143,243.9384338,241.3878448,0,4.772084263,16.57344026,-16.57344026,-2,0,0,0,7.246055437,0
103,3.411511299,243.9164429,241.4335632,-2,0.142857143,243.9240936,241.4176117,0,4.770035662,16.56918785,-16.56918785,-2,0,0,0,4.830703625,0
104,3.444632768,243.9151154,241.4360962,-2,0.142857143,243.9187775,241.4285095,0,4.76927621,16.56763102,-16.56763102,-2,0,0,0,2.415351812,0
105,3.477754237,243.9171295,241.4317169,-2,0.142857143,243.9183624,241.4292084,0,4.769216919,16.56753119,-16.56753119,-2,0,0,0,0,0
106,3.510875706,243.9201508,241.4253082,-2,0.142857143,243.9200989,241.4254639,0,4.769464983,16.56806612,-16.56806612,-2,0,0,0,0,0
107,3.543997175,243.9229736,241.4193573,-2,0.142857143,243.9223877,241.4206116,0,4.769791957,16.5687593,-16.5687593,-2,0,0,0,0,0
108,3.577118644,243.9251251,241.4148407,-2,0.142857143,243.9244385,241.4162872,0,4.770084926,16.56937706,-16.56937706,-2,0,0,0,0,0
109,3.610240113,243.9265594,241.4118347,-2,0.142857143,243.9258606,241.4014313,0,4.770288086,16.57149934,-16.57149934,-2,0,0,0,0,0
110,3.643361582,243.9273834,241.4100952,-2,0.142857143,243.9266876,241.3810455,0,4.770406233,16.57441159,-16.57441159,-2,0,0,0,0,0
111,3.676483051,243.9272614,241.3510284,-2,0.142857143,243.9270569,241.358374,0,4.770458984,16.57765038,-16.57765038,-2,0,0,0,0,0
112,3.70960452,243.9271088,241.3174286,-2,0.142857143,243.927121,241.33526,0,4.77046814,16.58095238,-16.58095238,-2,0,0,0,-2.415351812,0
113,3.742725989,243.9269714,241.3014832,-2,0.142857143,243.9306824,241.3097504,0,4.770976911,16.58459662,-16.58459662,-2,0,0,0,-4.830703625,0
114,3.775847458,243.9268799,241.2962646,-2,0.142857143,243.9890686,241.2599457,0,4.779317801,16.59171157,-16.59171157,-2.4,0,0,0,-6.038379531,0
115,3.808968927,243.9451904,241.282547,-2,0.142857143,244.0573059,241.207428,0,4.789065988,16.5992141,-16.5992141,-2.8,0,0,0,-8.051172708,0
116,3.842090395,244.2191925,241.102005,-4,0.142857143,244.0898895,241.1839142,0,4.79372079,16.60257321,-16.60257321,-3,0,0,0,-10.06396588,0
117,3.875211864,244.2682953,241.0548401,-4,0.142857143,244.1442261,241.146464,0,4.801483154,16.60792324,-16.60792324,-3.333333333,0,0,0,-9.393034826,0
