frame,t_s,x_px_filt,y_px_filt,x_mm,y_mm,angle_deg_raw,mm_per_px,angle_deg_unwrapped,angular_vel_dps,vx_mm_s,vy_mm_s,speed_mm_s
0,0,417.5398865,393.7536621,0,0,-3.489318848,0.138888889,-3.447715759,0.719215393,0.051561991,2.138074239,2.138695886
1,0.033333333,417.5811768,394.741333,0.005734762,0.137176514,-3.447387695,0.138888889,-3.408096313,0.80329895,0.292290582,0.460179647,0.545159694
2,0.066666667,417.5646362,394.7799377,0.003437466,0.142538283,-3.406440735,0.138888889,-3.399768066,0.62310791,0.185235341,-0.685151418,0.709749672
3,0.1,417.7503357,394.0849915,0.029229058,0.046017965,-3.289237976,0.138888889,-3.367385864,0.381976318,0.174865723,-1.49983724,1.509996611
4,0.133333333,417.7177124,393.0959167,0.024698046,-0.091353522,-3.366455078,0.138888889,-3.364634705,-0.112893677,0.213088989,-2.934036255,2.941764039
5,0.166666667,417.7497253,391.9538574,0.029144287,-0.249972873,-3.327407837,0.138888889,-3.38405304,-0.210845947,0.183639526,-3.126754761,3.132142846
6,0.2,417.8368835,391.2204895,0.041249593,-0.351829529,-3.433631897,0.138888889,-3.426911926,-0.499978638,0.099868774,-2.333602905,2.335738918
7,0.233333333,417.7850037,391.027832,0.034044054,-0.378587511,-3.50353241,0.138888889,-3.434909058,-0.483856201,0.151087443,-0.648549398,0.665915713
8,0.266666667,417.8701782,391.284668,0.045873854,-0.342915853,-3.50353241,0.138888889,-3.450715637,-0.250836182,0.122248332,1.127649943,1.134257047
9,0.3,417.8990173,392.3176575,0.049879286,-0.199445089,-3.406440735,0.138888889,-3.445277405,0.122827148,0.043792725,2.184117635,2.184556625
10,0.333333333,417.8964233,393.3070374,0.049519009,-0.062031216,-3.406440735,0.138888889,-3.42585907,0.170809937,0.07232666,2.395706177,2.396797703
11,0.366666667,417.8894348,393.8414307,0.048548381,0.012190077,-3.406440735,0.138888889,-3.406440735,0.23302002,-0.000940959,1.794865926,1.794866173
12,0.4,417.8717957,393.9026794,0.046098497,0.020696852,-3.406440735,0.138888889,-3.406440735,0.200390625,-0.035832723,0.271606445,0.273959934
13,0.433333333,417.8690491,393.4385071,0.045717027,-0.043771532,-3.406440735,0.138888889,-3.411878967,0.083880615,-0.089848836,-1.168060303,1.171510855
14,0.466666667,417.8560181,392.6435852,0.043907166,-0.154177348,-3.406440735,0.138888889,-3.411878967,-0.032629395,-0.127868652,-2.028554281,2.032580346
15,0.5,417.7886047,391.905365,0.034544203,-0.256707933,-3.433631897,0.138888889,-3.411878967,-0.032629395,-0.12125651,-2.035878499,2.039486309
16,0.533333333,417.7359924,391.4071655,0.027236938,-0.325902303,-3.406440735,0.138888889,-3.411878967,-0.083880615,-0.104980469,-1.330973307,1.335107053
17,0.566666667,417.7262878,391.4596252,0.025889079,-0.318616231,-3.406440735,0.138888889,-3.411878967,-0.133016968,-0.055923462,-0.001424154,0.055941593
18,0.6,417.7430725,391.8413391,0.028220283,-0.265600416,-3.406440735,0.138888889,-3.42585907,-0.18215332,0.054957072,1.101837158,1.103206872
19,0.633333333,417.7889099,392.6418762,0.034586589,-0.154414707,-3.406440735,0.138888889,-3.434048462,-0.18215332,0.115356445,1.781183879,1.784915437
20,0.666666667,417.8545532,393.2275696,0.043703715,-0.073068407,-3.50353241,0.138888889,-3.442237854,-0.214782715,0.149815877,1.701100667,1.707685064
21,0.7,417.8744202,393.5445862,0.046463013,-0.029038323,-3.447387695,0.138888889,-3.442237854,-0.1309021,0.117746989,1.00016276,1.007069958
22,0.733333333,417.9060669,393.500946,0.050858392,-0.035099453,-3.447387695,0.138888889,-3.447676086,-0.149139404,0.063323975,-0.072097778,0.095958405
23,0.766666667,417.8843689,393.0415344,0.047844781,-0.098906623,-3.406440735,0.138888889,-3.447676086,-0.210617065,0.031840007,-1.014633179,1.015132638
24,0.8,417.8648987,392.5553589,0.045140584,-0.166431003,-3.433631897,0.138888889,-3.458905029,-0.370367432,0.034001668,-1.426849365,1.427254436
25,0.833333333,417.8927612,392.0100098,0.049010383,-0.242173937,-3.50353241,0.138888889,-3.477340698,-0.337738037,0.024617513,-1.227874756,1.228121508
26,0.866666667,417.9152222,391.8323669,0.052129957,-0.266846551,-3.50353241,0.138888889,-3.503965759,-0.253857422,0.081075033,-0.467325846,0.474306449
27,0.9,417.9356079,392.0274963,0.05496131,-0.239745246,-3.53956604,0.138888889,-3.503965759,-0.119110107,0.085576375,0.362879435,0.372833476
28,0.933333333,417.9816589,392.4807434,0.061357286,-0.176794264,-3.53956604,0.138888889,-3.489985657,0.10211792,0.052286784,1.04850769,1.049810595
29,0.966666667,417.9675903,392.9908142,0.059403314,-0.105951097,-3.433631897,0.138888889,-3.478756714,0.421618652,0.015335083,1.295801799,1.295892536
30,1,417.9555054,393.268219,0.057724847,-0.067422655,-3.433631897,0.138888889,-3.460321045,0.454248047,-0.027516683,0.909398397,0.909814603
31,1.033333333,417.9336243,393.3873291,0.054685805,-0.050879584,-3.447387695,0.138888889,-3.433695984,0.402996826,-0.083567301,0.259017944,0.272165004
32,1.066666667,417.9025879,393.1187744,0.050375197,-0.088178847,-3.447387695,0.138888889,-3.428257751,0.384759521,-0.073521932,-0.456110636,0.461998254
33,1.1,417.8813782,392.7915649,0.047429403,-0.133624607,-3.406440735,0.138888889,-3.422819519,0.32328186,-0.062281291,-0.841649373,0.843950607
34,1.133333333,417.879364,392.4434814,0.047149658,-0.181969537,-3.406440735,0.138888889,-3.414630127,0.047021484,-0.04041036,-0.980606079,0.981438373
35,1.166666667,417.8807678,392.2582397,0.047344632,-0.20769755,-3.406440735,0.138888889,-3.406440735,-0.10211792,-0.01566569,-0.584259033,0.584469017
36,1.2,417.8851318,392.2106018,0.047950745,-0.214313931,-3.406440735,0.138888889,-3.42585907,-0.167376709,0.029169718,0.069096883,0.075001678
37,1.233333333,417.8837891,392.4176636,0.047764248,-0.185555352,-3.406440735,0.138888889,-3.445277405,-0.216513062,0.046691895,0.578536987,0.580418107
38,1.266666667,417.9163818,392.8744812,0.052291022,-0.122108459,-3.50353241,0.138888889,-3.450715637,-0.314785767,0.036849976,0.876617432,0.877391613
39,1.3,417.9353943,393.1377258,0.054931641,-0.085546705,-3.50353241,0.138888889,-3.450715637,-0.1309021,0.017166138,0.938491821,0.938648803
40,1.333333333,417.9249878,393.3101807,0.053486294,-0.061594645,-3.433631897,0.138888889,-3.458905029,0.10211792,-0.001042684,0.414861043,0.414862354
41,1.366666667,417.9057312,393.336792,0.050811768,-0.057898627,-3.406440735,0.138888889,-3.447676086,0.167376709,-0.041402181,-0.226033529,0.229794031
42,1.4,417.8825378,392.9154968,0.047590468,-0.116411845,-3.447387695,0.138888889,-3.428257751,0.167376709,-0.060653687,-0.599950155,0.60300834
43,1.433333333,417.8666992,392.603241,0.045390659,-0.159780714,-3.447387695,0.138888889,-3.422819519,0.216513062,-0.053075155,-0.824228923,0.825936008
44,1.466666667,417.8626099,392.4177856,0.044822693,-0.185538398,-3.406440735,0.138888889,-3.422819519,0.149139404,-0.034586589,-0.84042867,0.841140049
45,1.5,417.8612976,392.321106,0.044640435,-0.198966132,-3.406440735,0.138888889,-3.422819519,-0.016506958,-0.003433228,-0.248718262,0.248741956
46,1.533333333,417.8642273,392.3282776,0.045047336,-0.197970072,-3.406440735,0.138888889,-3.422819519,-0.049136353,0.01953125,0.203475952,0.204411186
47,1.566666667,417.878418,392.6170349,0.047018263,-0.157864889,-3.447387695,0.138888889,-3.431008911,-0.098272705,0.028152466,0.462061564,0.462918406
48,1.6,417.8901367,392.8474121,0.048645867,-0.125868056,-3.447387695,0.138888889,-3.431008911,-0.098272705,0.035247803,0.593821208,0.5948664
49,1.633333333,417.8963928,392.9722595,0.049514771,-0.108528137,-3.447387695,0.138888889,-3.439198303,-0.098272705,0.045293172,0.58169047,0.583451176
50,1.666666667,417.903595,393.0336914,0.050515069,-0.099995931,-3.406440735,0.138888889,-3.439198303,-0.049136353,0.041529338,0.113474528,0.120835237
51,1.7,417.9185791,393.0263062,0.052596198,-0.101021661,-3.447387695,0.138888889,-3.439198303,-0.208886719,0.03519694,-0.216089884,0.218937577
52,1.733333333,417.9282532,392.7532043,0.053939819,-0.138952467,-3.447387695,0.138888889,-3.439198303,-0.27036438,0.031255086,-0.382792155,0.384066029
53,1.766666667,417.932373,392.5881042,0.054512024,-0.161883036,-3.447387695,0.138888889,-3.465823364,-0.380978394,0.047734578,-0.493087769,0.495392912
54,1.8,417.9338989,392.5129089,0.054723952,-0.17232683,-3.447387695,0.138888889,-3.484259033,-0.380978394,0.076980591,-0.27305603,0.283699854
55,1.833333333,417.9608765,392.4419861,0.058470832,-0.182177226,-3.53956604,0.138888889,-3.502694702,-0.380978394,0.092035929,0.101954142,0.137350862
56,1.866666667,418.0109558,392.6986389,0.065426297,-0.146530999,-3.53956604,0.138888889,-3.502694702,-0.110614014,0.061060588,0.363260905,0.368357001
57,1.9,418.0386963,392.8755493,0.069279141,-0.12196011,-3.53956604,0.138888889,-3.502694702,-0.65526123,0.039825439,0.471293132,0.472972813
58,1.933333333,418.0056458,393.0240173,0.064688789,-0.101339552,-3.447387695,0.138888889,-3.484259033,-8.208654785,0.005238851,0.542704264,0.54272955
59,1.966666667,417.9816895,393.0784607,0.061361525,-0.093777974,-3.447387695,0.138888889,-3.593469238,-21.9894928,-0.419794718,-0.181808472,0.457473416
60,2,417.9671631,393.0932312,0.059343974,-0.091726515,-3.447387695,0.138888889,-4.870803833,-35.96251831,-2.93065389,-1.162160238,3.152673253
61,2.033333333,417.5072021,392.4804688,-0.00453949,-0.176832411,-4.085617065,0.138888889,-7.167610168,-50.17056885,-5.664672852,-2.086385091,6.036681312
62,2.066666667,414.5219116,391.480957,-0.419163174,-0.315653483,-9.926239014,0.138888889,-9.496447754,-63.35582886,-7.159220378,-2.505238851,7.584896711
63,2.1,411.2080383,390.5203552,-0.879423353,-0.449070401,-14.93141937,0.138888889,-11.84602051,-62.70095215,-7.782440186,-2.631937663,8.215441017
64,2.133333333,409.390625,390.0721741,-1.131841871,-0.511317783,-15.09157562,0.138888889,-14.15277405,-55.34147644,-7.566121419,-2.027893066,7.833169449
65,2.166666667,408.6282349,389.934906,-1.23772939,-0.530382792,-15.19525146,0.138888889,-15.32096252,-55.13661804,-5.217107137,-1.079966227,5.327713762
66,2.2,408.4278564,390.0469971,-1.265559726,-0.514814589,-15.61938477,0.138888889,-16.39118958,-60.17164764,-3.948109945,-0.13923645,3.95056438
67,2.233333333,408.2613831,390.1849976,-1.28868103,-0.495647854,-15.7671814,0.138888889,-18.68588409,-65.73256989,-5.264205933,0.207061768,5.268276633
68,2.266666667,406.4703064,390.3532715,-1.537441678,-0.472276476,-20.28255463,0.138888889,-21.87462845,-78.70809631,-7.347488403,0.417073568,7.359316286
69,2.3,403.0735779,390.3206482,-2.009209527,-0.476807488,-26.56504822,0.138888889,-25.10820236,-88.37575378,-8.817723592,0.534871419,8.833930993
70,2.333333333,399.8112488,390.4353943,-2.462310791,-0.460870531,-31.13897324,0.138888889,-28.43897858,-84.26289825,-9.427897135,0.441614787,9.43823437
71,2.366666667,397.8465881,390.6888428,-2.735180325,-0.425669352,-31.78725433,0.138888889,-31.12048187,-70.40887756,-8.493728638,0.522562663,8.509788359
72,2.4,396.9479065,390.7149353,-2.85999722,-0.42204539,-32.42106247,0.138888889,-32.72970047,-56.52394867,-6.031239827,0.760701497,6.079022999
73,2.433333333,396.277832,390.9803467,-2.953063117,-0.385182699,-33.69007111,0.138888889,-33.60944138,-42.04682007,-3.590977987,0.920054118,3.706969447
74,2.466666667,395.8360901,391.23349,-3.014416165,-0.350023905,-34.6111412,0.138888889,-34.52886047,-30.56384125,-2.230097453,0.89436849,2.402754595
75,2.5,395.5020752,391.5394592,-3.060807122,-0.307528178,-35.53767776,0.138888889,-35.44678192,-25.55139771,-1.749140422,1.1328125,2.083928112
76,2.533333333,395.1704712,391.762085,-3.106863234,-0.276607937,-36.38434982,0.138888889,-36.21445541,-24.99468842,-1.333516439,1.03670756,1.689091075
77,2.566666667,394.848938,392.0743103,-3.151520623,-0.233243306,-37.01066971,0.138888889,-36.98826675,-23.93804626,-1.317214966,0.883255005,1.585936528
78,2.6,394.6776123,392.2243958,-3.175315857,-0.212398105,-37.52843857,0.138888889,-37.77522278,-23.22862244,-1.447372437,0.577875773,1.558469563
79,2.633333333,394.2554321,392.293396,-3.233951992,-0.202814738,-38.48019791,0.138888889,-38.51853485,-24.7489563,-1.591237386,0.490875244,1.665231192
80,2.666666667,393.7652283,392.2329102,-3.302035862,-0.211215549,-39.47245789,0.138888889,-39.31821899,-27.92985077,-1.792984009,0.37979126,1.832766504
81,2.7,393.2609863,392.3511353,-3.372069465,-0.194795397,-40.10091019,0.138888889,-40.33928146,-29.84116516,-2.303085327,0.499623617,2.356655635
82,2.733333333,392.6973572,392.5300598,-3.450351291,-0.169944763,-41.00909042,0.138888889,-41.64324188,-32.15307312,-2.722447713,0.471776326,2.763022702
83,2.766666667,391.9139099,392.8239441,-3.559163411,-0.129127502,-42.63375092,0.138888889,-42.74875031,-33.71832275,-2.92098999,0.997721354,3.086685994
84,2.8,390.9884949,392.8595276,-3.687693278,-0.12418535,-45,0.138888889,-43.87738037,-32.61340942,-2.90145874,1.234639486,3.153220176
85,2.833333333,390.2600403,393.4301758,-3.788867527,-0.044928657,-45,0.138888889,-44.93793945,-27.37320099,-2.755432129,1.321385701,3.055890441
86,2.866666667,389.7792358,393.8327026,-3.855645921,0.010977851,-45.74406052,0.138888889,-45.7748497,-23.33344574,-2.367579142,1.2206014,2.663700203
87,2.9,389.3908386,394.1157227,-3.909589979,0.050286187,-46.31188583,0.138888889,-46.20544205,-18.46217194,-1.694081624,1.328887939,2.153103738
88,2.933333333,389.0728149,394.2886658,-3.953759935,0.074306064,-46.81830215,0.138888889,-46.63765793,-13.95943909,-1.078643799,0.90616862,1.408763292
89,2.966666667,388.9555969,394.4541931,-3.970040215,0.097295973,-47.15296173,0.138888889,-46.95440903,-10.72914734,-0.651830037,0.614496867,0.89581739
90,3,388.9656677,394.5175781,-3.968641493,0.106099447,-47.16107941,0.138888889,-47.26451263,-10.13892517,-0.555801392,0.567728678,0.794500497
91,3.033333333,388.9970398,394.5700989,-3.964284261,0.113393995,-47.32781601,0.138888889,-47.56304092,-9.132261658,-0.466334025,0.537236532,0.711400389
92,3.066666667,388.723877,394.7969971,-4.002223545,0.144907633,-47.86240387,0.138888889,-47.89526291,-8.478135681,-0.474116007,0.487569173,0.680080648
93,3.1,388.5132141,394.9333496,-4.031482273,0.163845486,-48.3109436,0.138888889,-48.15970154,-7.474227905,-0.501861572,0.494130452,0.704293931
94,3.133333333,388.3866577,395.0392761,-4.04905955,0.178557502,-48.81407166,0.138888889,-48.36743164,-6.001524353,-0.594584147,0.569915771,0.823610524
95,3.166666667,388.3634338,395.1105347,-4.052285088,0.188454522,-48.48327255,0.138888889,-48.51021729,-3.471066284,-0.332336426,0.371932983,0.498780156
96,3.2,388.2835388,395.2539978,-4.063381619,0.208379957,-48.36646652,0.138888889,-48.56329498,-1.744258118,-0.124053955,0.237731934,0.268152673
97,3.233333333,388.3250732,395.2433167,-4.057612949,0.206896464,-48.57633209,0.138888889,-48.47377396,-0.61999054,-0.023269653,0.189565023,0.190987891
98,3.266666667,388.3643494,395.2186279,-4.052157932,0.203467475,-48.57633209,0.138888889,-48.45041122,0.366448975,-0.017420451,0.163040161,0.163968187
99,3.3,388.3587341,395.2667542,-4.052937826,0.210151672,-48.36646652,0.138888889,-48.4707634,0.936753845,0.08740743,0.040384928,0.096286039
100,3.333333333,388.3425293,395.3061829,-4.055188497,0.215627882,-48.36645889,0.138888889,-48.44914246,0.147789001,0.07657369,0.042266846,0.087464371
101,3.366666667,388.3884277,395.3024597,-4.048813714,0.215110779,-48.46822739,0.138888889,-48.40716934,-0.244235229,0.072275798,0.125274658,0.144628942
102,3.4,388.4169617,395.2940369,-4.044850667,0.213940938,-48.46822739,0.138888889,-48.44914246,-9.16E-06,0.154444377,0.059992472,0.16568694
103,3.433333333,388.4510803,395.3689575,-4.040111966,0.224346585,-48.36646652,0.138888889,-48.4911171,-0.00761261,0.225499471,0.022379557,0.226607273
104,3.466666667,388.5440674,395.3387451,-4.027197096,0.220150418,-48.57633209,0.138888889,-48.47076492,0.218421936,0.168609619,0.149459839,0.225316327
105,3.5,388.6131287,395.3330383,-4.017605252,0.219357808,-48.57633209,0.138888889,-48.45041122,1.199972534,-2.133687337,0.813090007,2.283360903
106,3.533333333,388.5907593,395.4818115,-4.020712111,0.240020752,-48.36646652,0.138888889,-48.37076569,2.233442688,-3.712234497,1.264190674,3.921589349
107,3.566666667,385.8565369,396.2697449,-4.400465224,0.349455939,-48.36645889,0.138888889,-48.24914703,3.028015137,-1.912002563,0.863901774,2.098113457
108,3.6,383.9963989,396.8859863,-4.658817715,0.43504503,-47.96823883,0.138888889,-48.11887665,2.905892944,-0.72962443,0.5128479,0.891832259
109,3.633333333,386.2496643,396.3754272,-4.34586419,0.364134047,-47.96823883,0.138888889,-47.96609573,-0.2434021,0.081812541,0.101699829,0.130522592
110,3.666666667,387.7375793,395.9484558,-4.139209323,0.304832458,-47.92498016,0.138888889,-47.96609573,-6.729423523,2.609405518,-0.575993856,2.672221188
