time_s,value
0.0,0.12625489651808933
1.0638297872340427e-08,0.12833208237875424
2.1276595744680853e-08,0.1304042484176938
3.191489361702128e-08,0.13247135933802914
4.2553191489361707e-08,0.13453338004153076
5.319148936170213e-08,0.13659027562954518
6.382978723404255e-08,0.1386420114039136
7.446808510638299e-08,0.14068855286788276
8.510638297872341e-08,0.142729865727008
9.574468085106382e-08,0.1447659158900479
1.0638297872340426e-07,0.14679666946985165
1.1702127659574468e-07,0.14882209278423764
1.276595744680851e-07,0.1508421523568645
1.3829787234042553e-07,0.15285681491809402
1.4893617021276598e-07,0.1548660474058456
1.5957446808510638e-07,0.156869816966443
1.7021276595744683e-07,0.15886809095545276
1.8085106382978725e-07,0.16086083693851416
1.9148936170212765e-07,0.1628480226921615
2.021276595744681e-07,0.16482961620463754
2.1276595744680852e-07,0.16680558567669906
2.2340425531914897e-07,0.16877589952241415
2.3404255319148937e-07,0.17074052636995063
2.446808510638298e-07,0.17269943506235685
2.553191489361702e-07,0.17465259465833344
2.6595744680851066e-07,0.1765999744329972
2.7659574468085106e-07,0.17854154387863597
2.872340425531915e-07,0.18047727270545577
2.9787234042553196e-07,0.18240713084231872
3.0851063829787236e-07,0.18433108843747276
3.1914893617021275e-07,0.18624911585927303
3.297872340425532e-07,0.18816118369689433
3.4042553191489365e-07,0.19006726276103525
3.510638297872341e-07,0.19196732408461342
3.617021276595745e-07,0.1938613389234526
3.7234042553191495e-07,0.1957492787569604
3.829787234042553e-07,0.19763111528879818
3.9361702127659574e-07,0.19950682044754156
4.042553191489362e-07,0.2013763663873324
4.1489361702127664e-07,0.2032397254885223
4.2553191489361704e-07,0.20509687035830693
4.361702127659575e-07,0.2069477738313519
4.4680851063829794e-07,0.20879240897040974
4.574468085106383e-07,0.21063074906692786
4.6808510638297873e-07,0.21246276764164795
4.787234042553192e-07,0.2142884384451964
4.893617021276596e-07,0.2161077354586657
5e-07,0.2179206328941873
5.106382978723404e-07,0.21972710519549507
5.212765957446809e-07,0.22152712703848026
5.319148936170213e-07,0.22332067333173733
5.425531914893617e-07,0.2251077192171006
5.531914893617021e-07,0.22688824007017244
5.638297872340426e-07,0.22866221150084182
5.74468085106383e-07,0.23042960935379436
5.851063829787235e-07,0.2321904097090131
5.957446808510639e-07,0.2339445888822703
6.063829787234043e-07,0.23569212342560986
6.170212765957447e-07,0.23743299012782143
6.276595744680851e-07,0.23916716601490456
6.382978723404255e-07,0.24089462835052416
6.48936170212766e-07,0.24261535463645695
6.595744680851064e-07,0.24432932261302853
6.702127659574469e-07,0.24603651025954124
6.808510638297873e-07,0.24773689579469338
6.914893617021278e-07,0.24943045767698852
7.021276595744682e-07,0.2511171746051362
7.127659574468086e-07,0.2527970255184432
7.23404255319149e-07,0.2544699895971957
7.340425531914895e-07,0.2561360462630318
7.446808510638299e-07,0.25779517517930584
7.553191489361701e-07,0.2594473562514422
7.659574468085106e-07,0.2610925696272807
7.76595744680851e-07,0.26273079569741264
7.872340425531915e-07,0.2643620150955073
7.978723404255319e-07,0.26598620869862916
8.085106382978724e-07,0.2676033576275465
8.191489361702128e-07,0.2692134432470296
8.297872340425533e-07,0.2708164471661408
8.404255319148936e-07,0.27241235123851426
8.510638297872341e-07,0.2740011375626271
8.617021276595745e-07,0.27558278848206097
8.72340425531915e-07,0.2771572865857542
8.829787234042554e-07,0.2787246147082451
8.936170212765959e-07,0.28028475592990476
9.042553191489363e-07,0.28183769357716215
9.148936170212766e-07,0.28338341122271876
9.25531914893617e-07,0.2849218926857539
9.361702127659575e-07,0.28645312203212137
9.468085106382979e-07,0.2879770835745359
9.574468085106384e-07,0.289493761872751
9.680851063829788e-07,0.291003141733727
9.787234042553193e-07,0.2925052082117898
9.893617021276597e-07,0.29399994660878026
1e-06,0.2954873424741945
1.0106382978723404e-06,0.29696738160531416
1.0212765957446809e-06,0.29844005004732843
1.0319148936170213e-06,0.2999053340934452
1.0425531914893618e-06,0.3013632202849942
1.0531914893617022e-06,0.3028136954115202
1.0638297872340427e-06,0.30425674651086665
1.074468085106383e-06,0.3056923608692501
1.0851063829787233e-06,0.307120526021326
1.0957446808510638e-06,0.3085412297502435
1.1063829787234042e-06,0.3099544600876928
1.1170212765957447e-06,0.31136020531394126
1.1276595744680851e-06,0.31275845395786217
1.1382978723404256e-06,0.31414919479695214
1.148936170212766e-06,0.3155324168573407
1.1595744680851065e-06,0.31690810941378944
1.170212765957447e-06,0.3182762619896832
1.1808510638297874e-06,0.3196368643570099
1.1914893617021278e-06,0.32098990653633314
1.2021276595744683e-06,0.3223353787967541
1.2127659574468085e-06,0.3236732716558645
1.223404255319149e-06,0.32500357587969053
1.2340425531914894e-06,0.3263262824826272
1.2446808510638299e-06,0.327641382727363
1.2553191489361701e-06,0.3289488681247964
1.2659574468085106e-06,0.33024873043394176
1.276595744680851e-06,0.331540961661827
1.2872340425531915e-06,0.33282555406338127
1.297872340425532e-06,0.3341025001413137
1.3085106382978724e-06,0.335371792645983
1.3191489361702128e-06,0.33663342457525747
1.3297872340425533e-06,0.3378873891743661
1.3404255319148937e-06,0.33913367993574056
1.3510638297872342e-06,0.3403722905988472
1.3617021276595746e-06,0.34160321515001074
1.372340425531915e-06,0.3428264478222286
1.3829787234042555e-06,0.34404198309497536
1.393617021276596e-06,0.3452498156939991
1.4042553191489364e-06,0.3464499405911078
1.4148936170212767e-06,0.34764235300394675
1.425531914893617e-06,0.3488270483957673
1.4361702127659576e-06,0.3500040224751857
1.446808510638298e-06,0.35117327119593367
1.4574468085106385e-06,0.3523347907565991
1.468085106382979e-06,0.35348857760035846
1.4787234042553194e-06,0.35463462841469945
1.4893617021276598e-06,0.35577294013113503
1.5e-06,0.3569035099249082
1.5106382978723403e-06,0.3580263352146881
1.5212765957446807e-06,0.35914141366225677
1.5319148936170212e-06,0.3602487431721868
1.5425531914893616e-06,0.36134832189151067
1.553191489361702e-06,0.3624401482093805
1.5638297872340425e-06,0.36352422075671903
1.574468085106383e-06,0.36460053840586215
1.5851063829787234e-06,0.3656691002701915
1.5957446808510639e-06,0.3667299057037597
1.6063829787234043e-06,0.36778295430090513
1.6170212765957448e-06,0.3688282458958589
1.6276595744680852e-06,0.36986578056234287
1.6382978723404257e-06,0.3708955586131586
1.6489361702127661e-06,0.37191758059976754
1.6595744680851066e-06,0.3729318473118628
1.6702127659574468e-06,0.3739383597769318
1.6808510638297873e-06,0.37493711925981044
1.6914893617021277e-06,0.3759281272622287
1.7021276595744682e-06,0.3769113855223467
1.7127659574468086e-06,0.37788689601428377
1.723404255319149e-06,0.3788546609476372
1.7340425531914895e-06,0.37981468276699326
1.74468085106383e-06,0.3807669641514299
1.7553191489361704e-06,0.38171150801400977
1.7659574468085109e-06,0.38264831750126604
1.7765957446808513e-06,0.38357739599267865
1.7872340425531918e-06,0.384498747100143
1.7978723404255322e-06,0.3854123746674293
1.8085106382978727e-06,0.3863182827696341
1.8191489361702131e-06,0.387216475712623
1.8297872340425531e-06,0.38810695803246564
1.8404255319148936e-06,0.3889897344948614
1.851063829787234e-06,0.3898648100945574
1.8617021276595745e-06,0.39073219005475845
1.872340425531915e-06,0.39159187982652754
1.8829787234042554e-06,0.3924438850881796
1.8936170212765958e-06,0.3932882117446661
1.9042553191489363e-06,0.3941248659269515
1.9148936170212767e-06,0.39495385399138216
1.925531914893617e-06,0.39577518251904586
1.9361702127659576e-06,0.39658885831512514
1.946808510638298e-06,0.39739488840824044
1.9574468085106385e-06,0.39819328004978705
1.968085106382979e-06,0.3989840407132623
1.9787234042553194e-06,0.39976717809358675
1.98936170212766e-06,0.40054270010641546
2e-06,0.40131061488744274
2.0106382978723404e-06,0.4020709307916982
2.021276595744681e-06,0.40282365639283535
2.0319148936170213e-06,0.40356880048241256
2.0425531914893617e-06,0.4043063720691653
2.053191489361702e-06,0.4050363803782719
2.0638297872340426e-06,0.4057588348506103
2.074468085106383e-06,0.4064737451420084
2.0851063829787235e-06,0.40718112112248556
2.095744680851064e-06,0.4078809728754869
2.1063829787234044e-06,0.4085733106971109
2.117021276595745e-06,0.4092581450953273
2.1276595744680853e-06,0.40993548678919034
2.1382978723404258e-06,0.41060534670804144
2.148936170212766e-06,0.4112677359907072
2.1595744680851067e-06,0.41192266598468796
2.1702127659574467e-06,0.41257014824534
2.180851063829787e-06,0.4132101945350501
2.1914893617021276e-06,0.41384281682240265
2.202127659574468e-06,0.4144680272813401
2.2127659574468085e-06,0.41508583829031515
2.223404255319149e-06,0.41569626243143676
2.2340425531914894e-06,0.416299312489608
2.24468085106383e-06,0.41689500145165787
2.2553191489361703e-06,0.4174833425054652
2.2659574468085107e-06,0.41806434903907563
2.276595744680851e-06,0.418638034639812
2.2872340425531916e-06,0.419204413093377
2.297872340425532e-06,0.41976349838295
2.3085106382978725e-06,0.42031530468827566
2.319148936170213e-06,0.42085984638474694
2.3297872340425534e-06,0.42139713804248013
2.340425531914894e-06,0.42192719442538423
2.3510638297872343e-06,0.4224500304902226
2.3617021276595748e-06,0.4229656613856686
2.3723404255319152e-06,0.4234741024513542
2.3829787234042557e-06,0.42397536921691203
2.393617021276596e-06,0.4244694774010114
2.4042553191489366e-06,0.42495644291038626
2.4148936170212766e-06,0.42543628183885907
2.425531914893617e-06,0.4259090104663559
2.4361702127659575e-06,0.426374645257916
2.446808510638298e-06,0.42683320286269627
2.4574468085106384e-06,0.4272847001129665
2.468085106382979e-06,0.42772915402310185
2.4787234042553193e-06,0.42816658178856554
2.4893617021276598e-06,0.42859700078488894
2.5e-06,0.429020428566642
2.5106382978723402e-06,0.4294368828664005
2.5212765957446807e-06,0.4298463815937055
2.531914893617021e-06,0.4302489428340168
2.5425531914893616e-06,0.4306445848476621
2.553191489361702e-06,0.4310333260687779
2.5638297872340425e-06,0.4314151851042463
2.574468085106383e-06,0.4317901807326251
2.5851063829787234e-06,0.4321583319030722
2.595744680851064e-06,0.4325196577342648
2.6063829787234043e-06,0.43287417751331214
2.6170212765957447e-06,0.4332219106946631
2.627659574468085e-06,0.43356287689900763
2.6382978723404256e-06,0.433897095912174
2.648936170212766e-06,0.43422458768401817
2.6595744680851065e-06,0.4345453723273106
2.670212765957447e-06,0.43485947011661463
2.6808510638297874e-06,0.4351669014871623
2.691489361702128e-06,0.4354676870337226
2.7021276595744683e-06,0.4357618475094658
2.7127659574468088e-06,0.436049403824822
2.7234042553191492e-06,0.4363303770463348
2.7340425531914897e-06,0.43660478839550965
2.74468085106383e-06,0.43687265924765667
2.7553191489361706e-06,0.4371340111307295
2.765957446808511e-06,0.4373888657241583
2.7765957446808515e-06,0.43763724485767824
2.787234042553192e-06,0.4378791705101525
2.7978723404255324e-06,0.4381146648083916
2.808510638297873e-06,0.43834375002596654
2.819148936170213e-06,0.4385664485820183
2.8297872340425533e-06,0.43878278304006235
2.8404255319148938e-06,0.43899277610678766
2.851063829787234e-06,0.4391964506308529
2.8617021276595747e-06,0.43939382960167644
2.872340425531915e-06,0.43958493614822264
2.8829787234042556e-06,0.43976979353778367
2.893617021276596e-06,0.43994842517475674
2.9042553191489365e-06,0.44012085459941735
2.914893617021277e-06,0.4402871054866875
2.9255319148936174e-06,0.4404472016449011
2.936170212765958e-06,0.4406011670145631
2.9468085106382983e-06,0.44074902566710683
2.9574468085106387e-06,0.44089080180364554
2.968085106382979e-06,0.44102651975372065
2.9787234042553196e-06,0.44115620397404565
2.98936170212766e-06,0.4412798790472469
3e-06,0.4413975696805995
3.01063829787234e-06,0.4415093007047599
3.0212765957446806e-06,0.4416150970724951
3.031914893617021e-06,0.44171498385740726
3.0425531914893615e-06,0.4418089862526553
3.053191489361702e-06,0.44189712956967303
3.0638297872340424e-06,0.441979439236883
3.074468085106383e-06,0.44205594079840776
3.0851063829787233e-06,0.4421266599127769
3.0957446808510637e-06,0.4421916223516312
3.106382978723404e-06,0.44225085399842323
3.1170212765957446e-06,0.442304380847115
3.127659574468085e-06,0.44235222900087173
3.1382978723404255e-06,0.44239442467075296
3.148936170212766e-06,0.44243099417440096
3.1595744680851064e-06,0.44246196393472464
3.170212765957447e-06,0.4424873604785824
3.1808510638297873e-06,0.44250721043546
3.1914893617021277e-06,0.4425215405361475
3.202127659574468e-06,0.44253037761141184
3.2127659574468086e-06,0.4425337485906673
3.223404255319149e-06,0.44253168050064323
3.2340425531914895e-06,0.44252420046404917
3.24468085106383e-06,0.44251133569823686
3.2553191489361704e-06,0.44249311351386017
3.265957446808511e-06,0.4424695613135328
3.2765957446808513e-06,0.4424407065904823
3.287234042553192e-06,0.44240657692720337
3.2978723404255322e-06,0.4423671999941071
3.3085106382978727e-06,0.44232260354817
3.319148936170213e-06,0.44227281543157804
3.329787234042553e-06,0.4422178635703713
3.3404255319148936e-06,0.442157775973085
3.351063829787234e-06,0.4420925807293882
3.3617021276595745e-06,0.442022306008722
3.372340425531915e-06,0.4419469800589337
3.3829787234042554e-06,0.44186663120491126
3.393617021276596e-06,0.4417812878472144
3.4042553191489363e-06,0.4416909784607041
3.4148936170212768e-06,0.44159573159317134
3.4255319148936172e-06,0.4414955758639631
3.4361702127659577e-06,0.4413905399626071
3.446808510638298e-06,0.44128065264743543
3.4574468085106386e-06,0.44116594274420584
3.468085106382979e-06,0.44104643914472264
3.4787234042553195e-06,0.4409221708054549
3.48936170212766e-06,0.44079316674615493
3.5000000000000004e-06,0.4406594560484739
3.510638297872341e-06,0.4405210678545774
3.5212765957446813e-06,0.4403780313657593
3.5319148936170217e-06,0.4402303758410546
3.542553191489362e-06,0.44007813059585144
3.5531914893617026e-06,0.43992132500050196
3.563829787234043e-06,0.439759988478932
3.5744680851063835e-06,0.4395941505072505
3.585106382978724e-06,0.43942384061235773
3.5957446808510644e-06,0.4392490883705526
3.606382978723405e-06,0.43906992340613965
3.6170212765957453e-06,0.43888637539003544
3.6276595744680858e-06,0.4386984740383737
3.6382978723404262e-06,0.4385062491111107
3.6489361702127662e-06,0.43830973041063
3.6595744680851063e-06,0.4381089477803463
3.6702127659574467e-06,0.4379039311033098
3.680851063829787e-06,0.4376947103008091
3.6914893617021276e-06,0.4374813153309752
3.702127659574468e-06,0.43726377618738416
3.7127659574468085e-06,0.4370421228976604
3.723404255319149e-06,0.4368163855220797
3.7340425531914894e-06,0.4365865941521718
3.74468085106383e-06,0.4363527789093238
3.7553191489361703e-06,0.436114969943383
3.7659574468085108e-06,0.4358731974312603
3.7765957446808512e-06,0.4356274915755337
3.7872340425531917e-06,0.43537788260305205
3.797872340425532e-06,0.4351244007635391
3.8085106382978726e-06,0.43486707632819793
3.819148936170213e-06,0.4346059395883163
3.8297872340425535e-06,0.43434102085387144
3.840425531914894e-06,0.43407235045213666
3.851063829787234e-06,0.43379995872628774
3.861702127659575e-06,0.4335238760340102
3.872340425531915e-06,0.43324413274610735
3.882978723404256e-06,0.43296075924510924
3.893617021276596e-06,0.4326737859238823
3.904255319148937e-06,0.4323832431842399
3.914893617021277e-06,0.4320891614355538
3.9255319148936175e-06,0.431791571093367
3.936170212765958e-06,0.4314905025780072
3.946808510638298e-06,0.4311859863132013
3.957446808510639e-06,0.43087805272469204
3.968085106382979e-06,0.4305667322388545
3.97872340425532e-06,0.430252055281315
3.989361702127659e-06,0.4299340522755709
4e-06,0.42961275364161194
4.01063829787234e-06,0.42928818979454264
4.021276595744681e-06,0.42896039114320705
4.031914893617021e-06,0.42862938808881423
4.042553191489362e-06,0.4282952110235659
4.053191489361702e-06,0.42795789032928555
4.0638297872340425e-06,0.4276174563760495
4.074468085106383e-06,0.4272739395208196
4.085106382978723e-06,0.4269273701060775
4.095744680851064e-06,0.4265777784584617
4.106382978723404e-06,0.42622519488740557
4.117021276595745e-06,0.4258696496837781
4.127659574468085e-06,0.4255111731185266
4.138297872340426e-06,0.4251497954413208
4.148936170212766e-06,0.4247855468792008
4.1595744680851066e-06,0.4244184576352251
4.170212765957447e-06,0.42404855788712315
4.1808510638297875e-06,0.42367587778594823
4.191489361702128e-06,0.42330044745473433
4.202127659574468e-06,0.42292229698715444
4.212765957446809e-06,0.42254145644618224
4.223404255319149e-06,0.42215795586275534
4.23404255319149e-06,0.42177182523444207
4.24468085106383e-06,0.42138309452411055
4.255319148936171e-06,0.42099179365860034
4.265957446808511e-06,0.42059795252739746
4.2765957446808515e-06,0.4202016009813113
4.287234042553192e-06,0.41980276883115575
4.297872340425532e-06,0.4194014858464316
4.308510638297873e-06,0.4189977817540138
4.319148936170213e-06,0.4185916862368404
4.329787234042553e-06,0.41818322893260484
4.340425531914893e-06,0.4177724394324521
4.351063829787234e-06,0.41735934727967733
4.361702127659574e-06,0.41694398196842797
4.372340425531915e-06,0.4165263729424096
4.382978723404255e-06,0.41610654959359394
4.393617021276596e-06,0.4156845412609323
4.404255319148936e-06,0.4152603772290704
4.4148936170212765e-06,0.41483408672706806
4.425531914893617e-06,0.4144056989271222
4.436170212765957e-06,0.41397524294329285
4.446808510638298e-06,0.4135427478302339
4.457446808510638e-06,0.41310824258192697
4.468085106382979e-06,0.41267175613041845
4.478723404255319e-06,0.41223331734456214
4.48936170212766e-06,0.41179295502876373
4.5e-06,0.41135069792173096
4.5106382978723406e-06,0.4109065746952264
4.521276595744681e-06,0.4104606139528252
4.5319148936170215e-06,0.41001284422867645
4.542553191489362e-06,0.40956329398626945
4.553191489361702e-06,0.4091119916172022
4.563829787234043e-06,0.4086589654399571
4.574468085106383e-06,0.40820424369867814
4.585106382978724e-06,0.4077478545619544
4.595744680851064e-06,0.40728982612160636
4.606382978723405e-06,0.4068301863914784
4.617021276595745e-06,0.40636896330623423
4.6276595744680855e-06,0.4059061847201575
4.638297872340426e-06,0.405441878405957
4.648936170212766e-06,0.40497607205357683
4.659574468085107e-06,0.4045087932690102
4.670212765957447e-06,0.40404006957311916
4.680851063829788e-06,0.4035699284004583
4.691489361702128e-06,0.4030983970981039
4.702127659574469e-06,0.4026255029244868
4.712765957446809e-06,0.402151273048232
4.7234042553191496e-06,0.4016757345470015
4.73404255319149e-06,0.40119891440634314
4.7446808510638305e-06,0.4007208395185439
4.755319148936171e-06,0.40024153668148926
4.765957446808511e-06,0.3997610325975261
4.776595744680852e-06,0.39927935387233265
4.787234042553192e-06,0.3987965270137923
4.797872340425533e-06,0.3983125784308734
4.808510638297873e-06,0.3978275344325136
4.819148936170213e-06,0.3973414212265113
4.829787234042553e-06,0.39685426491841974
4.840425531914894e-06,0.3963660915104496
4.851063829787234e-06,0.3958769269003751
4.8617021276595746e-06,0.39538679688044565
4.872340425531915e-06,0.3948957271363047
4.8829787234042555e-06,0.39440374324591254
4.893617021276596e-06,0.39391087067847524
4.904255319148936e-06,0.39341713479338025
4.914893617021277e-06,0.39292256083913635
4.925531914893617e-06,0.3924271739523201
4.936170212765958e-06,0.3919309991565284
4.946808510638298e-06,0.3914340613613367
4.957446808510639e-06,0.39093638536126274
4.968085106382979e-06,0.3904379958347367
4.9787234042553195e-06,0.3899389173430776
4.98936170212766e-06,0.38943917432947506
5e-06,0.3889387911179777
5.01063829787234e-06,0.3884377919124876
5.0212765957446805e-06,0.3879362007957607
5.031914893617021e-06,0.38743404172841367
5.042553191489361e-06,0.3869313385479368
5.053191489361702e-06,0.3864281149677136
5.063829787234042e-06,0.3859243945760463
5.074468085106383e-06,0.385420200835188
5.085106382978723e-06,0.3849155570803805
5.095744680851064e-06,0.38441048651890036
5.106382978723404e-06,0.38390501222910917
5.1170212765957445e-06,0.38339915715951245
5.127659574468085e-06,0.3828929441278232
5.138297872340425e-06,0.38238639582003386
5.148936170212766e-06,0.38187953478949316
5.159574468085106e-06,0.38137238345599156
5.170212765957447e-06,0.3808649641048514
5.180851063829787e-06,0.3803572988860253
5.191489361702128e-06,0.37984940981320076
5.202127659574468e-06,0.37934131876291155
5.2127659574468086e-06,0.378833047473656
5.223404255319149e-06,0.3783246175450224
5.2340425531914895e-06,0.3778160504368209
5.24468085106383e-06,0.3773073674682228
5.25531914893617e-06,0.3767985898169067
5.265957446808511e-06,0.37628973851821146
5.276595744680851e-06,0.37578083446429644
5.287234042553192e-06,0.37527189840330866
5.297872340425532e-06,0.3747629509385575
5.308510638297873e-06,0.3742540125276963
5.319148936170213e-06,0.3737451034819107
5.3297872340425535e-06,0.3732362439651147
5.340425531914894e-06,0.3727274539931542
5.351063829787234e-06,0.3722187534330178
5.361702127659575e-06,0.37171016200205365
5.372340425531915e-06,0.37120169926719554
5.382978723404256e-06,0.3706933846441951
5.393617021276596e-06,0.3701852373968618
5.404255319148937e-06,0.36967727663631084
5.414893617021277e-06,0.3691695213202171
5.4255319148936176e-06,0.36866199025207835
5.436170212765958e-06,0.36815470208048495
5.4468085106382985e-06,0.3676476752983975
5.457446808510639e-06,0.36714092824243105
5.468085106382979e-06,0.3666344790921493
5.47872340425532e-06,0.3661283458693634
5.48936170212766e-06,0.36562254643744074
5.500000000000001e-06,0.365117098500621
5.510638297872341e-06,0.36461201960333833
5.521276595744682e-06,0.36410732712955374
5.531914893617022e-06,0.3636030383020933
5.5425531914893625e-06,0.36309917018199545
5.553191489361703e-06,0.36259573966786485
5.563829787234043e-06,0.3620927634952353
5.574468085106384e-06,0.3615902582359398
5.585106382978724e-06,0.3610882402974892
5.595744680851065e-06,0.3605867259224577
5.606382978723405e-06,0.3600857311878771
5.617021276595746e-06,0.3595852720046391
5.627659574468086e-06,0.35908536411690495
5.638297872340426e-06,0.35858602310152404
5.648936170212766e-06,0.3580872643674594
5.659574468085107e-06,0.3575891031552223
5.670212765957447e-06,0.357091554536314
5.6808510638297875e-06,0.35659463341267683
5.691489361702128e-06,0.356098354516152
5.702127659574468e-06,0.3556027324079468
5.712765957446809e-06,0.35510778147810884
5.723404255319149e-06,0.3546135159450093
5.73404255319149e-06,0.3541199498548342
5.74468085106383e-06,0.35362709708108403
5.755319148936171e-06,0.3531349713240809
5.765957446808511e-06,0.35264358611048474
5.7765957446808516e-06,0.3521529547928177
5.787234042553192e-06,0.3516630905489967
5.7978723404255325e-06,0.3511740063818737
5.808510638297873e-06,0.3506857151187859
5.819148936170213e-06,0.3501982294111123
5.829787234042554e-06,0.34971156173384044
5.840425531914894e-06,0.34922572438514027
5.851063829787235e-06,0.348740729485947
5.861702127659575e-06,0.3482565889795521
5.872340425531916e-06,0.34777331463120337
5.882978723404256e-06,0.34729091802771245
5.8936170212765965e-06,0.34680941057707154
5.904255319148937e-06,0.3463288035080786
5.914893617021277e-06,0.3458491078699705
5.925531914893618e-06,0.3453703345320651
5.936170212765958e-06,0.3448924941834121
5.946808510638299e-06,0.3444155973324517
5.957446808510639e-06,0.3439396543066825
5.96808510638298e-06,0.3434646752523374
5.97872340425532e-06,0.3429906701340687
5.98936170212766e-06,0.3425176487346411
6e-06,0.3420456206546336
6.010638297872341e-06,0.3415745953121507
6.02127659574468e-06,0.3411045819425407
6.031914893617021e-06,0.3406355895981237
6.042553191489361e-06,0.3401676271479285
6.0531914893617016e-06,0.3397007032774373
6.063829787234042e-06,0.33923482648833925
6.0744680851063825e-06,0.3387700050982932
6.085106382978723e-06,0.3383062472406986
6.095744680851063e-06,0.3378435608644751
6.106382978723404e-06,0.3373819537338514
6.117021276595744e-06,0.33692143342816194
6.127659574468085e-06,0.336462007341653
6.138297872340425e-06,0.33600368268329694
6.148936170212766e-06,0.335546466476616
6.159574468085106e-06,0.33509036555951377
6.1702127659574465e-06,0.33463538658411596
6.180851063829787e-06,0.3341815360166205
6.191489361702127e-06,0.33372882013715444
6.202127659574468e-06,0.3332772450396424
6.212765957446808e-06,0.3328268166316808
6.223404255319149e-06,0.3323775406344235
6.234042553191489e-06,0.33192942258247404
6.24468085106383e-06,0.3314824678237882
6.25531914893617e-06,0.3310366815195844
6.2659574468085106e-06,0.33059206864426305
6.276595744680851e-06,0.33014863398533534
6.2872340425531915e-06,0.32970638214335934
6.297872340425532e-06,0.32926531753188637
6.308510638297872e-06,0.32882544437741557
6.319148936170213e-06,0.3283867667193568
6.329787234042553e-06,0.3279492884100029
6.340425531914894e-06,0.32751301311451053
6.351063829787234e-06,0.32707794431088977
6.361702127659575e-06,0.3266440852900022
6.372340425531915e-06,0.3262114391555686
6.3829787234042555e-06,0.325780008824184
6.393617021276596e-06,0.3253497970253433
6.404255319148936e-06,0.3249208063014738
6.414893617021277e-06,0.32449303900797805
6.425531914893617e-06,0.3240664973132842
6.436170212765958e-06,0.3236411831989061
6.446808510638298e-06,0.3232170984595115
6.457446808510639e-06,0.3227942447029992
6.468085106382979e-06,0.322372623350585
6.4787234042553195e-06,0.32195223563689623
6.48936170212766e-06,0.32153308261007535
6.5000000000000004e-06,0.3211151651318917
6.510638297872341e-06,0.32069848387786254
6.521276595744681e-06,0.3202830393373823
6.531914893617022e-06,0.31986883181386117
6.542553191489362e-06,0.31945586142487165
6.553191489361703e-06,0.31904412810230426
6.563829787234043e-06,0.31863363159253166
6.574468085106384e-06,0.3182243714565819
6.585106382978724e-06,0.31781634707031997
6.5957446808510645e-06,0.31740955762463763
6.606382978723405e-06,0.31700400212565283
6.617021276595745e-06,0.3165996793949172
6.627659574468086e-06,0.3161965880696317
6.638297872340426e-06,0.3157947266028721
6.648936170212767e-06,0.31539409326382206
6.659574468085106e-06,0.3149946861380151
6.670212765957447e-06,0.31459650312758514
6.680851063829787e-06,0.3141995419515256
6.691489361702128e-06,0.31380380014595755
6.702127659574468e-06,0.3134092750644055
6.712765957446809e-06,0.31301596387808217
6.723404255319149e-06,0.3126238635761823
6.7340425531914895e-06,0.31223297096618385
6.74468085106383e-06,0.3118432826741586
6.75531914893617e-06,0.3114547951450913
6.765957446808511e-06,0.31106750464320626
6.776595744680851e-06,0.31068140725230364
6.787234042553192e-06,0.31029649887610306
6.797872340425532e-06,0.30991277523859706
6.808510638297873e-06,0.3095302318844111
6.819148936170213e-06,0.3091488641791733
6.8297872340425535e-06,0.3087686673098927
6.840425531914894e-06,0.30838963628534455
6.8510638297872344e-06,0.30801176593646507
6.861702127659575e-06,0.3076350509167547
6.872340425531915e-06,0.30725948570268813
6.882978723404256e-06,0.3068850645941349
6.893617021276596e-06,0.3065117817147858
6.904255319148937e-06,0.3061396310125899
6.914893617021277e-06,0.3057686062601976
6.925531914893618e-06,0.30539870105541356
6.936170212765958e-06,0.30502990882165726
6.9468085106382985e-06,0.30466222280843125
6.957446808510639e-06,0.3042956360917982
6.968085106382979e-06,0.30393014157486586
6.97872340425532e-06,0.3035657319882801
6.98936170212766e-06,0.303202399890726
7.000000000000001e-06,0.3028401376694371
7.010638297872341e-06,0.30247893754071264
7.021276595744682e-06,0.3021187915504427
7.031914893617022e-06,0.30175969157464155
7.0425531914893625e-06,0.30140162931998904
7.053191489361703e-06,0.3010445963243794
7.0638297872340434e-06,0.30068858395747866
7.074468085106384e-06,0.3003335834212896
7.085106382978724e-06,0.2999795857507245
7.095744680851065e-06,0.2996265818141858
7.106382978723405e-06,0.299274562314155
7.117021276595746e-06,0.2989235177877889
7.127659574468086e-06,0.2985734386075234
7.138297872340427e-06,0.29822431498168567
7.148936170212767e-06,0.29787613695511367
7.1595744680851075e-06,0.29752889440978364
7.170212765957448e-06,0.2971825770654448
7.180851063829788e-06,0.29683717448026203
7.191489361702129e-06,0.29649267605146623
7.202127659574469e-06,0.29614907101601184
7.21276595744681e-06,0.2958063484512425
7.22340425531915e-06,0.2954644972755638
7.234042553191491e-06,0.29512350624912365
7.244680851063831e-06,0.29478336397450033
7.2553191489361715e-06,0.2944440588973973
7.265957446808512e-06,0.2941055793073466
7.2765957446808524e-06,0.29376791333841834
7.287234042553192e-06,0.29343104896993866
7.2978723404255325e-06,0.29309497402721396
7.308510638297873e-06,0.29275967618226323
7.3191489361702125e-06,0.29242514295455757
7.329787234042553e-06,0.29209136171176625
7.3404255319148934e-06,0.2917583196705108
7.351063829787234e-06,0.29142600389712575
7.361702127659574e-06,0.2910944013084267
7.372340425531915e-06,0.29076349867248513
7.382978723404255e-06,0.2904332826094113
7.393617021276596e-06,0.29010373959214253
7.404255319148936e-06,0.2897748559472403
7.414893617021277e-06,0.2894466178556925
7.425531914893617e-06,0.2891190113537242
7.4361702127659575e-06,0.28879202233361445
7.446808510638298e-06,0.28846563654452
7.457446808510638e-06,0.288139839593306
7.468085106382979e-06,0.28781461694538346
7.478723404255319e-06,0.2874899539255533
7.48936170212766e-06,0.28716583571885773
7.5e-06,0.2868422473714373
7.510638297872341e-06,0.28651917379139524
7.521276595744681e-06,0.28619659974966855
7.5319148936170215e-06,0.2858745098809052
7.542553191489362e-06,0.2855528886843481
7.5531914893617024e-06,0.2852317205247254
7.563829787234043e-06,0.28491098963314787
7.574468085106383e-06,0.2845906801080114
7.585106382978724e-06,0.2842707759159074
7.595744680851064e-06,0.28395126089253836
7.606382978723405e-06,0.28363211874364047
7.617021276595745e-06,0.283313333045912
7.627659574468086e-06,0.2829948872479482
7.638297872340426e-06,0.2826767646711823
7.648936170212766e-06,0.28235894851083243
7.659574468085107e-06,0.2820414218368553
7.670212765957447e-06,0.281724167594905
7.680851063829788e-06,0.2814071686072986
7.691489361702127e-06,0.28109040757398734
7.702127659574469e-06,0.280773867073534
7.712765957446808e-06,0.28045752956409603
7.72340425531915e-06,0.280141377384414
7.73404255319149e-06,0.27982539275480744
7.74468085106383e-06,0.2795095577781743
7.75531914893617e-06,0.2791938544409981
7.765957446808511e-06,0.2788782646143595
7.776595744680851e-06,0.278562770054954
7.787234042553192e-06,0.2782473524061151
7.797872340425532e-06,0.27793199319884354
7.808510638297873e-06,0.2776166738528407
7.819148936170213e-06,0.2773013756775495
7.829787234042554e-06,0.27698607987319857
7.840425531914894e-06,0.2766707675318537
7.851063829787235e-06,0.2763554196384728
7.861702127659575e-06,0.27604001707196824
7.872340425531916e-06,0.2757245406062722
7.882978723404256e-06,0.27540897091140926
7.893617021276597e-06,0.2750932885545725
7.904255319148936e-06,0.27477747400120595
7.914893617021278e-06,0.2744615076160911
7.925531914893617e-06,0.2741453696644395
7.936170212765959e-06,0.2738290403129889
7.946808510638298e-06,0.2735124996311062
7.95744680851064e-06,0.2731957275918933
7.968085106382979e-06,0.27287870407329945
7.978723404255319e-06,0.272561408859237
7.98936170212766e-06,0.27224382164070304
8e-06,0.2719259220169051
8.010638297872341e-06,0.2716076894963913
8.02127659574468e-06,0.27128910349818625
8.031914893617022e-06,0.2709701433529296
8.042553191489361e-06,0.2706507883040211
8.053191489361703e-06,0.2703310175087685
8.063829787234042e-06,0.27001081003954097
8.074468085106384e-06,0.26969014488492604
8.085106382978723e-06,0.26936900095089183
8.095744680851065e-06,0.2690473570619521
8.106382978723404e-06,0.26872519196233713
8.117021276595745e-06,0.2684024843171675
8.127659574468085e-06,0.26807921271363266
8.138297872340426e-06,0.2677553556621732
8.148936170212766e-06,0.26743089159766736
8.159574468085107e-06,0.2671057988806214
8.170212765957447e-06,0.26678005579836406
8.180851063829788e-06,0.2664536405662441
8.191489361702128e-06,0.2661265313288331
8.202127659574469e-06,0.26579870616113055
8.212765957446809e-06,0.26547014306977346
8.22340425531915e-06,0.2651408199942492
8.23404255319149e-06,0.2648107148081128
8.24468085106383e-06,0.26447980532020626
8.25531914893617e-06,0.264148069275883
8.265957446808512e-06,0.26381548435823465
8.276595744680851e-06,0.2634820281893216
8.287234042553193e-06,0.2631476783314069
8.297872340425532e-06,0.26281241228819385
8.308510638297874e-06,0.26247620750606565
8.319148936170213e-06,0.26213904137532973
8.329787234042554e-06,0.2618008912314639
8.340425531914894e-06,0.2614617343563669
8.351063829787235e-06,0.26112154797961024
8.361702127659575e-06,0.26078030927969503
8.372340425531916e-06,0.26043799538531004
8.382978723404256e-06,0.2600945833765936
8.393617021276597e-06,0.25975005028639797
8.404255319148937e-06,0.25940437310155656
8.414893617021278e-06,0.2590575287641536
8.425531914893618e-06,0.2587094941727971
8.436170212765959e-06,0.2583602461838936
8.446808510638299e-06,0.25800976161292616
8.45744680851064e-06,0.2576580172357342
8.46808510638298e-06,0.25730498978979677
8.47872340425532e-06,0.25695065597551653
8.48936170212766e-06,0.2565949924575082
8.500000000000002e-06,0.25623797586588737
8.510638297872341e-06,0.25587958279756273
8.521276595744683e-06,0.2555197898175298
8.531914893617022e-06,0.2551585734601677
8.542553191489363e-06,0.25479591023053605
8.553191489361703e-06,0.2544317766056766
8.563829787234044e-06,0.2540661490359141
8.574468085106384e-06,0.2536990039461614
8.585106382978725e-06,0.2533303177372242
8.595744680851065e-06,0.25296006678710964
8.606382978723406e-06,0.25258822745233495
8.617021276595746e-06,0.252214776069239
8.627659574468085e-06,0.25183968895529446
8.638297872340427e-06,0.2514629424104223
8.648936170212766e-06,0.25108451271830745
8.659574468085106e-06,0.25070437614771574
8.670212765957447e-06,0.2503225089538127
8.680851063829787e-06,0.24993888737948344
8.691489361702128e-06,0.24955348765665333
8.702127659574468e-06,0.24916628600761112
8.712765957446809e-06,0.2487772586463318
8.723404255319149e-06,0.2483863817798017
8.73404255319149e-06,0.24799363160934398
8.74468085106383e-06,0.24759898433194552
8.75531914893617e-06,0.2472024161415843
8.76595744680851e-06,0.2468039032305584
8.776595744680852e-06,0.24640342179081468
8.787234042553191e-06,0.24600094801527972
8.797872340425533e-06,0.2455964580991901
8.808510638297872e-06,0.24518992824142433
8.819148936170213e-06,0.24478133464583465
8.829787234042553e-06,0.24437065352258003
8.840425531914894e-06,0.24395786108945888
8.851063829787234e-06,0.24354293357324344
8.861702127659575e-06,0.2431258472110129
8.872340425531915e-06,0.24270657825148845
8.882978723404256e-06,0.24228510295636732
8.893617021276596e-06,0.24186139760165803
8.904255319148937e-06,0.2414354384790149
8.914893617021277e-06,0.2410072018970736
8.925531914893618e-06,0.24057666418278556
8.936170212765958e-06,0.2401438016827539
8.946808510638299e-06,0.23970859076456758
8.957446808510638e-06,0.2392710078181369
8.96808510638298e-06,0.2388310292570278
8.97872340425532e-06,0.2383886315197965
8.98936170212766e-06,0.2379437910713235
9e-06,0.23749648440414764
9.01063829787234e-06,0.23704668803979895
9.021276595744681e-06,0.236594378530132
9.03191489361702e-06,0.23613953245865824
9.042553191489362e-06,0.23568212644187753
9.053191489361702e-06,0.2352221371306096
9.063829787234043e-06,0.23475954121132414
9.074468085106383e-06,0.23429431540747095
9.085106382978724e-06,0.23382643648080834
9.095744680851063e-06,0.23335588123273165
9.106382978723405e-06,0.23288262650559985
9.117021276595744e-06,0.23240664918406223
9.127659574468086e-06,0.23192792619638286
9.138297872340425e-06,0.23144643451576527
9.148936170212767e-06,0.23096215116167457
9.159574468085106e-06,0.23047505320115982
9.170212765957447e-06,0.22998511775017372
9.180851063829787e-06,0.22949232197489244
9.191489361702128e-06,0.22899664309303247
9.202127659574468e-06,0.2284980583751677
9.21276595744681e-06,0.2279965451460435
9.223404255319149e-06,0.22749208078589067
9.23404255319149e-06,0.22698464273173613
9.24468085106383e-06,0.22647420847871427
9.255319148936171e-06,0.2259607555813736
9.26595744680851e-06,0.2254442616549848
9.276595744680852e-06,0.22492470437684425
9.287234042553192e-06,0.2244020614875778
9.297872340425533e-06,0.22387631079244064
9.308510638297872e-06,0.22334743016261732
9.319148936170214e-06,0.22281539753651758
9.329787234042553e-06,0.22228019092107199
9.340425531914895e-06,0.22174178839302378
9.351063829787234e-06,0.22120016810021995
9.361702127659576e-06,0.22065530826289878
9.372340425531915e-06,0.2201071871749762
9.382978723404256e-06,0.21955578320532873
9.393617021276596e-06,0.21900107479907505
9.404255319148937e-06,0.21844304047885382
9.414893617021277e-06,0.21788165884610053
9.425531914893618e-06,0.21731690858232006
9.436170212765958e-06,0.21674876845035818
9.446808510638299e-06,0.21617721729566897
9.457446808510639e-06,0.21560223404758067
9.46808510638298e-06,0.2150237977205576
9.47872340425532e-06,0.21444188741546055
9.489361702127661e-06,0.21385648232080243
9.5e-06,0.21326756171400313
9.510638297872342e-06,0.21267510496263936
9.521276595744681e-06,0.21207909152569293
9.531914893617023e-06,0.21147950095479465
9.542553191489362e-06,0.2108763128954662
9.553191489361704e-06,0.21026950708835762
9.563829787234043e-06,0.20965906337048282
9.574468085106385e-06,0.20904496167645012
9.585106382978724e-06,0.2084271820396913
9.595744680851065e-06,0.20780570459368505
9.606382978723405e-06,0.20718050957317918
9.617021276595746e-06,0.2065515773154073
9.627659574468086e-06,0.20591888826130322
9.638297872340426e-06,0.2052824229567108
9.648936170212767e-06,0.20464216205359087
9.659574468085106e-06,0.20399808631122396
9.670212765957448e-06,0.2033501765974088
9.680851063829787e-06,0.2026984138896582
9.691489361702129e-06,0.2020427792763893
9.702127659574468e-06,0.2013832539581118
9.71276595744681e-06,0.2007198192486098
9.723404255319149e-06,0.20005245657612242
9.73404255319149e-06,0.19938114748451752
9.74468085106383e-06,0.1987058736344634
9.755319148936171e-06,0.19802661680459455
9.765957446808511e-06,0.1973433588926748
9.776595744680852e-06,0.1966560819167544
9.787234042553192e-06,0.1959647680163246
9.797872340425533e-06,0.19526939945346572
9.808510638297873e-06,0.19456995861399295
9.819148936170214e-06,0.1938664280085955
9.829787234042554e-06,0.19315879027397304
9.840425531914895e-06,0.19244702817396586
9.851063829787235e-06,0.19173112460068212
9.861702127659576e-06,0.19101106257561828
9.872340425531915e-06,0.190286825250777
9.882978723404257e-06,0.18955839590977813
9.893617021276596e-06,0.18882575796896683
9.904255319148938e-06,0.1880888949785146
9.914893617021277e-06,0.1873477906235177
9.925531914893619e-06,0.18660242872508825
9.936170212765958e-06,0.18585279324144255
9.9468085106383e-06,0.18509886826898156
9.957446808510639e-06,0.18434063804336998
9.96808510638298e-06,0.1835780869406054
9.97872340425532e-06,0.18281119947808702
9.98936170212766e-06,0.18203996031567532
1e-05,0.1812643542567483
1.001063829787234e-05,0.18048436624925246
1.002127659574468e-05,0.1796999813867468
1.0031914893617021e-05,0.17891118490944297
1.0042553191489361e-05,0.17811796220523923
1.0053191489361702e-05,0.1773202988107486
1.0063829787234042e-05,0.17651818041232203
1.0074468085106383e-05,0.175711592847065
1.0085106382978723e-05,0.17490052210384976
1.0095744680851064e-05,0.17408495432432003
1.0106382978723404e-05,0.17326487580389194
1.0117021276595745e-05,0.1724402729927471
1.0127659574468085e-05,0.1716111324968218
1.0138297872340426e-05,0.17077744107878828
1.0148936170212765e-05,0.16993918565903193
1.0159574468085107e-05,0.16909635331662035
1.0170212765957446e-05,0.16824893129026966
1.0180851063829788e-05,0.1673969069793
1.0191489361702127e-05,0.16654026794458987
1.0202127659574469e-05,0.16567900190952034
1.0212765957446808e-05,0.1648130967609158
1.022340425531915e-05,0.16394254054997626
1.0234042553191489e-05,0.1630673214932054
1.024468085106383e-05,0.16218742797333027
1.025531914893617e-05,0.16130284854021662
1.0265957446808511e-05,0.16041357191177566
1.027659574468085e-05,0.15951958697486662
1.0287234042553192e-05,0.15862088278619063
1.0297872340425532e-05,0.15771744857317987
1.0308510638297873e-05,0.15680927373487868
1.0319148936170213e-05,0.15589634784281944
1.0329787234042554e-05,0.15497866064189014
1.0340425531914894e-05,0.15405620205119713
1.0351063829787235e-05,0.15312896216491922
1.0361702127659574e-05,0.1521969312531569
1.0372340425531916e-05,0.15126009976277272
1.0382978723404255e-05,0.15031845831822688
1.0393617021276597e-05,0.14937199772240406
1.0404255319148936e-05,0.14842070895743512
1.0414893617021278e-05,0.14746458318550937
1.0425531914893617e-05,0.1465036117496834
1.0436170212765958e-05,0.14553778617467886
1.0446808510638298e-05,0.14456709816767668
1.045744680851064e-05,0.14359153961910134
1.0468085106382979e-05,0.14261110260340043
1.047872340425532e-05,0.14162577937981477
1.048936170212766e-05,0.1406355623931435
1.0500000000000001e-05,0.1396404442744998
1.051063829787234e-05,0.13864041784206121
1.0521276595744682e-05,0.13763547610181104
1.0531914893617022e-05,0.13662561224827402
1.0542553191489363e-05,0.13561081966524252
1.0553191489361703e-05,0.13459109192649793
1.0563829787234044e-05,0.1335664227965217
1.0574468085106383e-05,0.13253680623120187
1.0585106382978725e-05,0.1315022363785291
1.0595744680851064e-05,0.13046270757928793
1.0606382978723406e-05,0.12941821436773812
1.0617021276595745e-05,0.12836875147229038
1.0627659574468087e-05,0.12731431381617234
1.0638297872340426e-05,0.12625489651808938
1.0648936170212766e-05,0.1251904948928748
1.0659574468085107e-05,0.12412110445213488
1.0670212765957447e-05,0.12304672090488522
1.0680851063829788e-05,0.12196734015817817
1.0691489361702128e-05,0.12088295831772458
1.0702127659574469e-05,0.1197935716885054
1.0712765957446808e-05,0.11869917677537772
1.072340425531915e-05,0.11759977028367045
1.073404255319149e-05,0.1164953491197747
1.074468085106383e-05,0.11538591039172329
1.075531914893617e-05,0.11427145140976538
1.0765957446808512e-05,0.11315196968692989
1.0776595744680851e-05,0.11202746293958402
1.0787234042553192e-05,0.11089792908798059
1.0797872340425532e-05,0.10976336625680036
1.0808510638297873e-05,0.1086237727756831
1.0819148936170213e-05,0.10747914717975368
1.0829787234042554e-05,0.10632948821013685
1.0840425531914894e-05,0.10517479481446676
1.0851063829787235e-05,0.10401506614738558
1.0861702127659575e-05,0.10285030157103624
1.0872340425531916e-05,0.10168050065554467
1.0882978723404256e-05,0.1005056631794963
1.0893617021276597e-05,0.09932578913040066
1.0904255319148937e-05,0.09814087870515226
1.0914893617021278e-05,0.09695093231047838
1.0925531914893617e-05,0.09575595056338236
1.0936170212765959e-05,0.09455593429157544
1.0946808510638298e-05,0.09335088453390285
1.095744680851064e-05,0.09214080254075863
1.096808510638298e-05,0.09092568977449497
1.097872340425532e-05,0.08970554790982023
1.098936170212766e-05,0.08848037883419085
1.1000000000000001e-05,0.08725018464819251
1.1010638297872341e-05,0.08601496766591504
1.1021276595744682e-05,0.08477473041531633
1.103191489361702e-05,0.08352947563858025
1.1042553191489363e-05,0.08227920629246248
1.1053191489361701e-05,0.08102392554863291
1.1063829787234044e-05,0.07976363679400245
1.1074468085106382e-05,0.07849834363104911
1.1085106382978725e-05,0.07722804987812702
1.1095744680851063e-05,0.07595275956977546
1.1106382978723406e-05,0.07467247695700964
1.1117021276595744e-05,0.07338720650761393
1.1127659574468087e-05,0.07209695290641345
1.1138297872340425e-05,0.07080172105555006
1.1148936170212768e-05,0.0695015160747379
1.1159574468085106e-05,0.06819634330151977
1.1170212765957449e-05,0.06688620829150631
1.1180851063829787e-05,0.06557111681861442
1.119148936170213e-05,0.06425107487528865
1.1202127659574467e-05,0.06292608867272219
1.121276595744681e-05,0.0615961646410603
1.1223404255319148e-05,0.06026130942960366
1.1234042553191491e-05,0.05892152990699401
1.124468085106383e-05,0.05757683316139979
1.1255319148936172e-05,0.05622722650068385
1.126595744680851e-05,0.054872717452571274
1.1276595744680851e-05,0.05351331376479947
1.1287234042553191e-05,0.05214902340526707
1.1297872340425532e-05,0.05077985456216813
1.1308510638297872e-05,0.04940581564412114
1.1319148936170213e-05,0.048026915280286214
1.1329787234042553e-05,0.04664316232047616
1.1340425531914894e-05,0.04525456583525492
1.1351063829787234e-05,0.043861135116031624
1.1361702127659575e-05,0.04246287967514102
1.1372340425531915e-05,0.04105980924591854
1.1382978723404256e-05,0.03965193378276327
1.1393617021276596e-05,0.03823926346119513
1.1404255319148937e-05,0.03682180867789951
1.1414893617021276e-05,0.03539958005076628
1.1425531914893618e-05,0.03397258841891662
1.1436170212765957e-05,0.03254084484272378
1.1446808510638299e-05,0.031104360603821712
1.1457446808510638e-05,0.02966314720510775
1.146808510638298e-05,0.028217216370733267
1.1478723404255319e-05,0.026766580046087896
1.148936170212766e-05,0.025311250397772142
1.15e-05,0.023851239813563796
1.1510638297872341e-05,0.022386560902371927
1.1521276595744681e-05,0.020917226494185148
1.1531914893617022e-05,0.019443249640007626
1.1542553191489362e-05,0.01796464361178915
1.1553191489361703e-05,0.016481421902342946
1.1563829787234043e-05,0.014993598225257643
1.1574468085106384e-05,0.013501186514795843
1.1585106382978724e-05,0.012004200925790187
1.1595744680851065e-05,0.010502655833521668
1.1606382978723405e-05,0.008996565833597564
1.1617021276595746e-05,0.007485945741813549
1.1627659574468085e-05,0.005970810594011083
1.1638297872340427e-05,0.004451175645922484
1.1648936170212766e-05,0.0029270563730102173
1.1659574468085108e-05,0.0013984684702933736
1.1670212765957447e-05,-0.00013457214783108018
1.1680851063829789e-05,-0.0016720493477799248
1.1691489361702128e-05,-0.0032139467769805863
1.170212765957447e-05,-0.004760247864081024
1.1712765957446809e-05,-0.006310935819164837
1.172340425531915e-05,-0.007865993633979051
1.173404255319149e-05,-0.009425404082167549
1.1744680851063831e-05,-0.010989149719517005
1.175531914893617e-05,-0.012557212884208274
1.1765957446808512e-05,-0.014129575697080565
1.1776595744680852e-05,-0.015706220061900922
1.1787234042553193e-05,-0.01728712766564633
1.1797872340425533e-05,-0.01887227997879143
1.1808510638297874e-05,-0.020461658255608556
1.1819148936170214e-05,-0.022055243534473468
1.1829787234042555e-05,-0.02365301663818406
1.1840425531914894e-05,-0.025254958174283
1.1851063829787236e-05,-0.0268610485353947
1.1861702127659575e-05,-0.028471267899566582
1.1872340425531917e-05,-0.030085596230623735
1.1882978723404256e-05,-0.03170401327852779
1.1893617021276597e-05,-0.033326498579749536
1.1904255319148937e-05,-0.03495303145764614
1.1914893617021278e-05,-0.036583591022851164
1.1925531914893618e-05,-0.03821815617366986
1.193617021276596e-05,-0.03985670559648696
1.1946808510638299e-05,-0.04149921776617982
1.195744680851064e-05,-0.04314567094654398
1.196808510638298e-05,-0.04479604319072383
1.197872340425532e-05,-0.046450312341656086
1.198936170212766e-05,-0.048108456032519176
1.2e-05,-0.049770451687191825
1.2010638297872342e-05,-0.05143627652072272
1.2021276595744681e-05,-0.05310590753980543
1.2031914893617023e-05,-0.054779321543265896
1.204255319148936e-05,-0.05645649512255463
1.2053191489361703e-05,-0.058137404662253256
1.2063829787234041e-05,-0.05982202634058148
1.2074468085106384e-05,-0.061510336129923154
1.2085106382978722e-05,-0.0632023097973502
1.2095744680851065e-05,-0.06489792290516633
1.2106382978723403e-05,-0.06659715081144754
1.2117021276595746e-05,-0.06829996867060398
1.2127659574468084e-05,-0.07000635143393746
1.2138297872340427e-05,-0.07171627385022028
1.2148936170212765e-05,-0.07342971046627067
1.2159574468085108e-05,-0.07514663562754803
1.2170212765957446e-05,-0.07686702347874588
1.2180851063829789e-05,-0.07859084796440471
1.2191489361702127e-05,-0.08031808282952091
1.220212765957447e-05,-0.08204870162017747
1.2212765957446808e-05,-0.08378267768417005
1.222340425531915e-05,-0.08551998417165371
1.2234042553191489e-05,-0.08726059403578698
1.2244680851063831e-05,-0.0890044800333947
1.225531914893617e-05,-0.09075161472562868
1.2265957446808512e-05,-0.09250197047864933
1.227659574468085e-05,-0.09425551946429947
1.2287234042553192e-05,-0.09601223366080575
1.2297872340425531e-05,-0.09777208485346953
1.2308510638297873e-05,-0.0995350446353803
1.2319148936170212e-05,-0.10130108440812846
1.2329787234042553e-05,-0.1030701753825323
1.2340425531914893e-05,-0.10484228857936839
1.2351063829787234e-05,-0.10661739483011409
1.2361702127659574e-05,-0.1083954647776949
1.2372340425531915e-05,-0.11017646887724322
1.2382978723404255e-05,-0.11196037739686152
1.2393617021276596e-05,-0.11374716041839783
1.2404255319148936e-05,-0.1155367878382248
1.2414893617021277e-05,-0.11732922936803128
1.2425531914893617e-05,-0.11912445453561774
1.2436170212765958e-05,-0.12092243268570324
1.2446808510638298e-05,-0.12272313298073712
1.2457446808510639e-05,-0.12452652440172199
1.2468085106382978e-05,-0.12633257574904075
1.247872340425532e-05,-0.12814125564329593
1.248936170212766e-05,-0.12995253252615172
1.25e-05,-0.1317663746611905
1.251063829787234e-05,-0.133582750134768
1.2521276595744681e-05,-0.13540162685688667
1.2531914893617021e-05,-0.1372229725620677
1.2542553191489362e-05,-0.13904675481023687
1.2553191489361702e-05,-0.14087294098761421
1.2563829787234043e-05,-0.14270149830761422
1.2574468085106383e-05,-0.1445323938117505
1.2585106382978724e-05,-0.14636559437055208
1.2595744680851064e-05,-0.14820106668448202
1.2606382978723405e-05,-0.15003877728486945
1.2617021276595745e-05,-0.15187869253484335
1.2627659574468086e-05,-0.15372077863027853
1.2638297872340426e-05,-0.1555650016007451
1.2648936170212767e-05,-0.15741132731046886
1.2659574468085106e-05,-0.15925972145929518
1.2670212765957448e-05,-0.1611101495836647
1.2680851063829787e-05,-0.1629625770575912
1.2691489361702129e-05,-0.164816969093652
1.2702127659574468e-05,-0.16667329074398052
1.271276595744681e-05,-0.1685315069012702
1.272340425531915e-05,-0.170391582299782
1.273404255319149e-05,-0.1722534815163626
1.274468085106383e-05,-0.17411716897146495
1.2755319148936171e-05,-0.1759826089301827
1.2765957446808511e-05,-0.1778497655032827
1.2776595744680852e-05,-0.17971860264825315
1.2787234042553192e-05,-0.18158908417035202
1.2797872340425533e-05,-0.183461173723667
1.2808510638297873e-05,-0.18533483481217883
1.2819148936170214e-05,-0.18721003079083398
1.2829787234042554e-05,-0.18908672486662192
1.2840425531914895e-05,-0.19096488009966137
1.2851063829787235e-05,-0.19284445940429018
1.2861702127659576e-05,-0.19472542555016598
1.2872340425531915e-05,-0.19660774116336857
1.2882978723404257e-05,-0.19849136872751377
1.2893617021276596e-05,-0.20037627058486918
1.2904255319148938e-05,-0.2022624089374805
1.2914893617021277e-05,-0.20414974584830053
1.2925531914893619e-05,-0.20603824324232844
1.2936170212765958e-05,-0.20792786290775067
1.29468085106383e-05,-0.2098185664970938
1.2957446808510639e-05,-0.2117103155283778
1.296808510638298e-05,-0.21360307138628082
1.297872340425532e-05,-0.2154967953233055
1.2989361702127661e-05,-0.21739144846095587
1.3000000000000001e-05,-0.21928699179091574
1.3010638297872342e-05,-0.22118338617623723
1.3021276595744682e-05,-0.22308059235253214
1.3031914893617023e-05,-0.2249785709291725
1.3042553191489363e-05,-0.22687728239049249
1.3053191489361704e-05,-0.22877668709700225
1.3063829787234044e-05,-0.23067674528660076
1.3074468085106385e-05,-0.23257741707580104
1.3085106382978724e-05,-0.23447866246095578
1.3095744680851066e-05,-0.2363804413194921
1.3106382978723405e-05,-0.23828271341114987
1.3117021276595747e-05,-0.24018543837922773
1.3127659574468086e-05,-0.2420885757518313
1.3138297872340428e-05,-0.24399208494313174
1.3148936170212767e-05,-0.24589592525462417
1.3159574468085108e-05,-0.2478000558763972
1.3170212765957448e-05,-0.24970443588840263
1.318085106382979e-05,-0.2516090242617346
1.3191489361702129e-05,-0.25351377985991097
1.320212765957447e-05,-0.2554186614401624
1.321276595744681e-05,-0.2573236276547238
1.3223404255319151e-05,-0.25922863705213484
1.323404255319149e-05,-0.2611336480785402
1.3244680851063832e-05,-0.26303861907900256
1.3255319148936172e-05,-0.2649435082988099
1.3265957446808513e-05,-0.266848273884799
1.3276595744680853e-05,-0.26875287388667546
1.3287234042553194e-05,-0.2706572662583434
1.3297872340425533e-05,-0.2725614088592371
1.3308510638297871e-05,-0.274465259455659
1.3319148936170213e-05,-0.27636877572212293
1.3329787234042552e-05,-0.27827191524269856
1.3340425531914894e-05,-0.2801746355123655
1.3351063829787233e-05,-0.28207689393836677
1.3361702127659574e-05,-0.2839786478415722
1.3372340425531914e-05,-0.28587985445784025
1.3382978723404255e-05,-0.28778047093939013
1.3393617021276595e-05,-0.28968045435617334
1.3404255319148936e-05,-0.2915797616972532
1.3414893617021276e-05,-0.2934783498721857
1.3425531914893617e-05,-0.2953761757124077
1.3436170212765957e-05,-0.29727319597262397
1.3446808510638298e-05,-0.2991693673322073
1.3457446808510638e-05,-0.30106464639659114
1.3468085106382979e-05,-0.302958989698677
1.3478723404255319e-05,-0.3048523537002374
1.348936170212766e-05,-0.3067446947933293
1.35e-05,-0.308635969301706
1.351063829787234e-05,-0.31052613348223684
1.352127659574468e-05,-0.3124151435263276
1.3531914893617022e-05,-0.3143029555613472
1.3542553191489361e-05,-0.3161895256520546
1.3553191489361703e-05,-0.31807480980203423
1.3563829787234042e-05,-0.3199587639551297
1.3574468085106383e-05,-0.321841343996885
1.3585106382978723e-05,-0.3237225057559848
1.3595744680851064e-05,-0.3256022050057042
1.3606382978723404e-05,-0.32748039746535584
1.3617021276595745e-05,-0.32935703880174383
1.3627659574468085e-05,-0.33123208463061765
1.3638297872340426e-05,-0.3331054905181344
1.3648936170212766e-05,-0.33497721198231856
1.3659574468085107e-05,-0.33684720449452865
1.3670212765957447e-05,-0.33871542348092265
1.3680851063829788e-05,-0.3405818243239329
1.3691489361702128e-05,-0.342446362363737
1.3702127659574469e-05,-0.3443089928997362
1.3712765957446808e-05,-0.3461696711920325
1.372340425531915e-05,-0.3480283524629136
1.373404255319149e-05,-0.3498849918983359
1.374468085106383e-05,-0.3517395446494125
1.375531914893617e-05,-0.3535919658339011
1.3765957446808512e-05,-0.35544221053769953
1.3776595744680851e-05,-0.3572902338163376
1.3787234042553192e-05,-0.3591359906964761
1.3797872340425532e-05,-0.3609794361774028
1.3808510638297873e-05,-0.3628205252325398
1.3819148936170213e-05,-0.3646592128109404
1.3829787234042554e-05,-0.3664954538387999
1.3840425531914894e-05,-0.36832920322096147
1.3851063829787235e-05,-0.370160415842427
1.3861702127659575e-05,-0.3719890465698663
1.3872340425531916e-05,-0.3738150502531349
1.3882978723404256e-05,-0.37563838172678654
1.3893617021276597e-05,-0.3774589958115925
1.3904255319148937e-05,-0.3792768473160577
1.3914893617021278e-05,-0.3810918910379452
1.3925531914893617e-05,-0.38290408176579627
1.3936170212765959e-05,-0.384713374280455
1.3946808510638298e-05,-0.3865197233565922
1.395744680851064e-05,-0.3883230837642348
1.396808510638298e-05,-0.3901234102702922
1.397872340425532e-05,-0.39192065764008666
1.398936170212766e-05,-0.39371478063888227
1.4000000000000001e-05,-0.39550573403341993
1.4010638297872341e-05,-0.39729347259344805
1.4021276595744682e-05,-0.3990779510932582
1.4031914893617022e-05,-0.4008591243132177
1.4042553191489363e-05,-0.4026369470413112
1.4053191489361703e-05,-0.40441137407467087
1.4063829787234044e-05,-0.4061823602211201
1.4074468085106384e-05,-0.4079498603007093
1.4085106382978725e-05,-0.4097138291472567
1.4095744680851065e-05,-0.41147422160988645
1.4106382978723406e-05,-0.4132309925545726
1.4117021276595746e-05,-0.41498409686567794
1.4127659574468087e-05,-0.41673348944749755
1.4138297872340426e-05,-0.4184791252257986
1.4148936170212768e-05,-0.42022095914936625
1.4159574468085107e-05,-0.4219589461915446
1.4170212765957449e-05,-0.42369304135178104
1.4180851063829788e-05,-0.4254231996571677
1.419148936170213e-05,-0.42714937616398824
1.420212765957447e-05,-0.42887152595925926
1.421276595744681e-05,-0.4305896041622755
1.422340425531915e-05,-0.43230356592615143
1.4234042553191491e-05,-0.4340133664393677
1.4244680851063831e-05,-0.43571896092731305
1.4255319148936172e-05,-0.43742030465382853
1.4265957446808512e-05,-0.43911735292274784
1.4276595744680853e-05,-0.4408100610794457
1.4287234042553193e-05,-0.44249838451237367
1.4297872340425534e-05,-0.44418227865460685
1.4308510638297874e-05,-0.44586169898538347
1.4319148936170215e-05,-0.44753660103164633
1.4329787234042553e-05,-0.4492069403695809
1.4340425531914896e-05,-0.4508726726261604
1.4351063829787234e-05,-0.45253375348067737
1.4361702127659577e-05,-0.4541901386662884
1.4372340425531915e-05,-0.45584178397154573
1.4382978723404258e-05,-0.45748864524194
1.4393617021276596e-05,-0.4591306783814286
1.4404255319148939e-05,-0.46076783935397586
1.4414893617021276e-05,-0.4624000841850816
1.442553191489362e-05,-0.4640273689633191
1.4436170212765957e-05,-0.465649649841859
1.44468085106383e-05,-0.46726688304000524
1.4457446808510638e-05,-0.4688790248447184
1.4468085106382981e-05,-0.47048603161214825
1.447872340425532e-05,-0.47208785976915274
1.4489361702127662e-05,-0.4736844658148296
1.45e-05,-0.47527580632202976
1.4510638297872343e-05,-0.47686183793888853
1.4521276595744681e-05,-0.47844251739033566
1.4531914893617024e-05,-0.4800178014796205
1.4542553191489362e-05,-0.4815876470898212
1.4553191489361705e-05,-0.483152011185364
1.4563829787234043e-05,-0.4847108508135306
1.4574468085106384e-05,-0.486264123105974
1.4585106382978724e-05,-0.4878117852802199
1.4595744680851065e-05,-0.4893537946411781
1.4606382978723405e-05,-0.4908901085826437
1.4617021276595746e-05,-0.49242068458879995
1.4627659574468085e-05,-0.49394548023571583
1.4638297872340425e-05,-0.49546445319284604
1.4648936170212766e-05,-0.49697756122452386
1.4659574468085106e-05,-0.498484762191454
1.4670212765957447e-05,-0.4999860140522032
1.4680851063829787e-05,-0.5014812748646856
1.4691489361702128e-05,-0.5029705027876501
1.4702127659574468e-05,-0.5044536560821613
1.4712765957446809e-05,-0.5059306931130791
1.4723404255319149e-05,-0.5074015723505343
1.473404255319149e-05,-0.5088662523714056
1.474468085106383e-05,-0.5103246918607867
1.4755319148936171e-05,-0.5117768496134574
1.476595744680851e-05,-0.5132226845353473
1.4776595744680852e-05,-0.514662155644999
1.4787234042553191e-05,-0.5160952220750247
1.4797872340425533e-05,-0.5175218430735654
1.4808510638297872e-05,-0.5189419780057412
1.4819148936170214e-05,-0.5203555863551017
1.4829787234042553e-05,-0.5217626277250706
1.4840425531914894e-05,-0.5231630618403909
1.4851063829787234e-05,-0.524556848548562
1.4861702127659575e-05,-0.525943947821277
1.4872340425531915e-05,-0.5273243197558527
1.4882978723404256e-05,-0.5286979245766613
1.4893617021276596e-05,-0.5300647226365531
1.4904255319148937e-05,-0.5314246744182795
1.4914893617021277e-05,-0.5327777405359077
1.4925531914893618e-05,-0.5341238817362379
1.4936170212765958e-05,-0.5354630589002114
1.4946808510638299e-05,-0.5367952330443166
1.4957446808510639e-05,-0.5381203653219899
1.496808510638298e-05,-0.5394384170250176
1.497872340425532e-05,-0.5407493495849239
1.498936170212766e-05,-0.5420531245743656
1.5e-05,-0.543349703708515
1.5010638297872342e-05,-0.5446390488464427
1.5021276595744681e-05,-0.5459211219924921
1.5031914893617023e-05,-0.5471958852976555
1.5042553191489362e-05,-0.5484633010609394
1.5053191489361703e-05,-0.5497233317307303
1.5063829787234043e-05,-0.550975939906152
1.5074468085106384e-05,-0.5522210883384221
1.5085106382978724e-05,-0.5534587399322012
1.5095744680851065e-05,-0.5546888577469389
1.5106382978723405e-05,-0.5559114049982129
1.5117021276595746e-05,-0.5571263450590673
1.5127659574468086e-05,-0.5583336414613422
1.5138297872340427e-05,-0.5595332578970005
1.5148936170212767e-05,-0.5607251582194479
1.5159574468085108e-05,-0.5619093064448517
1.5170212765957448e-05,-0.5630856667534502
1.5180851063829789e-05,-0.56425420349086
1.5191489361702128e-05,-0.5654148811693752
1.520212765957447e-05,-0.5665676644692665
1.521276595744681e-05,-0.5677125182400694
1.522340425531915e-05,-0.5688494075018704
1.523404255319149e-05,-0.5699782974465871
1.5244680851063832e-05,-0.5710991534392437
1.5255319148936171e-05,-0.5722119410192381
1.5265957446808512e-05,-0.5733166259016084
1.5276595744680852e-05,-0.5744131739782898
1.528723404255319e-05,-0.5755015513193675
1.529787234042553e-05,-0.5765817241743239
1.5308510638297874e-05,-0.5776536589732799
1.5319148936170214e-05,-0.5787173223282304
1.5329787234042553e-05,-0.5797726810342754
1.5340425531914893e-05,-0.5808197020708428
1.5351063829787236e-05,-0.5818583526029079
1.5361702127659576e-05,-0.5828885999822039
1.5372340425531915e-05,-0.5839104117484307
1.5382978723404255e-05,-0.584923755630454
1.5393617021276598e-05,-0.5859285995474997
1.5404255319148937e-05,-0.586924911610342
1.5414893617021277e-05,-0.5879126601224864
1.5425531914893617e-05,-0.5888918135813452
1.543617021276596e-05,-0.5898623406794072
1.54468085106383e-05,-0.5908242103054003
1.545744680851064e-05,-0.5917773915454505
1.546808510638298e-05,-0.5927218536842311
1.547872340425532e-05,-0.5936575662061081
1.548936170212766e-05,-0.5945844987962762
1.55e-05,-0.595502621341893
1.551063829787234e-05,-0.5964119039332018
1.5521276595744683e-05,-0.5973123168646505
1.5531914893617023e-05,-0.5982038306360026
1.5542553191489362e-05,-0.5990864159534435
1.5553191489361702e-05,-0.5999600437306772
1.5563829787234045e-05,-0.6008246850900194
1.5574468085106385e-05,-0.60168031136348
1.5585106382978724e-05,-0.6025268940938429
1.5595744680851064e-05,-0.6033644050357361
1.5606382978723407e-05,-0.6041928161566957
1.5617021276595746e-05,-0.6050120996382227
1.5627659574468086e-05,-0.6058222278768334
1.5638297872340426e-05,-0.6066231734851023
1.564893617021277e-05,-0.6074149092926983
1.5659574468085108e-05,-0.608197408347412
1.5670212765957448e-05,-0.6089706439161787
1.5680851063829787e-05,-0.6097345894860929
1.569148936170213e-05,-0.6104892187654146
1.570212765957447e-05,-0.6112345056845675
1.571276595744681e-05,-0.6119704243971357
1.572340425531915e-05,-0.6126969492808446
1.5734042553191492e-05,-0.6134140549385413
1.5744680851063832e-05,-0.6141217161991626
1.575531914893617e-05,-0.6148199081186995
1.576595744680851e-05,-0.6155086059811519
1.5776595744680854e-05,-0.6161877852994762
1.5787234042553194e-05,-0.6168574218165245
1.5797872340425533e-05,-0.6175174915059787
1.5808510638297873e-05,-0.6181679705732734
1.5819148936170216e-05,-0.6188088354565151
1.5829787234042555e-05,-0.6194400628273886
1.5840425531914895e-05,-0.6200616295920616
1.5851063829787235e-05,-0.6206735128920757
1.5861702127659578e-05,-0.6212756901052345
1.5872340425531917e-05,-0.6218681388464794
1.5882978723404257e-05,-0.6224508369687615
1.5893617021276596e-05,-0.6230237625639025
1.590425531914894e-05,-0.6235868939634494
1.591489361702128e-05,-0.6241402097395199
1.592553191489362e-05,-0.6246836887056413
1.5936170212765958e-05,-0.6252173099175795
1.59468085106383e-05,-0.6257410526741619
1.5957446808510637e-05,-0.6262548965180893
1.5968085106382977e-05,-0.6267588212367435
1.597872340425532e-05,-0.6272528068629829
1.598936170212766e-05,-0.627736833675932
1.6e-05,-0.6282108822017626
1.601063829787234e-05,-0.6286749332144651
1.6021276595744682e-05,-0.6291289677366142
1.603191489361702e-05,-0.6295729670401224
1.604255319148936e-05,-0.6300069126469894
1.60531914893617e-05,-0.6304307863300396
1.6063829787234044e-05,-0.6308445701136535
1.6074468085106383e-05,-0.6312482462744881
1.6085106382978723e-05,-0.631641797342192
1.6095744680851062e-05,-0.632025206100109
1.6106382978723405e-05,-0.6323984555859756
1.6117021276595745e-05,-0.6327615290926067
1.6127659574468085e-05,-0.6331144101685767
1.6138297872340424e-05,-0.6334570826188888
1.6148936170212767e-05,-0.6337895305056367
1.6159574468085107e-05,-0.6341117381486581
1.6170212765957446e-05,-0.6344236901261782
1.6180851063829786e-05,-0.6347253712754459
1.619148936170213e-05,-0.6350167666933604
1.620212765957447e-05,-0.6352978617370884
1.6212765957446808e-05,-0.635568642024674
1.6223404255319148e-05,-0.6358290934356386
1.623404255319149e-05,-0.6360792021115721
1.624468085106383e-05,-0.6363189544567152
1.625531914893617e-05,-0.6365483371385332
1.626595744680851e-05,-0.6367673370882805
1.6276595744680853e-05,-0.6369759415015559
1.6287234042553192e-05,-0.6371741378388488
1.6297872340425532e-05,-0.6373619138260779
1.630851063829787e-05,-0.6375392574551182
1.6319148936170214e-05,-0.637706156984322
1.6329787234042554e-05,-0.6378626009390275
1.6340425531914894e-05,-0.6380085781120615
1.6351063829787233e-05,-0.6381440775642305
1.6361702127659576e-05,-0.6382690886248044
1.6372340425531916e-05,-0.6383836008919894
1.6382978723404255e-05,-0.6384876042333936
1.6393617021276595e-05,-0.6385810887864818
1.6404255319148938e-05,-0.6386640449590217
1.6414893617021278e-05,-0.6387364634295208
1.6425531914893617e-05,-0.6387983351476545
1.6436170212765957e-05,-0.6388496513346837
1.64468085106383e-05,-0.638890403483865
1.645744680851064e-05,-0.6389205833608494
1.646808510638298e-05,-0.6389401830040735
1.647872340425532e-05,-0.6389491947251402
1.648936170212766e-05,-0.6389476111091907
1.65e-05,-0.638935425015267
1.651063829787234e-05,-0.6389126295766646
1.652127659574468e-05,-0.6388792182012764
1.6531914893617023e-05,-0.6388351845719265
1.6542553191489363e-05,-0.6387805226466953
1.6553191489361703e-05,-0.6387152266592349
1.6563829787234042e-05,-0.6386392911190746
1.6574468085106385e-05,-0.6385527108119176
1.6585106382978725e-05,-0.6384554807999275
1.6595744680851064e-05,-0.6383475964220062
1.6606382978723404e-05,-0.6382290532940615
1.6617021276595747e-05,-0.6380998473092654
1.6627659574468087e-05,-0.6379599746383035
1.6638297872340426e-05,-0.6378094317296134
1.6648936170212766e-05,-0.6376482153096152
1.665957446808511e-05,-0.6374763223829316
1.667021276595745e-05,-0.6372937502325984
1.6680851063829788e-05,-0.6371004964202651
1.6691489361702128e-05,-0.6368965587863875
1.670212765957447e-05,-0.6366819354504083
1.671276595744681e-05,-0.6364566248109305
1.672340425531915e-05,-0.6362206255458788
1.673404255319149e-05,-0.635973936612654
1.6744680851063832e-05,-0.6357165572482752
1.6755319148936172e-05,-0.6354484869695147
1.676595744680851e-05,-0.6351697255730211
1.677659574468085e-05,-0.6348802731354343
1.6787234042553194e-05,-0.6345801300134899
1.6797872340425534e-05,-0.6342692968441157
1.6808510638297873e-05,-0.6339477745445152
1.6819148936170213e-05,-0.6336155643122452
1.6829787234042556e-05,-0.6332726676252807
1.6840425531914896e-05,-0.6329190862420725
1.6851063829787235e-05,-0.6325548222015933
1.6861702127659575e-05,-0.6321798778233748
1.6872340425531918e-05,-0.6317942557075358
1.6882978723404257e-05,-0.6313979587347995
1.6893617021276597e-05,-0.6309909900665016
1.6904255319148937e-05,-0.630573353144589
1.691489361702128e-05,-0.6301450516916078
1.692553191489362e-05,-0.6297060897106836
1.693617021276596e-05,-0.6292564714854896
1.69468085106383e-05,-0.6287962015802068
1.695744680851064e-05,-0.6283252848394737
1.696808510638298e-05,-0.6278437263883272
1.697872340425532e-05,-0.6273515316321323
1.698936170212766e-05,-0.6268487062565038
1.7000000000000003e-05,-0.6263352562272165
1.701063829787234e-05,-0.6258111877901082
1.7021276595744682e-05,-0.6252765074709696
1.7031914893617022e-05,-0.6247312220754285
1.7042553191489365e-05,-0.6241753386888207
1.70531914893617e-05,-0.6236088646760543
1.7063829787234044e-05,-0.6230318076814599
1.7074468085106384e-05,-0.6224441756286393
1.7085106382978727e-05,-0.6218459767202931
1.7095744680851063e-05,-0.6212372194380507
1.7106382978723406e-05,-0.6206179125422795
1.7117021276595746e-05,-0.6199880650718945
1.712765957446809e-05,-0.61934768634415
1.7138297872340425e-05,-0.6186967859544281
1.7148936170212768e-05,-0.6180353737760116
1.7159574468085107e-05,-0.6173634599598534
1.717021276595745e-05,-0.616681054934331
1.7180851063829787e-05,-0.6159881694049958
1.719148936170213e-05,-0.6152848143543077
1.720212765957447e-05,-0.6145710010413669
1.7212765957446812e-05,-0.6138467410016288
1.722340425531915e-05,-0.6131120460466157
1.723404255319149e-05,-0.6123669282636136
1.724468085106383e-05,-0.6116114000153644
1.725531914893617e-05,-0.6108454739397441
1.726595744680851e-05,-0.610069162949435
1.7276595744680853e-05,-0.6092824802315857
1.7287234042553193e-05,-0.6084854392474646
1.7297872340425532e-05,-0.6076780537320996
1.7308510638297872e-05,-0.6068603376939133
1.731914893617021e-05,-0.6060323054143447
1.7329787234042555e-05,-0.6051939714474636
1.7340425531914894e-05,-0.6043453506195755
1.7351063829787234e-05,-0.6034864580288156
1.7361702127659573e-05,-0.6026173090447352
1.7372340425531916e-05,-0.6017379193078771
1.7382978723404256e-05,-0.600848304729344
1.7393617021276596e-05,-0.5999484814903538
1.7404255319148935e-05,-0.5990384660417893
1.7414893617021278e-05,-0.5981182751037363
1.7425531914893618e-05,-0.5971879256650137
1.7436170212765957e-05,-0.5962474349826926
1.7446808510638297e-05,-0.5952968205816084
1.745744680851064e-05,-0.5943361002538612
1.746808510638298e-05,-0.5933652920583099
1.747872340425532e-05,-0.5923844143200534
1.748936170212766e-05,-0.5913934856299058
1.7500000000000002e-05,-0.5903925248438606
1.751063829787234e-05,-0.5893815510825474
1.752127659574468e-05,-0.5883605837306769
1.753191489361702e-05,-0.587329642436478
1.7542553191489364e-05,-0.5862887471111276
1.7553191489361703e-05,-0.5852379179281703
1.7563829787234043e-05,-0.5841771753229243
1.7574468085106382e-05,-0.5831065399918873
1.7585106382978725e-05,-0.5820260328921251
1.7595744680851065e-05,-0.5809356752406569
1.7606382978723405e-05,-0.5798354885138276
1.7617021276595744e-05,-0.5787254944466733
1.7627659574468087e-05,-0.5776057150322773
1.7638297872340427e-05,-0.5764761725211189
1.7648936170212766e-05,-0.575336889420409
1.7659574468085106e-05,-0.574187888493421
1.767021276595745e-05,-0.573029192758811
1.768085106382979e-05,-0.571860825489931
1.7691489361702128e-05,-0.5706828102141295
1.7702127659574468e-05,-0.569495170712047
1.771276595744681e-05,-0.5682979310169014
1.772340425531915e-05,-0.5670911154137654
1.773404255319149e-05,-0.5658747484388331
1.774468085106383e-05,-0.5646488548786803
1.7755319148936173e-05,-0.5634134597695147
1.7765957446808512e-05,-0.56216858839642
1.7776595744680852e-05,-0.5609142662925867
1.778723404255319e-05,-0.5596505192385386
1.7797872340425534e-05,-0.5583773732613491
1.7808510638297874e-05,-0.5570948546338501
1.7819148936170214e-05,-0.55580298987383
1.7829787234042553e-05,-0.5545018057432256
1.7840425531914896e-05,-0.5531913292473044
1.7851063829787236e-05,-0.5518715876338405
1.7861702127659575e-05,-0.5505426083922782
1.7872340425531915e-05,-0.5492044192528913
1.7882978723404258e-05,-0.5478570481859316
1.7893617021276598e-05,-0.5465005234007715
1.7904255319148937e-05,-0.545134873345035
1.7914893617021277e-05,-0.5437601267037232
1.792553191489362e-05,-0.5423763123983312
1.793617021276596e-05,-0.540983459585957
1.79468085106383e-05,-0.5395815976584
1.795744680851064e-05,-0.538170756241255
1.796808510638298e-05,-0.5367509651929953
1.797872340425532e-05,-0.5353222546040507
1.798936170212766e-05,-0.5338846547958735
1.8e-05,-0.532438196320001
1.8010638297872343e-05,-0.5309829099571046
1.802127659574468e-05,-0.5295188267160416
1.8031914893617023e-05,-0.528045977832881
1.8042553191489362e-05,-0.5265643947699439
1.8053191489361705e-05,-0.5250741092148169
1.806382978723404e-05,-0.5235751530793702
1.8074468085106384e-05,-0.5220675584987591
1.8085106382978724e-05,-0.5205513578304276
1.8095744680851067e-05,-0.5190265836530942
1.8106382978723403e-05,-0.517493268765739
1.8117021276595746e-05,-0.5159514461865743
1.8127659574468086e-05,-0.514401149152019
1.813829787234043e-05,-0.5128424111156531
1.8148936170212765e-05,-0.5112752657471762
1.8159574468085108e-05,-0.5096997469313473
1.8170212765957448e-05,-0.5081158887669303
1.818085106382979e-05,-0.5065237255656188
1.8191489361702127e-05,-0.5049232918509652
1.820212765957447e-05,-0.5033146223572921
1.821276595744681e-05,-0.5016977520286076
1.8223404255319152e-05,-0.5000727160175024
1.823404255319149e-05,-0.49843954968405
1.824468085106383e-05,-0.4967982885946891
1.825531914893617e-05,-0.49514896852111134
1.826595744680851e-05,-0.4934916254391305
1.827659574468085e-05,-0.49182629552755175
1.8287234042553193e-05,-0.4901530151670318
1.8297872340425533e-05,-0.4884718209389339
1.8308510638297873e-05,-0.4867827496241717
1.8319148936170212e-05,-0.4850858382020514
1.8329787234042555e-05,-0.48338112384910403
1.8340425531914895e-05,-0.48166864393791364
1.8351063829787234e-05,-0.47994843603593496
1.8361702127659574e-05,-0.47822053790430785
1.8372340425531917e-05,-0.47648498749666424
1.8382978723404257e-05,-0.47474182295792927
1.8393617021276596e-05,-0.4729910826231132
1.8404255319148936e-05,-0.4712328050161001
1.841489361702128e-05,-0.46946702884842817
1.842553191489362e-05,-0.4676937930180667
1.8436170212765958e-05,-0.4659131366081814
1.8446808510638298e-05,-0.4641250988858989
1.845744680851064e-05,-0.4623297193010597
1.846808510638298e-05,-0.4605270374849749
1.847872340425532e-05,-0.4587170932491625
1.848936170212766e-05,-0.4568999265840876
1.8500000000000002e-05,-0.4550755776578959
1.8510638297872342e-05,-0.45324408681513945
1.852127659574468e-05,-0.4514054945754938
1.853191489361702e-05,-0.4495598416324744
1.8542553191489364e-05,-0.44770716885214373
1.8553191489361704e-05,-0.44584751727181576
1.8563829787234043e-05,-0.44398092809874945
1.8574468085106383e-05,-0.4421074427088425
1.8585106382978726e-05,-0.4402271026453149
1.8595744680851066e-05,-0.4383399496173919
1.8606382978723405e-05,-0.43644602549897443
1.8617021276595745e-05,-0.43454537232731066
1.8627659574468084e-05,-0.43263803230165865
1.8638297872340427e-05,-0.43072404778194406
1.8648936170212767e-05,-0.42880346128741503
1.8659574468085107e-05,-0.4268763154952865
1.8670212765957446e-05,-0.42494265323938485
1.868085106382979e-05,-0.42300251750878365
1.869148936170213e-05,-0.42105595144643776
1.870212765957447e-05,-0.4191029983478075
1.8712765957446808e-05,-0.4171437016594823
1.872340425531915e-05,-0.41517810497779656
1.873404255319149e-05,-0.41320625204744416
1.874468085106383e-05,-0.411228186760082
1.875531914893617e-05,-0.4092439531529348
1.8765957446808513e-05,-0.4072535954073914
1.8776595744680852e-05,-0.40525715784759986
1.8787234042553192e-05,-0.4032546849390526
1.879787234042553e-05,-0.4012462212871716
1.8808510638297875e-05,-0.39923181163588717
1.8819148936170214e-05,-0.39721150086621404
1.8829787234042554e-05,-0.39518533399481853
1.8840425531914893e-05,-0.3931533561725863
1.8851063829787236e-05,-0.39111561268318246
1.8861702127659576e-05,-0.3890721489416114
1.8872340425531916e-05,-0.3870230104927656
1.8882978723404255e-05,-0.3849682430099772
1.8893617021276598e-05,-0.3829078922935606
1.8904255319148938e-05,-0.38084200426935616
1.8914893617021277e-05,-0.3787706249872624
1.8925531914893617e-05,-0.3766938006197718
1.893617021276596e-05,-0.3746115774604951
1.89468085106383e-05,-0.3725240019226949
1.895744680851064e-05,-0.3704311205377948
1.896808510638298e-05,-0.36833297995390535
1.8978723404255322e-05,-0.3662296269343334
1.898936170212766e-05,-0.36412110835609485
1.9e-05,-0.36200747120841753
1.901063829787234e-05,-0.35988876259124614
1.9021276595744684e-05,-0.3577650297137404
1.903191489361702e-05,-0.3556363198927739
1.9042553191489363e-05,-0.3535026805514199
1.9053191489361702e-05,-0.351364159217449
1.9063829787234045e-05,-0.3492208035218079
1.907446808510638e-05,-0.34707266119710806
1.9085106382978725e-05,-0.3449197800760984
1.9095744680851064e-05,-0.34276220809014973
1.9106382978723407e-05,-0.3405999932677216
1.9117021276595743e-05,-0.3384331837328386
1.9127659574468086e-05,-0.3362618277035508
1.9138297872340426e-05,-0.3340859734904071
1.914893617021277e-05,-0.3319056694949098
1.9159574468085105e-05,-0.32972096420798036
1.9170212765957448e-05,-0.3275319062084081
1.9180851063829788e-05,-0.3253385441613131
1.919148936170213e-05,-0.32314092681659035
1.9202127659574467e-05,-0.3209391030073645
1.921276595744681e-05,-0.3187331216484291
1.922340425531915e-05,-0.31652303173469937
1.9234042553191493e-05,-0.3143088823396461
1.924468085106383e-05,-0.31209072261374216
1.9255319148936172e-05,-0.30986860178289116
1.926595744680851e-05,-0.3076425691468722
1.927659574468085e-05,-0.3054126740777655
1.928723404255319e-05,-0.3031789660183866
1.9297872340425534e-05,-0.300941494480714
1.9308510638297873e-05,-0.29870030904431866
1.9319148936170213e-05,-0.2964554593547854
1.9329787234042552e-05,-0.29420699512213905
1.9340425531914895e-05,-0.29195496611926414
1.9351063829787235e-05,-0.28969942218032796
1.9361702127659575e-05,-0.2874404131991946
1.9372340425531914e-05,-0.2851779891278451
1.9382978723404257e-05,-0.2829121999747879
1.9393617021276597e-05,-0.28064309580348157
1.9404255319148936e-05,-0.27837072673073765
1.9414893617021276e-05,-0.27609514292513465
1.942553191489362e-05,-0.27381639460542967
1.943617021276596e-05,-0.2715345320389671
1.9446808510638298e-05,-0.26924960554008226
1.9457446808510638e-05,-0.26696166546851063
1.946808510638298e-05,-0.2646707622277911
1.947872340425532e-05,-0.26237694626367364
1.948936170212766e-05,-0.26008026806251755
1.95e-05,-0.25778077814969724
1.9510638297872343e-05,-0.25547852708800217
1.9521276595744682e-05,-0.2531735654760401
1.9531914893617022e-05,-0.2508659439466336
1.954255319148936e-05,-0.24855571316522185
1.9553191489361704e-05,-0.2462429238282584
1.9563829787234044e-05,-0.2439276266616122
1.9574468085106384e-05,-0.24160987241896134
1.9585106382978723e-05,-0.23928971188019355
1.9595744680851066e-05,-0.2369671958498018
1.9606382978723406e-05,-0.23464237515528408
1.9617021276595745e-05,-0.23231530064553596
1.9627659574468085e-05,-0.22998602318924988
1.9638297872340428e-05,-0.22765459367331028
1.9648936170212768e-05,-0.2253210630011926
1.9659574468085107e-05,-0.2229854820913557
1.9670212765957447e-05,-0.22064790187564126
1.968085106382979e-05,-0.21830837329766872
1.969148936170213e-05,-0.21596694731123509
1.970212765957447e-05,-0.21362367487870787
1.971276595744681e-05,-0.21127860696942527
1.972340425531915e-05,-0.2089317945580926
1.973404255319149e-05,-0.20658328862318306
1.974468085106383e-05,-0.20423314014533275
1.975531914893617e-05,-0.20188140010574224
1.9765957446808513e-05,-0.1995281194845754
1.9776595744680853e-05,-0.19717334925936256
1.9787234042553193e-05,-0.19481714040339768
1.9797872340425532e-05,-0.19245954388414324
1.9808510638297875e-05,-0.19010061066163172
1.9819148936170215e-05,-0.18774039168687223
1.9829787234042554e-05,-0.18537893790025117
1.9840425531914894e-05,-0.18301630022994078
1.9851063829787237e-05,-0.18065252959030467
1.9861702127659577e-05,-0.1782876768803087
1.9872340425531916e-05,-0.17592179298192662
1.9882978723404256e-05,-0.17355492875855083
1.98936170212766e-05,-0.1711871350534061
1.990425531914894e-05,-0.16881846268796616
1.9914893617021278e-05,-0.1664489624603582
1.9925531914893618e-05,-0.16407868514378857
1.993617021276596e-05,-0.1617076814849556
1.99468085106383e-05,-0.15933600220247232
1.995744680851064e-05,-0.1569636979852835
1.996808510638298e-05,-0.15459081949109083
1.997872340425532e-05,-0.1522174173447769
1.9989361702127662e-05,-0.14984354213683082
2e-05,-0.14746924442177906
2.001063829787234e-05,-0.14509457471661164
2.002127659574468e-05,-0.14271958349921712
2.0031914893617024e-05,-0.14034432120681534
2.004255319148936e-05,-0.13796883823439735
2.0053191489361703e-05,-0.13559318493315656
2.0063829787234043e-05,-0.13321741160893902
2.0074468085106386e-05,-0.13084156852067844
2.0085106382978722e-05,-0.12846570587884848
2.0095744680851065e-05,-0.12608987384390252
2.0106382978723404e-05,-0.12371412252473377
2.0117021276595747e-05,-0.12133850197711968
2.0127659574468084e-05,-0.11896306220218456
2.0138297872340427e-05,-0.11658785314484961
2.0148936170212766e-05,-0.11421292469230307
2.015957446808511e-05,-0.11183832667245594
2.0170212765957445e-05,-0.10946410885241507
2.018085106382979e-05,-0.10709032093694451
2.0191489361702128e-05,-0.10471701256694702
2.020212765957447e-05,-0.10234423331793142
2.0212765957446807e-05,-0.09997203269849744
2.022340425531915e-05,-0.09760046014880912
2.023404255319149e-05,-0.09522956503908868
2.0244680851063833e-05,-0.09285939666809631
2.025531914893617e-05,-0.09049000426162765
2.0265957446808512e-05,-0.08812143697100032
2.027659574468085e-05,-0.08575374387156076
2.028723404255319e-05,-0.08338697396117814
2.029787234042553e-05,-0.08102117615875284
2.0308510638297874e-05,-0.07865639930272006
2.0319148936170213e-05,-0.0762926921495707
2.0329787234042553e-05,-0.07393010337235685
2.0340425531914893e-05,-0.07156868155921416
2.0351063829787236e-05,-0.06920847521188665
2.0361702127659575e-05,-0.06684953274425347
2.0372340425531915e-05,-0.06449190248085579
2.0382978723404254e-05,-0.06213563265543412
2.0393617021276597e-05,-0.05978077140946535
2.0404255319148937e-05,-0.057427366790707576
2.0414893617021277e-05,-0.05507546675174296
2.0425531914893616e-05,-0.05272511914853066
2.043617021276596e-05,-0.05037637173896051
2.04468085106383e-05,-0.04802927218141456
2.045744680851064e-05,-0.045683868033326525
2.0468085106382978e-05,-0.043340206749752044
2.047872340425532e-05,-0.040998335681939335
2.048936170212766e-05,-0.038658302075908466
2.05e-05,-0.03632015307102823
2.051063829787234e-05,-0.03398393569860446
2.0521276595744683e-05,-0.031649696880468675
2.0531914893617022e-05,-0.02931748342757562
2.0542553191489362e-05,-0.026987342038598747
2.05531914893617e-05,-0.024659319298537125
2.0563829787234045e-05,-0.02233346167732303
2.0574468085106384e-05,-0.020009815528438654
2.0585106382978724e-05,-0.017688427087530795
2.0595744680851063e-05,-0.015369342471037217
2.0606382978723406e-05,-0.013052607674814226
2.0617021276595746e-05,-0.010738268572773005
2.0627659574468086e-05,-0.008426370915514542
2.0638297872340425e-05,-0.006116960328976337
2.0648936170212768e-05,-0.003810082313080415
2.0659574468085108e-05,-0.001505782240390316
2.0670212765957447e-05,0.0007958946452329557
2.0680851063829787e-05,0.003094903229963128
2.069148936170213e-05,0.005391198531339569
2.070212765957447e-05,0.0076847356995884825
2.071276595744681e-05,0.009975470018945554
2.072340425531915e-05,0.012263356908966211
2.0734042553191492e-05,0.014548351925834327
2.074468085106383e-05,0.016830410763661485
2.075531914893617e-05,0.01910948925578683
2.076595744680851e-05,0.021385543376064936
2.0776595744680854e-05,0.023658529240151605
2.0787234042553193e-05,0.025928403106780157
2.0797872340425533e-05,0.0281951213790375
2.0808510638297872e-05,0.030458640605631096
2.0819148936170215e-05,0.03271891748214811
2.0829787234042555e-05,0.03497590885230725
2.0840425531914895e-05,0.0372295717092173
2.0851063829787234e-05,0.03947986319661116
2.0861702127659577e-05,0.04172674061008698
2.0872340425531917e-05,0.043970161398335636
2.0882978723404256e-05,0.04621008316436882
2.0893617021276596e-05,0.048446463666734635
2.090425531914894e-05,0.05067926082073068
2.091489361702128e-05,0.05290843269960682
2.0925531914893618e-05,0.05513393753576812
2.0936170212765958e-05,0.05735573372196482
2.09468085106383e-05,0.059573779812479744
2.095744680851064e-05,0.061788034524305306
2.096808510638298e-05,0.06399845673832033
2.097872340425532e-05,0.06620500550045387
2.0989361702127663e-05,0.06840764002284627
2.1000000000000002e-05,0.07060631968499964
2.1010638297872342e-05,0.07280100403492798
2.102127659574468e-05,0.07499165279029421
2.1031914893617024e-05,0.07717822583954405
2.1042553191489364e-05,0.07936068324302957
2.1053191489361704e-05,0.08153898523413174
2.1063829787234043e-05,0.08371309222037002
2.1074468085106386e-05,0.08588296478450873
2.1085106382978726e-05,0.08804856368565253
2.1095744680851065e-05,0.09020984986034118
2.1106382978723405e-05,0.092366784423631
2.1117021276595748e-05,0.09451932867017278
2.1127659574468088e-05,0.09666744407527908
2.1138297872340427e-05,0.09881109229599018
2.1148936170212767e-05,0.10095023517212688
2.115957446808511e-05,0.10308483472733955
2.117021276595745e-05,0.10521485317014628
2.118085106382979e-05,0.1073402528949698
2.119148936170213e-05,0.10946099648316075
2.120212765957447e-05,0.11157704670401748
2.121276595744681e-05,0.11368836651579436
2.122340425531915e-05,0.11579491906670902
2.123404255319149e-05,0.11789666769593575
2.1244680851063833e-05,0.11999357593459509
2.1255319148936173e-05,0.1220856075067322
2.1265957446808513e-05,0.1241727263302935
