time_s,25k_50k_84.88deg
0,0.39840399
2.00E-08,0.400191208
4.00E-08,0.401962673
6.00E-08,0.403718362
8.00E-08,0.405458253
1.00E-07,0.407182324
1.20E-07,0.408890551
1.40E-07,0.410582916
1.60E-07,0.412259397
1.80E-07,0.413919975
2.00E-07,0.41556463
2.20E-07,0.417193345
2.40E-07,0.418806101
2.60E-07,0.420402881
2.80E-07,0.421983669
3.00E-07,0.423548449
3.20E-07,0.425097205
3.40E-07,0.426629923
3.60E-07,0.428146588
3.80E-07,0.429647188
4.00E-07,0.431131709
4.20E-07,0.43260014
4.40E-07,0.434052468
4.60E-07,0.435488683
4.80E-07,0.436908774
5.00E-07,0.438312732
5.20E-07,0.439700547
5.40E-07,0.441072212
5.60E-07,0.442427719
5.80E-07,0.44376706
6.00E-07,0.445090228
6.20E-07,0.446397218
6.40E-07,0.447688025
6.60E-07,0.448962644
6.80E-07,0.45022107
7.00E-07,0.451463301
7.20E-07,0.452689333
7.40E-07,0.453899165
7.60E-07,0.455092794
7.80E-07,0.456270221
8.00E-07,0.457431443
8.20E-07,0.458576463
8.40E-07,0.459705281
8.60E-07,0.460817898
8.80E-07,0.461914316
9.00E-07,0.462994539
9.20E-07,0.464058569
9.40E-07,0.465106411
9.60E-07,0.46613807
9.80E-07,0.46715355
1.00E-06,0.468152858
1.02E-06,0.469136
1.04E-06,0.470102983
1.06E-06,0.471053815
1.08E-06,0.471988504
1.10E-06,0.472907059
1.12E-06,0.47380949
1.14E-06,0.474695807
1.16E-06,0.47556602
1.18E-06,0.476420142
1.20E-06,0.477258184
1.22E-06,0.478080158
1.24E-06,0.478886079
1.26E-06,0.479675959
1.28E-06,0.480449814
1.30E-06,0.481207657
1.32E-06,0.481949506
1.34E-06,0.482675375
1.36E-06,0.483385283
1.38E-06,0.484079246
1.40E-06,0.484757283
1.42E-06,0.485419411
1.44E-06,0.486065651
1.46E-06,0.486696022
1.48E-06,0.487310545
1.50E-06,0.48790924
1.52E-06,0.488492129
1.54E-06,0.489059235
1.56E-06,0.48961058
1.58E-06,0.490146187
1.60E-06,0.490666081
1.62E-06,0.491170286
1.64E-06,0.491658827
1.66E-06,0.49213173
1.68E-06,0.492589021
1.70E-06,0.493030727
1.72E-06,0.493456876
1.74E-06,0.493867495
1.76E-06,0.494262613
1.78E-06,0.49464226
1.80E-06,0.495006464
1.82E-06,0.495355257
1.84E-06,0.495688668
1.86E-06,0.496006731
1.88E-06,0.496309476
1.90E-06,0.496596936
1.92E-06,0.496869144
1.94E-06,0.497126134
1.96E-06,0.497367941
1.98E-06,0.497594599
2.00E-06,0.497806142
2.02E-06,0.498002609
2.04E-06,0.498184033
2.06E-06,0.498350454
2.08E-06,0.498501908
2.10E-06,0.498638433
2.12E-06,0.498760068
2.14E-06,0.498866853
2.16E-06,0.498958826
2.18E-06,0.499036028
2.20E-06,0.499098501
2.22E-06,0.499146284
2.24E-06,0.499179421
2.26E-06,0.499197953
2.28E-06,0.499201924
2.30E-06,0.499191376
2.32E-06,0.499166354
2.34E-06,0.499126902
2.36E-06,0.499073065
2.38E-06,0.49900489
2.40E-06,0.49892242
2.42E-06,0.498825704
2.44E-06,0.498714789
2.46E-06,0.498589721
2.48E-06,0.498450549
2.50E-06,0.498297321
2.52E-06,0.498130087
2.54E-06,0.497948896
2.56E-06,0.497753798
2.58E-06,0.497544844
2.60E-06,0.497322084
2.62E-06,0.49708557
2.64E-06,0.496835354
2.66E-06,0.496571489
2.68E-06,0.496294027
2.70E-06,0.496003022
2.72E-06,0.495698529
2.74E-06,0.4953806
2.76E-06,0.495049291
2.78E-06,0.494704658
2.80E-06,0.494346756
2.82E-06,0.493975641
2.84E-06,0.493591371
2.86E-06,0.493194002
2.88E-06,0.492783592
2.90E-06,0.492360198
2.92E-06,0.49192388
2.94E-06,0.491474697
2.96E-06,0.491012707
2.98E-06,0.490537971
3.00E-06,0.490050549
3.02E-06,0.489550502
3.04E-06,0.489037891
3.06E-06,0.488512777
3.08E-06,0.487975222
3.10E-06,0.487425289
3.12E-06,0.486863041
3.14E-06,0.486288541
3.16E-06,0.485701852
3.18E-06,0.485103039
3.20E-06,0.484492167
3.22E-06,0.483869299
3.24E-06,0.483234502
3.26E-06,0.482587841
3.28E-06,0.481929383
3.30E-06,0.481259193
3.32E-06,0.480577339
3.34E-06,0.479883887
3.36E-06,0.479178907
3.38E-06,0.478462464
3.40E-06,0.477734629
3.42E-06,0.47699547
3.44E-06,0.476245056
3.46E-06,0.475483457
3.48E-06,0.474710742
3.50E-06,0.473926982
3.52E-06,0.473132247
3.54E-06,0.472326609
3.56E-06,0.471510138
3.58E-06,0.470682907
3.60E-06,0.469844987
3.62E-06,0.468996452
3.64E-06,0.468137373
3.66E-06,0.467267823
3.68E-06,0.466387877
3.70E-06,0.465497607
3.72E-06,0.464597089
3.74E-06,0.463686396
3.76E-06,0.462765602
3.78E-06,0.461834784
3.80E-06,0.460894016
3.82E-06,0.459943373
3.84E-06,0.458982933
3.86E-06,0.458012771
3.88E-06,0.457032964
3.90E-06,0.456043588
3.92E-06,0.455044721
3.94E-06,0.454036441
3.96E-06,0.453018824
3.98E-06,0.451991949
4.00E-06,0.450955895
4.02E-06,0.449910739
4.04E-06,0.448856561
4.06E-06,0.447793439
4.08E-06,0.446721454
4.10E-06,0.445640685
4.12E-06,0.444551211
4.14E-06,0.443453113
4.16E-06,0.442346471
4.18E-06,0.441231367
4.20E-06,0.44010788
4.22E-06,0.438976092
4.24E-06,0.437836085
4.26E-06,0.436687939
4.28E-06,0.435531737
4.30E-06,0.434367562
4.32E-06,0.433195494
4.34E-06,0.432015617
4.36E-06,0.430828014
4.38E-06,0.429632767
4.40E-06,0.42842996
4.42E-06,0.427219676
4.44E-06,0.426001998
4.46E-06,0.424777011
4.48E-06,0.423544797
4.50E-06,0.422305443
4.52E-06,0.421059031
4.54E-06,0.419805646
4.56E-06,0.418545373
4.58E-06,0.417278297
4.60E-06,0.416004503
4.62E-06,0.414724076
4.64E-06,0.413437102
4.66E-06,0.412143666
4.68E-06,0.410843854
4.70E-06,0.409537751
4.72E-06,0.408225444
4.74E-06,0.406907018
4.76E-06,0.405582561
4.78E-06,0.404252159
4.80E-06,0.402915897
4.82E-06,0.401573864
4.84E-06,0.400226145
4.86E-06,0.398872827
4.88E-06,0.397513999
4.90E-06,0.396149746
4.92E-06,0.394780157
4.94E-06,0.393405318
4.96E-06,0.392025317
4.98E-06,0.390640242
5.00E-06,0.389250181
5.02E-06,0.387855221
5.04E-06,0.38645545
5.06E-06,0.385050956
5.08E-06,0.383641828
5.10E-06,0.382228153
5.12E-06,0.38081002
5.14E-06,0.379387517
5.16E-06,0.377960732
5.18E-06,0.376529754
5.20E-06,0.375094671
5.22E-06,0.373655572
5.24E-06,0.372212545
5.26E-06,0.37076568
5.28E-06,0.369315064
5.30E-06,0.367860787
5.32E-06,0.366402936
5.34E-06,0.364941602
5.36E-06,0.363476873
5.38E-06,0.362008838
5.40E-06,0.360537585
5.42E-06,0.359063203
5.44E-06,0.357585782
5.46E-06,0.356105411
5.48E-06,0.354622177
5.50E-06,0.353136171
5.52E-06,0.351647481
5.54E-06,0.350156196
5.56E-06,0.348662405
5.58E-06,0.347166196
5.60E-06,0.34566766
5.62E-06,0.344166884
5.64E-06,0.342663957
5.66E-06,0.341158969
5.68E-06,0.339652007
5.70E-06,0.338143162
5.72E-06,0.336632521
5.74E-06,0.335120172
5.76E-06,0.333606206
5.78E-06,0.33209071
5.80E-06,0.330573773
5.82E-06,0.329055483
5.84E-06,0.327535928
5.86E-06,0.326015198
5.88E-06,0.32449338
5.90E-06,0.322970562
5.92E-06,0.321446832
5.94E-06,0.319922279
5.96E-06,0.318396991
5.98E-06,0.316871055
6.00E-06,0.315344559
6.02E-06,0.31381759
6.04E-06,0.312290237
6.06E-06,0.310762587
6.08E-06,0.309234726
6.10E-06,0.307706743
6.12E-06,0.306178724
6.14E-06,0.304650757
6.16E-06,0.303122928
6.18E-06,0.301595325
6.20E-06,0.300068033
6.22E-06,0.298541139
6.24E-06,0.29701473
6.26E-06,0.295488891
6.28E-06,0.29396371
6.30E-06,0.292439271
6.32E-06,0.290915661
6.34E-06,0.289392965
6.36E-06,0.287871268
6.38E-06,0.286350657
6.40E-06,0.284831216
6.42E-06,0.283313029
6.44E-06,0.281796183
6.46E-06,0.280280761
6.48E-06,0.278766848
6.50E-06,0.277254529
6.52E-06,0.275743886
6.54E-06,0.274235005
6.56E-06,0.272727968
6.58E-06,0.27122286
6.60E-06,0.269719763
6.62E-06,0.268218761
6.64E-06,0.266719937
6.66E-06,0.265223372
6.68E-06,0.263729151
6.70E-06,0.262237354
6.72E-06,0.260748064
6.74E-06,0.259261362
6.76E-06,0.257777331
6.78E-06,0.256296051
6.80E-06,0.254817604
6.82E-06,0.25334207
6.84E-06,0.25186953
6.86E-06,0.250400064
6.88E-06,0.248933753
6.90E-06,0.247470676
6.92E-06,0.246010913
6.94E-06,0.244554543
6.96E-06,0.243101646
6.98E-06,0.241652299
7.00E-06,0.240206582
7.02E-06,0.238764573
7.04E-06,0.23732635
7.06E-06,0.23589199
7.08E-06,0.234461571
7.10E-06,0.23303517
7.12E-06,0.231612864
7.14E-06,0.230194729
7.16E-06,0.228780842
7.18E-06,0.227371279
7.20E-06,0.225966115
7.22E-06,0.224565426
7.24E-06,0.223169286
7.26E-06,0.22177777
7.28E-06,0.220390954
7.30E-06,0.21900891
7.32E-06,0.217631713
7.34E-06,0.216259436
7.36E-06,0.214892152
7.38E-06,0.213529934
7.40E-06,0.212172855
7.42E-06,0.210820986
7.44E-06,0.209474399
7.46E-06,0.208133166
7.48E-06,0.206797358
7.50E-06,0.205467046
7.52E-06,0.204142299
7.54E-06,0.202823189
7.56E-06,0.201509784
7.58E-06,0.200202154
7.60E-06,0.198900368
7.62E-06,0.197604494
7.64E-06,0.196314601
7.66E-06,0.195030757
7.68E-06,0.193753029
7.70E-06,0.192481483
7.72E-06,0.191216188
7.74E-06,0.189957209
7.76E-06,0.188704611
7.78E-06,0.187458462
7.80E-06,0.186218825
7.82E-06,0.184985765
7.84E-06,0.183759348
7.86E-06,0.182539636
7.88E-06,0.181326694
7.90E-06,0.180120584
7.92E-06,0.17892137
7.94E-06,0.177729113
7.96E-06,0.176543876
7.98E-06,0.17536572
8.00E-06,0.174194706
8.02E-06,0.173030896
8.04E-06,0.171874348
8.06E-06,0.170725123
8.08E-06,0.16958328
8.10E-06,0.168448879
8.12E-06,0.167321978
8.14E-06,0.166202634
8.16E-06,0.165090906
8.18E-06,0.163986851
8.20E-06,0.162890525
8.22E-06,0.161801985
8.24E-06,0.160721287
8.26E-06,0.159648487
8.28E-06,0.158583638
8.30E-06,0.157526796
8.32E-06,0.156478015
8.34E-06,0.155437348
8.36E-06,0.154404849
8.38E-06,0.153380569
8.40E-06,0.152364563
8.42E-06,0.15135688
8.44E-06,0.150357573
8.46E-06,0.149366692
8.48E-06,0.148384288
8.50E-06,0.14741041
8.52E-06,0.146445107
8.54E-06,0.14548843
8.56E-06,0.144540425
8.58E-06,0.143601142
8.60E-06,0.142670627
8.62E-06,0.141748928
8.64E-06,0.14083609
8.66E-06,0.13993216
8.68E-06,0.139037184
8.70E-06,0.138151206
8.72E-06,0.13727427
8.74E-06,0.136406422
8.76E-06,0.135547703
8.78E-06,0.134698158
8.80E-06,0.133857829
8.82E-06,0.133026757
8.84E-06,0.132204984
8.86E-06,0.131392551
8.88E-06,0.130589499
8.90E-06,0.129795867
8.92E-06,0.129011695
8.94E-06,0.128237022
8.96E-06,0.127471885
8.98E-06,0.126716324
9.00E-06,0.125970374
9.02E-06,0.125234074
9.04E-06,0.124507459
9.06E-06,0.123790565
9.08E-06,0.123083427
9.10E-06,0.12238608
9.12E-06,0.121698558
9.14E-06,0.121020895
9.16E-06,0.120353123
9.18E-06,0.119695276
9.20E-06,0.119047385
9.22E-06,0.118409482
9.24E-06,0.117781598
9.26E-06,0.117163763
9.28E-06,0.116556007
9.30E-06,0.115958359
9.32E-06,0.115370849
9.34E-06,0.114793504
9.36E-06,0.114226351
9.38E-06,0.113669419
9.40E-06,0.113122734
9.42E-06,0.112586321
9.44E-06,0.112060207
9.46E-06,0.111544416
9.48E-06,0.111038972
9.50E-06,0.110543899
9.52E-06,0.110059222
9.54E-06,0.109584961
9.56E-06,0.10912114
9.58E-06,0.108667781
9.60E-06,0.108224903
9.62E-06,0.107792528
9.64E-06,0.107370675
9.66E-06,0.106959364
9.68E-06,0.106558614
9.70E-06,0.106168443
9.72E-06,0.105788869
9.74E-06,0.105419908
9.76E-06,0.105061577
9.78E-06,0.104713893
9.80E-06,0.10437687
9.82E-06,0.104050523
9.84E-06,0.103734867
9.86E-06,0.103429916
9.88E-06,0.103135682
9.90E-06,0.102852178
9.92E-06,0.102579416
9.94E-06,0.102317408
9.96E-06,0.102066164
9.98E-06,0.101825695
1.00E-05,0.10159601
1.00E-05,0.101377119
1.00E-05,0.10116903
1.01E-05,0.10097175
1.01E-05,0.100785289
1.01E-05,0.100609651
1.01E-05,0.100444845
1.01E-05,0.100290874
1.02E-05,0.100147745
1.02E-05,0.100015462
1.02E-05,0.09989403
1.02E-05,0.09978345
1.02E-05,0.099683727
1.03E-05,0.099594862
1.03E-05,0.099516857
1.03E-05,0.099449714
1.03E-05,0.099393432
1.03E-05,0.099348012
1.04E-05,0.099313454
1.04E-05,0.099289755
1.04E-05,0.099276915
1.04E-05,0.09927493
1.04E-05,0.099283798
1.05E-05,0.099303516
1.05E-05,0.099334079
1.05E-05,0.099375483
1.05E-05,0.099427722
1.05E-05,0.099490791
1.06E-05,0.099564684
1.06E-05,0.099649393
1.06E-05,0.099744911
1.06E-05,0.09985123
1.06E-05,0.099968341
1.07E-05,0.100096235
1.07E-05,0.100234902
1.07E-05,0.100384332
1.07E-05,0.100544515
1.07E-05,0.100715437
1.08E-05,0.100897088
1.08E-05,0.101089455
1.08E-05,0.101292524
1.08E-05,0.101506282
1.08E-05,0.101730714
1.09E-05,0.101965806
1.09E-05,0.102211542
1.09E-05,0.102467906
1.09E-05,0.102734881
1.09E-05,0.103012451
1.10E-05,0.103300597
1.10E-05,0.103599301
1.10E-05,0.103908545
1.10E-05,0.104228308
1.10E-05,0.104558572
1.11E-05,0.104899315
1.11E-05,0.105250516
1.11E-05,0.105612154
1.11E-05,0.105984207
1.11E-05,0.106366651
1.12E-05,0.106759464
1.12E-05,0.107162621
1.12E-05,0.107576099
1.12E-05,0.107999871
1.12E-05,0.108433914
1.13E-05,0.1088782
1.13E-05,0.109332703
1.13E-05,0.109797396
1.13E-05,0.110272251
1.13E-05,0.11075724
1.14E-05,0.111252334
1.14E-05,0.111757503
1.14E-05,0.112272719
1.14E-05,0.11279795
1.14E-05,0.113333166
1.15E-05,0.113878335
1.15E-05,0.114433424
1.15E-05,0.114998402
1.15E-05,0.115573236
1.15E-05,0.116157891
1.16E-05,0.116752334
1.16E-05,0.11735653
1.16E-05,0.117970443
1.16E-05,0.118594038
1.16E-05,0.11922728
1.17E-05,0.11987013
1.17E-05,0.120522551
1.17E-05,0.121184507
1.17E-05,0.121855958
1.17E-05,0.122536865
1.18E-05,0.12322719
1.18E-05,0.123926893
1.18E-05,0.124635932
1.18E-05,0.125354267
1.18E-05,0.126081857
1.19E-05,0.12681866
1.19E-05,0.127564634
1.19E-05,0.128319734
1.19E-05,0.129083919
1.19E-05,0.129857144
1.20E-05,0.130639365
1.20E-05,0.131430536
1.20E-05,0.132230613
1.20E-05,0.133039549
1.20E-05,0.133857299
1.21E-05,0.134683815
1.21E-05,0.135519049
1.21E-05,0.136362955
1.21E-05,0.137215484
1.21E-05,0.138076587
1.22E-05,0.138946214
1.22E-05,0.139824317
1.22E-05,0.140710844
1.22E-05,0.141605745
1.22E-05,0.142508969
1.23E-05,0.143420465
1.23E-05,0.14434018
1.23E-05,0.145268062
1.23E-05,0.146204057
1.23E-05,0.147148112
1.24E-05,0.148100174
1.24E-05,0.149060188
1.24E-05,0.150028099
1.24E-05,0.151003852
1.24E-05,0.151987391
1.25E-05,0.15297866
1.25E-05,0.153977602
1.25E-05,0.154984161
1.25E-05,0.155998279
1.25E-05,0.157019897
1.26E-05,0.158048959
1.26E-05,0.159085404
1.26E-05,0.160129174
1.26E-05,0.16118021
1.26E-05,0.16223845
1.27E-05,0.163303835
1.27E-05,0.164376304
1.27E-05,0.165455795
1.27E-05,0.166542247
1.27E-05,0.167635598
1.28E-05,0.168735785
1.28E-05,0.169842746
1.28E-05,0.170956416
1.28E-05,0.172076733
1.28E-05,0.173203632
1.29E-05,0.174337048
1.29E-05,0.175476918
1.29E-05,0.176623175
1.29E-05,0.177775754
1.29E-05,0.178934588
1.30E-05,0.180099613
1.30E-05,0.18127076
1.30E-05,0.182447962
1.30E-05,0.183631153
1.30E-05,0.184820264
1.31E-05,0.186015227
1.31E-05,0.187215973
1.31E-05,0.188422433
1.31E-05,0.189634538
1.31E-05,0.190852219
1.32E-05,0.192075405
1.32E-05,0.193304025
1.32E-05,0.19453801
1.32E-05,0.195777288
1.32E-05,0.197021788
1.33E-05,0.198271438
1.33E-05,0.199526165
1.33E-05,0.200785899
1.33E-05,0.202050565
1.33E-05,0.203320091
1.34E-05,0.204594403
1.34E-05,0.205873428
1.34E-05,0.207157092
1.34E-05,0.20844532
1.34E-05,0.209738039
1.35E-05,0.211035172
1.35E-05,0.212336645
1.35E-05,0.213642383
1.35E-05,0.214952309
1.35E-05,0.216266347
1.36E-05,0.217584422
1.36E-05,0.218906456
1.36E-05,0.220232373
1.36E-05,0.221562095
1.36E-05,0.222895545
1.37E-05,0.224232644
1.37E-05,0.225573316
1.37E-05,0.226917482
1.37E-05,0.228265063
1.37E-05,0.229615981
1.38E-05,0.230970156
1.38E-05,0.232327509
1.38E-05,0.23368796
1.38E-05,0.235051431
1.38E-05,0.23641784
1.39E-05,0.237787108
1.39E-05,0.239159153
1.39E-05,0.240533896
1.39E-05,0.241911256
1.39E-05,0.24329115
1.40E-05,0.244673498
1.40E-05,0.246058218
1.40E-05,0.247445229
1.40E-05,0.248834448
1.40E-05,0.250225792
1.41E-05,0.251619181
1.41E-05,0.25301453
1.41E-05,0.254411757
1.41E-05,0.25581078
1.41E-05,0.257211514
1.42E-05,0.258613877
1.42E-05,0.260017784
1.42E-05,0.261423153
1.42E-05,0.262829899
1.42E-05,0.264237938
1.43E-05,0.265647186
1.43E-05,0.267057558
1.43E-05,0.26846897
1.43E-05,0.269881337
1.43E-05,0.271294574
1.44E-05,0.272708597
1.44E-05,0.274123319
1.44E-05,0.275538656
1.44E-05,0.276954522
1.44E-05,0.278370832
1.45E-05,0.279787499
1.45E-05,0.281204439
1.45E-05,0.282621564
1.45E-05,0.28403879
1.45E-05,0.285456029
1.46E-05,0.286873195
1.46E-05,0.288290202
1.46E-05,0.289706964
1.46E-05,0.291123394
1.46E-05,0.292539404
1.47E-05,0.293954909
1.47E-05,0.295369821
1.47E-05,0.296784053
1.47E-05,0.298197519
1.47E-05,0.299610131
1.48E-05,0.301021801
1.48E-05,0.302432443
1.48E-05,0.30384197
1.48E-05,0.305250292
1.48E-05,0.306657325
1.49E-05,0.308062979
1.49E-05,0.309467167
1.49E-05,0.310869801
1.49E-05,0.312270795
1.49E-05,0.313670059
1.50E-05,0.315067507
1.50E-05,0.31646305
1.50E-05,0.3178566
1.50E-05,0.319248071
1.50E-05,0.320637374
1.51E-05,0.32202442
1.51E-05,0.323409123
1.51E-05,0.324791394
1.51E-05,0.326171145
1.51E-05,0.327548289
1.52E-05,0.328922737
1.52E-05,0.330294402
1.52E-05,0.331663196
1.52E-05,0.33302903
1.52E-05,0.334391817
1.53E-05,0.335751469
1.53E-05,0.337107899
1.53E-05,0.338461018
1.53E-05,0.339810738
1.53E-05,0.341156973
1.54E-05,0.342499633
1.54E-05,0.343838633
1.54E-05,0.345173883
1.54E-05,0.346505296
1.54E-05,0.347832786
1.55E-05,0.349156264
1.55E-05,0.350475643
1.55E-05,0.351790836
1.55E-05,0.353101755
1.55E-05,0.354408314
1.56E-05,0.355710425
1.56E-05,0.357008002
1.56E-05,0.358300956
1.56E-05,0.359589203
1.56E-05,0.360872654
1.57E-05,0.362151223
1.57E-05,0.363424824
1.57E-05,0.36469337
1.57E-05,0.365956775
1.57E-05,0.367214952
1.58E-05,0.368467816
1.58E-05,0.369715281
1.58E-05,0.37095726
1.58E-05,0.372193668
1.58E-05,0.37342442
1.59E-05,0.374649429
1.59E-05,0.375868611
1.59E-05,0.37708188
1.59E-05,0.378289152
1.59E-05,0.379490341
1.60E-05,0.380685362
1.60E-05,0.381874132
1.60E-05,0.383056565
1.60E-05,0.384232577
1.60E-05,0.385402085
1.61E-05,0.386565004
1.61E-05,0.387721251
1.61E-05,0.388870742
1.61E-05,0.390013393
1.61E-05,0.391149122
1.62E-05,0.392277845
1.62E-05,0.39339948
1.62E-05,0.394513943
1.62E-05,0.395621154
1.62E-05,0.396721028
1.63E-05,0.397813485
1.63E-05,0.398898443
1.63E-05,0.399975819
1.63E-05,0.401045533
1.63E-05,0.402107503
1.64E-05,0.403161649
1.64E-05,0.40420789
1.64E-05,0.405246145
1.64E-05,0.406276334
1.64E-05,0.407298377
1.65E-05,0.408312195
1.65E-05,0.409317708
1.65E-05,0.410314836
1.65E-05,0.411303501
1.65E-05,0.412283624
1.66E-05,0.413255127
1.66E-05,0.414217931
1.66E-05,0.415171958
1.66E-05,0.416117131
1.66E-05,0.417053373
1.67E-05,0.417980605
1.67E-05,0.418898753
1.67E-05,0.419807738
1.67E-05,0.420707485
1.67E-05,0.421597917
1.68E-05,0.422478959
1.68E-05,0.423350537
1.68E-05,0.424212573
1.68E-05,0.425064995
1.68E-05,0.425907727
1.69E-05,0.426740695
1.69E-05,0.427563826
1.69E-05,0.428377046
1.69E-05,0.429180281
1.69E-05,0.42997346
1.70E-05,0.430756509
1.70E-05,0.431529356
1.70E-05,0.43229193
1.70E-05,0.433044158
1.70E-05,0.43378597
1.71E-05,0.434517296
1.71E-05,0.435238063
1.71E-05,0.435948203
1.71E-05,0.436647645
1.71E-05,0.437336321
1.72E-05,0.43801416
1.72E-05,0.438681095
1.72E-05,0.439337057
1.72E-05,0.439981978
1.72E-05,0.440615791
1.73E-05,0.441238428
1.73E-05,0.441849822
1.73E-05,0.442449908
1.73E-05,0.443038618
1.73E-05,0.443615888
1.74E-05,0.444181652
1.74E-05,0.444735845
1.74E-05,0.445278403
1.74E-05,0.445809262
1.74E-05,0.446328358
1.75E-05,0.446835627
1.75E-05,0.447331008
1.75E-05,0.447814437
1.75E-05,0.448285852
1.75E-05,0.448745192
1.76E-05,0.449192396
1.76E-05,0.449627402
1.76E-05,0.450050152
1.76E-05,0.450460583
1.76E-05,0.450858638
1.77E-05,0.451244257
1.77E-05,0.451617382
1.77E-05,0.451977954
1.77E-05,0.452325916
1.77E-05,0.45266121
1.78E-05,0.452983779
1.78E-05,0.453293568
1.78E-05,0.45359052
1.78E-05,0.45387458
1.78E-05,0.454145692
1.79E-05,0.454403803
1.79E-05,0.454648858
1.79E-05,0.454880804
1.79E-05,0.455099587
1.79E-05,0.455305155
1.80E-05,0.455497456
1.80E-05,0.455676438
1.80E-05,0.455842049
1.80E-05,0.455994239
1.80E-05,0.456132958
1.81E-05,0.456258156
1.81E-05,0.456369783
1.81E-05,0.456467791
1.81E-05,0.456552132
1.81E-05,0.456622757
1.82E-05,0.45667962
1.82E-05,0.456722673
1.82E-05,0.456751871
1.82E-05,0.456767167
1.82E-05,0.456768516
1.83E-05,0.456755874
1.83E-05,0.456729196
1.83E-05,0.456688438
1.83E-05,0.456633558
1.83E-05,0.456564512
1.84E-05,0.456481258
1.84E-05,0.456383755
1.84E-05,0.456271961
1.84E-05,0.456145837
1.84E-05,0.456005341
1.85E-05,0.455850434
1.85E-05,0.455681077
1.85E-05,0.455497233
1.85E-05,0.455298861
1.85E-05,0.455085927
1.86E-05,0.454858391
1.86E-05,0.454616219
1.86E-05,0.454359375
1.86E-05,0.454087822
1.86E-05,0.453801527
1.87E-05,0.453500455
1.87E-05,0.453184573
1.87E-05,0.452853847
1.87E-05,0.452508246
1.87E-05,0.452147737
1.88E-05,0.45177229
1.88E-05,0.451381872
1.88E-05,0.450976454
1.88E-05,0.450556007
1.88E-05,0.4501205
1.89E-05,0.449669907
1.89E-05,0.449204198
1.89E-05,0.448723346
1.89E-05,0.448227325
1.89E-05,0.447716108
1.90E-05,0.447189669
1.90E-05,0.446647984
1.90E-05,0.446091028
1.90E-05,0.445518777
1.90E-05,0.444931208
1.91E-05,0.444328297
1.91E-05,0.443710024
1.91E-05,0.443076365
1.91E-05,0.4424273
1.91E-05,0.441762809
1.92E-05,0.441082872
1.92E-05,0.440387469
1.92E-05,0.439676582
1.92E-05,0.438950193
1.92E-05,0.438208284
1.93E-05,0.437450839
1.93E-05,0.436677841
1.93E-05,0.435889274
1.93E-05,0.435085123
1.93E-05,0.434265375
1.94E-05,0.433430015
1.94E-05,0.432579029
1.94E-05,0.431712405
1.94E-05,0.430830131
1.94E-05,0.429932196
1.95E-05,0.429018588
1.95E-05,0.428089298
1.95E-05,0.427144315
1.95E-05,0.426183631
1.95E-05,0.425207237
1.96E-05,0.424215126
1.96E-05,0.423207289
1.96E-05,0.422183721
1.96E-05,0.421144416
1.96E-05,0.420089367
1.97E-05,0.419018571
1.97E-05,0.417932023
1.97E-05,0.41682972
1.97E-05,0.415711658
1.97E-05,0.414577835
1.98E-05,0.413428251
1.98E-05,0.412262902
1.98E-05,0.41108179
1.98E-05,0.409884914
1.98E-05,0.408672275
1.99E-05,0.407443875
1.99E-05,0.406199714
1.99E-05,0.404939797
1.99E-05,0.403664126
1.99E-05,0.402372705
2.00E-05,0.401065538
2.00E-05,0.399742631
2.00E-05,0.39840399
2.00E-05,0.39704962
2.00E-05,0.395679529
2.01E-05,0.394293724
2.01E-05,0.392892213
2.01E-05,0.391475006
2.01E-05,0.390042112
2.01E-05,0.38859354
2.02E-05,0.387129302
2.02E-05,0.385649408
2.02E-05,0.384153871
2.02E-05,0.382642703
2.02E-05,0.381115918
2.03E-05,0.379573529
2.03E-05,0.378015551
2.03E-05,0.376441998
2.03E-05,0.374852887
2.03E-05,0.373248233
2.04E-05,0.371628054
2.04E-05,0.369992367
2.04E-05,0.36834119
2.04E-05,0.366674542
2.04E-05,0.364992442
2.05E-05,0.363294911
2.05E-05,0.361581968
2.05E-05,0.359853636
2.05E-05,0.358109936
2.05E-05,0.35635089
2.06E-05,0.354576522
2.06E-05,0.352786856
2.06E-05,0.350981915
2.06E-05,0.349161724
2.06E-05,0.34732631
2.07E-05,0.345475698
2.07E-05,0.343609916
2.07E-05,0.34172899
2.07E-05,0.339832948
2.07E-05,0.33792182
2.08E-05,0.335995634
2.08E-05,0.334054421
2.08E-05,0.33209821
2.08E-05,0.330127033
2.08E-05,0.328140922
2.09E-05,0.326139908
2.09E-05,0.324124025
2.09E-05,0.322093307
2.09E-05,0.320047787
2.09E-05,0.3179875
2.10E-05,0.315912481
2.10E-05,0.313822767
2.10E-05,0.311718393
2.10E-05,0.309599397
2.10E-05,0.307465818
2.11E-05,0.305317692
2.11E-05,0.303155059
2.11E-05,0.300977959
2.11E-05,0.298786431
2.11E-05,0.296580517
2.12E-05,0.294360257
2.12E-05,0.292125694
2.12E-05,0.289876869
2.12E-05,0.287613827
2.12E-05,0.285336611
2.13E-05,0.283045264
2.13E-05,0.280739833
2.13E-05,0.278420362
2.13E-05,0.276086897
2.13E-05,0.273739485
2.14E-05,0.271378173
2.14E-05,0.269003009
2.14E-05,0.266614041
2.14E-05,0.264211318
2.14E-05,0.26179489
2.15E-05,0.259364806
2.15E-05,0.256921118
2.15E-05,0.254463876
2.15E-05,0.251993132
2.15E-05,0.249508939
2.16E-05,0.247011349
2.16E-05,0.244500416
2.16E-05,0.241976194
2.16E-05,0.239438737
2.16E-05,0.236888101
2.17E-05,0.234324342
2.17E-05,0.231747515
2.17E-05,0.229157677
2.17E-05,0.226554887
2.17E-05,0.223939201
2.18E-05,0.221310678
2.18E-05,0.218669377
2.18E-05,0.216015358
2.18E-05,0.213348681
2.18E-05,0.210669406
2.19E-05,0.207977595
2.19E-05,0.205273309
2.19E-05,0.202556611
2.19E-05,0.199827563
2.19E-05,0.197086228
2.20E-05,0.194332671
2.20E-05,0.191566956
2.20E-05,0.188789148
2.20E-05,0.185999312
2.20E-05,0.183197514
2.21E-05,0.18038382
2.21E-05,0.177558298
2.21E-05,0.174721015
2.21E-05,0.171872039
2.21E-05,0.169011438
2.22E-05,0.166139281
2.22E-05,0.163255639
2.22E-05,0.16036058
2.22E-05,0.157454176
2.22E-05,0.154536498
2.23E-05,0.151607616
2.23E-05,0.148667603
2.23E-05,0.145716532
2.23E-05,0.142754475
2.23E-05,0.139781506
2.24E-05,0.136797699
2.24E-05,0.133803128
2.24E-05,0.130797868
2.24E-05,0.127781994
2.24E-05,0.124755583
2.25E-05,0.121718711
2.25E-05,0.118671454
2.25E-05,0.115613889
2.25E-05,0.112546095
2.25E-05,0.10946815
2.26E-05,0.106380131
2.26E-05,0.103282119
2.26E-05,0.100174193
2.26E-05,0.097056433
2.26E-05,0.093928918
2.27E-05,0.090791731
2.27E-05,0.087644952
2.27E-05,0.084488664
2.27E-05,0.081322948
2.27E-05,0.078147886
2.28E-05,0.074963563
2.28E-05,0.071770061
2.28E-05,0.068567465
2.28E-05,0.065355858
2.28E-05,0.062135325
2.29E-05,0.058905953
2.29E-05,0.055667825
2.29E-05,0.052421028
2.29E-05,0.049165649
2.29E-05,0.045901775
2.30E-05,0.042629491
2.30E-05,0.039348887
2.30E-05,0.03606005
2.30E-05,0.032763068
2.30E-05,0.02945803
2.31E-05,0.026145026
2.31E-05,0.022824144
2.31E-05,0.019495475
2.31E-05,0.016159109
2.31E-05,0.012815136
2.32E-05,0.009463649
2.32E-05,0.006104737
2.32E-05,0.002738493
2.32E-05,-0.000634992
2.32E-05,-0.004015623
2.33E-05,-0.00740331
2.33E-05,-0.010797959
2.33E-05,-0.014199476
2.33E-05,-0.017607767
2.33E-05,-0.021022738
2.34E-05,-0.024444295
2.34E-05,-0.027872343
2.34E-05,-0.031306786
2.34E-05,-0.03474753
2.34E-05,-0.038194477
2.35E-05,-0.041647533
2.35E-05,-0.045106601
2.35E-05,-0.048571583
2.35E-05,-0.052042383
2.35E-05,-0.055518903
2.36E-05,-0.059001046
2.36E-05,-0.062488714
2.36E-05,-0.065981808
2.36E-05,-0.069480229
2.36E-05,-0.072983879
2.37E-05,-0.076492659
2.37E-05,-0.08000647
2.37E-05,-0.083525211
2.37E-05,-0.087048782
2.37E-05,-0.090577083
2.38E-05,-0.094110014
2.38E-05,-0.097647474
2.38E-05,-0.101189362
2.38E-05,-0.104735577
2.38E-05,-0.108286016
2.39E-05,-0.111840578
2.39E-05,-0.115399162
2.39E-05,-0.118961664
2.39E-05,-0.122527982
2.39E-05,-0.126098014
2.40E-05,-0.129671656
2.40E-05,-0.133248805
2.40E-05,-0.136829358
2.40E-05,-0.140413211
2.40E-05,-0.14400026
2.41E-05,-0.1475904
2.41E-05,-0.151183529
2.41E-05,-0.154779541
2.41E-05,-0.158378331
2.41E-05,-0.161979794
2.42E-05,-0.165583826
2.42E-05,-0.169190321
2.42E-05,-0.172799174
2.42E-05,-0.176410278
2.42E-05,-0.180023528
2.43E-05,-0.183638819
2.43E-05,-0.187256043
2.43E-05,-0.190875095
2.43E-05,-0.194495867
2.43E-05,-0.198118254
2.44E-05,-0.201742148
2.44E-05,-0.205367442
2.44E-05,-0.20899403
2.44E-05,-0.212621803
2.44E-05,-0.216250655
2.45E-05,-0.219880478
2.45E-05,-0.223511164
2.45E-05,-0.227142606
2.45E-05,-0.230774695
2.45E-05,-0.234407323
2.46E-05,-0.238040383
2.46E-05,-0.241673765
2.46E-05,-0.245307362
2.46E-05,-0.248941065
2.46E-05,-0.252574765
2.47E-05,-0.256208354
2.47E-05,-0.259841723
2.47E-05,-0.263474763
2.47E-05,-0.267107364
2.47E-05,-0.270739419
2.48E-05,-0.274370817
2.48E-05,-0.27800145
2.48E-05,-0.281631209
2.48E-05,-0.285259983
2.48E-05,-0.288887664
2.49E-05,-0.292514142
2.49E-05,-0.296139307
2.49E-05,-0.299763051
2.49E-05,-0.303385262
2.49E-05,-0.307005833
2.50E-05,-0.310624653
2.50E-05,-0.314241612
2.50E-05,-0.3178566
2.50E-05,-0.321469509
2.50E-05,-0.325080227
2.51E-05,-0.328688646
2.51E-05,-0.332294655
2.51E-05,-0.335898145
2.51E-05,-0.339499005
2.51E-05,-0.343097126
2.52E-05,-0.346692398
2.52E-05,-0.350284712
2.52E-05,-0.353873957
2.52E-05,-0.357460023
2.52E-05,-0.361042801
2.53E-05,-0.364622181
2.53E-05,-0.368198053
2.53E-05,-0.371770308
2.53E-05,-0.375338836
2.53E-05,-0.378903527
2.54E-05,-0.382464272
2.54E-05,-0.386020961
2.54E-05,-0.389573485
2.54E-05,-0.393121734
2.54E-05,-0.396665598
2.55E-05,-0.400204969
2.55E-05,-0.403739738
2.55E-05,-0.407269794
2.55E-05,-0.41079503
2.55E-05,-0.414315335
2.56E-05,-0.417830602
2.56E-05,-0.421340721
2.56E-05,-0.424845583
2.56E-05,-0.42834508
2.56E-05,-0.431839103
2.57E-05,-0.435327544
2.57E-05,-0.438810294
2.57E-05,-0.442287246
2.57E-05,-0.44575829
2.57E-05,-0.449223319
2.58E-05,-0.452682226
2.58E-05,-0.456134902
2.58E-05,-0.45958124
2.58E-05,-0.463021132
2.58E-05,-0.46645447
2.59E-05,-0.469881149
2.59E-05,-0.47330106
2.59E-05,-0.476714097
2.59E-05,-0.480120153
2.59E-05,-0.483519121
2.60E-05,-0.486910895
2.60E-05,-0.490295369
2.60E-05,-0.493672436
2.60E-05,-0.497041991
2.60E-05,-0.500403927
2.61E-05,-0.503758141
2.61E-05,-0.507104525
2.61E-05,-0.510442974
2.61E-05,-0.513773385
2.61E-05,-0.517095651
2.62E-05,-0.520409669
2.62E-05,-0.523715334
2.62E-05,-0.527012542
2.62E-05,-0.530301188
2.62E-05,-0.53358117
2.63E-05,-0.536852383
2.63E-05,-0.540114724
2.63E-05,-0.543368091
2.63E-05,-0.546612379
2.63E-05,-0.549847488
2.64E-05,-0.553073314
2.64E-05,-0.556289755
2.64E-05,-0.55949671
2.64E-05,-0.562694076
2.64E-05,-0.565881753
2.65E-05,-0.569059639
2.65E-05,-0.572227633
2.65E-05,-0.575385636
2.65E-05,-0.578533546
2.65E-05,-0.581671263
2.66E-05,-0.584798688
2.66E-05,-0.587915721
2.66E-05,-0.591022264
2.66E-05,-0.594118216
2.66E-05,-0.597203481
2.67E-05,-0.600277958
2.67E-05,-0.603341551
2.67E-05,-0.606394161
2.67E-05,-0.609435691
2.67E-05,-0.612466044
2.68E-05,-0.615485124
2.68E-05,-0.618492833
2.68E-05,-0.621489076
2.68E-05,-0.624473757
2.68E-05,-0.62744678
2.69E-05,-0.630408051
2.69E-05,-0.633357473
2.69E-05,-0.636294954
2.69E-05,-0.639220398
2.69E-05,-0.642133712
2.70E-05,-0.645034803
2.70E-05,-0.647923577
2.70E-05,-0.650799942
2.70E-05,-0.653663805
2.70E-05,-0.656515074
2.71E-05,-0.659353659
2.71E-05,-0.662179466
2.71E-05,-0.664992406
2.71E-05,-0.667792388
2.71E-05,-0.670579321
2.72E-05,-0.673353117
2.72E-05,-0.676113685
2.72E-05,-0.678860937
2.72E-05,-0.681594785
2.72E-05,-0.684315139
2.73E-05,-0.687021912
2.73E-05,-0.689715017
2.73E-05,-0.692394367
2.73E-05,-0.695059874
2.73E-05,-0.697711454
2.74E-05,-0.700349021
2.74E-05,-0.702972488
2.74E-05,-0.705581771
2.74E-05,-0.708176786
2.74E-05,-0.710757448
2.75E-05,-0.713323675
2.75E-05,-0.715875382
2.75E-05,-0.718412487
2.75E-05,-0.720934908
2.75E-05,-0.723442562
2.76E-05,-0.72593537
2.76E-05,-0.728413248
2.76E-05,-0.730876118
2.76E-05,-0.733323899
2.76E-05,-0.735756511
2.77E-05,-0.738173876
2.77E-05,-0.740575914
2.77E-05,-0.742962548
2.77E-05,-0.745333699
2.77E-05,-0.747689291
2.78E-05,-0.750029246
2.78E-05,-0.75235349
2.78E-05,-0.754661944
2.78E-05,-0.756954535
2.78E-05,-0.759231188
2.79E-05,-0.761491828
2.79E-05,-0.763736381
2.79E-05,-0.765964775
2.79E-05,-0.768176935
2.79E-05,-0.77037279
2.80E-05,-0.772552269
2.80E-05,-0.774715299
2.80E-05,-0.77686181
2.80E-05,-0.778991731
2.80E-05,-0.781104994
2.81E-05,-0.783201528
2.81E-05,-0.785281264
2.81E-05,-0.787344136
2.81E-05,-0.789390074
2.81E-05,-0.791419012
2.82E-05,-0.793430883
2.82E-05,-0.795425621
2.82E-05,-0.79740316
2.82E-05,-0.799363436
2.82E-05,-0.801306384
2.83E-05,-0.80323194
2.83E-05,-0.80514004
2.83E-05,-0.807030622
2.83E-05,-0.808903624
2.83E-05,-0.810758983
2.84E-05,-0.812596639
2.84E-05,-0.814416531
2.84E-05,-0.816218598
2.84E-05,-0.818002782
2.84E-05,-0.819769024
2.85E-05,-0.821517264
2.85E-05,-0.823247445
2.85E-05,-0.824959511
2.85E-05,-0.826653404
2.85E-05,-0.828329068
2.86E-05,-0.829986447
2.86E-05,-0.831625488
2.86E-05,-0.833246135
2.86E-05,-0.834848334
2.86E-05,-0.836432034
2.87E-05,-0.83799718
2.87E-05,-0.839543721
2.87E-05,-0.841071605
2.87E-05,-0.842580782
2.87E-05,-0.844071202
2.88E-05,-0.845542814
2.88E-05,-0.84699557
2.88E-05,-0.848429422
2.88E-05,-0.849844321
2.88E-05,-0.851240221
2.89E-05,-0.852617074
2.89E-05,-0.853974836
2.89E-05,-0.855313459
2.89E-05,-0.8566329
2.89E-05,-0.857933115
2.90E-05,-0.859214059
2.90E-05,-0.86047569
2.90E-05,-0.861717966
2.90E-05,-0.862940845
2.90E-05,-0.864144286
2.91E-05,-0.865328248
2.91E-05,-0.866492692
2.91E-05,-0.867637578
2.91E-05,-0.868762868
2.91E-05,-0.869868523
2.92E-05,-0.870954508
2.92E-05,-0.872020784
2.92E-05,-0.873067316
2.92E-05,-0.874094068
2.92E-05,-0.875101006
2.93E-05,-0.876088096
2.93E-05,-0.877055303
2.93E-05,-0.878002596
2.93E-05,-0.878929942
2.93E-05,-0.879837308
2.94E-05,-0.880724666
2.94E-05,-0.881591983
2.94E-05,-0.882439231
2.94E-05,-0.88326638
2.94E-05,-0.884073402
2.95E-05,-0.88486027
2.95E-05,-0.885626956
2.95E-05,-0.886373434
2.95E-05,-0.887099679
2.95E-05,-0.887805664
2.96E-05,-0.888491366
2.96E-05,-0.889156761
2.96E-05,-0.889801826
2.96E-05,-0.890426537
2.96E-05,-0.891030875
2.97E-05,-0.891614817
2.97E-05,-0.892178342
2.97E-05,-0.892721432
2.97E-05,-0.893244066
2.97E-05,-0.893746227
2.98E-05,-0.894227896
2.98E-05,-0.894689056
2.98E-05,-0.895129691
2.98E-05,-0.895549785
2.98E-05,-0.895949322
2.99E-05,-0.896328289
2.99E-05,-0.896686671
2.99E-05,-0.897024455
2.99E-05,-0.897341628
2.99E-05,-0.897638179
3.00E-05,-0.897914097
3.00E-05,-0.89816937
3.00E-05,-0.89840399
3.00E-05,-0.898617946
3.00E-05,-0.898811231
3.01E-05,-0.898983837
3.01E-05,-0.899135756
3.01E-05,-0.899266981
3.01E-05,-0.899377508
3.01E-05,-0.89946733
3.02E-05,-0.899536444
3.02E-05,-0.899584845
3.02E-05,-0.899612531
3.02E-05,-0.899619498
3.02E-05,-0.899605746
3.03E-05,-0.899571272
3.03E-05,-0.899516077
3.03E-05,-0.899440161
3.03E-05,-0.899343524
3.03E-05,-0.899226169
3.04E-05,-0.899088096
3.04E-05,-0.89892931
3.04E-05,-0.898749814
3.04E-05,-0.898549611
3.04E-05,-0.898328708
3.05E-05,-0.898087109
3.05E-05,-0.897824821
3.05E-05,-0.897541851
3.05E-05,-0.897238206
3.05E-05,-0.896913894
3.06E-05,-0.896568925
3.06E-05,-0.896203308
3.06E-05,-0.895817054
3.06E-05,-0.895410172
3.06E-05,-0.894982676
3.07E-05,-0.894534577
3.07E-05,-0.894065888
3.07E-05,-0.893576623
3.07E-05,-0.893066796
3.07E-05,-0.892536422
3.08E-05,-0.891985516
3.08E-05,-0.891414096
3.08E-05,-0.890822177
3.08E-05,-0.890209778
3.08E-05,-0.889576917
3.09E-05,-0.888923612
3.09E-05,-0.888249884
3.09E-05,-0.887555752
3.09E-05,-0.886841237
3.09E-05,-0.886106362
3.10E-05,-0.885351148
3.10E-05,-0.884575618
3.10E-05,-0.883779796
3.10E-05,-0.882963706
3.10E-05,-0.882127372
3.11E-05,-0.881270821
3.11E-05,-0.880394079
3.11E-05,-0.879497172
3.11E-05,-0.878580128
3.11E-05,-0.877642975
3.12E-05,-0.876685741
3.12E-05,-0.875708457
3.12E-05,-0.874711152
3.12E-05,-0.873693857
3.12E-05,-0.872656604
3.13E-05,-0.871599423
3.13E-05,-0.870522349
3.13E-05,-0.869425415
3.13E-05,-0.868308654
3.13E-05,-0.8671721
3.14E-05,-0.86601579
3.14E-05,-0.864839759
3.14E-05,-0.863644043
3.14E-05,-0.86242868
3.14E-05,-0.861193707
3.15E-05,-0.859939163
3.15E-05,-0.858665087
3.15E-05,-0.857371518
3.15E-05,-0.856058497
3.15E-05,-0.854726065
3.16E-05,-0.853374263
3.16E-05,-0.852003133
3.16E-05,-0.850612718
3.16E-05,-0.849203062
3.16E-05,-0.847774208
3.17E-05,-0.846326202
3.17E-05,-0.844859088
3.17E-05,-0.843372912
3.17E-05,-0.841867721
3.17E-05,-0.840343561
3.18E-05,-0.838800481
3.18E-05,-0.837238529
3.18E-05,-0.835657754
3.18E-05,-0.834058205
3.18E-05,-0.832439932
3.19E-05,-0.830802986
3.19E-05,-0.829147418
3.19E-05,-0.827473281
3.19E-05,-0.825780626
3.19E-05,-0.824069507
3.20E-05,-0.822339977
3.20E-05,-0.820592091
3.20E-05,-0.818825903
3.20E-05,-0.81704147
3.20E-05,-0.815238846
3.21E-05,-0.813418089
3.21E-05,-0.811579256
3.21E-05,-0.809722403
3.21E-05,-0.807847591
3.21E-05,-0.805954877
3.22E-05,-0.804044322
3.22E-05,-0.802115984
3.22E-05,-0.800169925
3.22E-05,-0.798206206
3.22E-05,-0.796224888
3.23E-05,-0.794226034
3.23E-05,-0.792209707
3.23E-05,-0.790175969
3.23E-05,-0.788124886
3.23E-05,-0.78605652
3.24E-05,-0.783970938
3.24E-05,-0.781868205
3.24E-05,-0.779748387
3.24E-05,-0.77761155
3.24E-05,-0.775457763
3.25E-05,-0.773287091
3.25E-05,-0.771099605
3.25E-05,-0.768895372
3.25E-05,-0.766674461
3.25E-05,-0.764436943
3.26E-05,-0.762182888
3.26E-05,-0.759912367
3.26E-05,-0.757625451
3.26E-05,-0.755322212
3.26E-05,-0.753002723
3.27E-05,-0.750667055
3.27E-05,-0.748315284
3.27E-05,-0.745947481
3.27E-05,-0.743563723
3.27E-05,-0.741164084
3.28E-05,-0.738748639
3.28E-05,-0.736317465
3.28E-05,-0.733870637
3.28E-05,-0.731408232
3.28E-05,-0.728930328
3.29E-05,-0.726437002
3.29E-05,-0.723928334
3.29E-05,-0.721404401
3.29E-05,-0.718865283
3.29E-05,-0.71631106
3.30E-05,-0.713741811
3.30E-05,-0.711157618
3.30E-05,-0.708558562
3.30E-05,-0.705944723
3.30E-05,-0.703316185
3.31E-05,-0.700673029
3.31E-05,-0.698015339
3.31E-05,-0.695343197
3.31E-05,-0.692656688
3.31E-05,-0.689955896
3.32E-05,-0.687240906
3.32E-05,-0.684511802
3.32E-05,-0.68176867
3.32E-05,-0.679011596
3.32E-05,-0.676240667
3.33E-05,-0.673455969
3.33E-05,-0.670657589
3.33E-05,-0.667845616
3.33E-05,-0.665020136
3.33E-05,-0.66218124
3.34E-05,-0.659329014
3.34E-05,-0.65646355
3.34E-05,-0.653584935
3.34E-05,-0.650693261
3.34E-05,-0.647788617
3.35E-05,-0.644871096
3.35E-05,-0.641940786
3.35E-05,-0.638997782
3.35E-05,-0.636042173
3.35E-05,-0.633074053
3.36E-05,-0.630093514
3.36E-05,-0.62710065
3.36E-05,-0.624095553
3.36E-05,-0.621078317
3.36E-05,-0.618049038
3.37E-05,-0.615007808
3.37E-05,-0.611954724
3.37E-05,-0.608889879
3.37E-05,-0.60581337
3.37E-05,-0.602725293
3.38E-05,-0.599625743
3.38E-05,-0.596514818
3.38E-05,-0.593392614
3.38E-05,-0.590259228
3.38E-05,-0.587114758
3.39E-05,-0.583959301
3.39E-05,-0.580792956
3.39E-05,-0.577615821
3.39E-05,-0.574427995
3.39E-05,-0.571229577
3.40E-05,-0.568020666
3.40E-05,-0.564801363
3.40E-05,-0.561571766
3.40E-05,-0.558331976
3.40E-05,-0.555082093
3.41E-05,-0.551822219
3.41E-05,-0.548552455
3.41E-05,-0.545272901
3.41E-05,-0.54198366
3.41E-05,-0.538684833
3.42E-05,-0.535376522
3.42E-05,-0.53205883
3.42E-05,-0.528731859
3.42E-05,-0.525395713
3.42E-05,-0.522050494
3.43E-05,-0.518696306
3.43E-05,-0.515333253
3.43E-05,-0.511961437
3.43E-05,-0.508580964
3.43E-05,-0.505191938
3.44E-05,-0.501794463
3.44E-05,-0.498388644
3.44E-05,-0.494974587
3.44E-05,-0.491552395
3.44E-05,-0.488122175
3.45E-05,-0.484684032
3.45E-05,-0.481238072
3.45E-05,-0.477784401
3.45E-05,-0.474323126
3.45E-05,-0.470854352
3.46E-05,-0.467378186
3.46E-05,-0.463894735
3.46E-05,-0.460404105
3.46E-05,-0.456906405
3.46E-05,-0.453401741
3.47E-05,-0.449890221
3.47E-05,-0.446371952
3.47E-05,-0.442847042
3.47E-05,-0.439315598
3.47E-05,-0.43577773
3.48E-05,-0.432233545
3.48E-05,-0.428683151
3.48E-05,-0.425126658
3.48E-05,-0.421564173
3.48E-05,-0.417995805
3.49E-05,-0.414421664
3.49E-05,-0.410841858
3.49E-05,-0.407256497
3.49E-05,-0.403665689
3.49E-05,-0.400069543
3.50E-05,-0.396468171
3.50E-05,-0.39286168
3.50E-05,-0.389250181
3.50E-05,-0.385633783
3.50E-05,-0.382012596
3.51E-05,-0.378386731
3.51E-05,-0.374756296
3.51E-05,-0.371121402
3.51E-05,-0.36748216
3.51E-05,-0.36383868
3.52E-05,-0.360191071
3.52E-05,-0.356539444
3.52E-05,-0.35288391
3.52E-05,-0.349224579
3.52E-05,-0.345561561
3.53E-05,-0.341894968
3.53E-05,-0.338224909
3.53E-05,-0.334551496
3.53E-05,-0.330874838
3.53E-05,-0.327195048
3.54E-05,-0.323512234
3.54E-05,-0.319826509
3.54E-05,-0.316137983
3.54E-05,-0.312446766
3.54E-05,-0.30875297
3.55E-05,-0.305056705
3.55E-05,-0.301358082
3.55E-05,-0.297657213
3.55E-05,-0.293954206
3.55E-05,-0.290249175
3.56E-05,-0.286542228
3.56E-05,-0.282833477
3.56E-05,-0.279123033
3.56E-05,-0.275411007
3.56E-05,-0.271697508
3.57E-05,-0.267982648
3.57E-05,-0.264266537
3.57E-05,-0.260549286
3.57E-05,-0.256831006
3.57E-05,-0.253111806
3.58E-05,-0.249391797
3.58E-05,-0.245671089
3.58E-05,-0.241949793
3.58E-05,-0.23822802
3.58E-05,-0.234505878
3.59E-05,-0.230783478
3.59E-05,-0.227060931
3.59E-05,-0.223338345
3.59E-05,-0.219615831
3.59E-05,-0.215893499
3.60E-05,-0.212171458
3.60E-05,-0.208449818
3.60E-05,-0.204728688
3.60E-05,-0.201008177
3.60E-05,-0.197288395
3.61E-05,-0.19356945
3.61E-05,-0.189851453
3.61E-05,-0.18613451
3.61E-05,-0.182418733
3.61E-05,-0.178704228
3.62E-05,-0.174991104
3.62E-05,-0.17127947
3.62E-05,-0.167569434
3.62E-05,-0.163861104
3.62E-05,-0.160154588
3.63E-05,-0.156449994
3.63E-05,-0.152747428
3.63E-05,-0.149046999
3.63E-05,-0.145348814
3.63E-05,-0.14165298
3.64E-05,-0.137959603
3.64E-05,-0.134268791
3.64E-05,-0.13058065
3.64E-05,-0.126895287
3.64E-05,-0.123212807
3.65E-05,-0.119533317
3.65E-05,-0.115856922
3.65E-05,-0.112183729
3.65E-05,-0.108513842
3.65E-05,-0.104847366
3.66E-05,-0.101184407
3.66E-05,-0.097525069
3.66E-05,-0.093869458
3.66E-05,-0.090217676
3.66E-05,-0.086569829
3.67E-05,-0.08292602
3.67E-05,-0.079286353
3.67E-05,-0.075650931
3.67E-05,-0.072019857
3.67E-05,-0.068393235
3.68E-05,-0.064771166
3.68E-05,-0.061153754
3.68E-05,-0.057541101
3.68E-05,-0.053933308
3.68E-05,-0.050330477
3.69E-05,-0.046732709
3.69E-05,-0.043140106
3.69E-05,-0.039552768
3.69E-05,-0.035970797
3.69E-05,-0.032394291
3.70E-05,-0.028823352
3.70E-05,-0.025258078
3.70E-05,-0.02169857
3.70E-05,-0.018144926
3.70E-05,-0.014597246
3.71E-05,-0.011055627
3.71E-05,-0.007520168
3.71E-05,-0.003990967
3.71E-05,-0.000468121
3.71E-05,0.003048271
3.72E-05,0.006558115
3.72E-05,0.010061311
3.72E-05,0.013557765
3.72E-05,0.017047381
3.72E-05,0.020530062
3.73E-05,0.024005714
3.73E-05,0.027474241
3.73E-05,0.030935549
3.73E-05,0.034389543
3.73E-05,0.03783613
3.74E-05,0.041275216
3.74E-05,0.044706708
3.74E-05,0.048130513
3.74E-05,0.051546538
3.74E-05,0.054954691
3.75E-05,0.058354881
3.75E-05,0.061747016
3.75E-05,0.065131004
3.75E-05,0.068506756
3.75E-05,0.071874182
3.76E-05,0.07523319
3.76E-05,0.078583692
3.76E-05,0.081925599
3.76E-05,0.085258822
3.76E-05,0.088583272
3.77E-05,0.091898861
3.77E-05,0.095205503
3.77E-05,0.09850311
3.77E-05,0.101791595
3.77E-05,0.105070873
3.78E-05,0.108340856
3.78E-05,0.11160146
3.78E-05,0.1148526
3.78E-05,0.11809419
3.78E-05,0.121326148
3.79E-05,0.124548388
3.79E-05,0.127760829
3.79E-05,0.130963386
3.79E-05,0.134155978
3.79E-05,0.137338522
3.80E-05,0.140510936
3.80E-05,0.143673141
3.80E-05,0.146825054
3.80E-05,0.149966597
3.80E-05,0.153097688
3.81E-05,0.156218249
3.81E-05,0.159328201
3.81E-05,0.162427466
3.81E-05,0.165515965
3.81E-05,0.168593621
3.82E-05,0.171660357
3.82E-05,0.174716097
3.82E-05,0.177760765
3.82E-05,0.180794284
3.82E-05,0.183816581
3.83E-05,0.186827579
3.83E-05,0.189827207
3.83E-05,0.192815388
3.83E-05,0.195792051
3.83E-05,0.198757124
3.84E-05,0.201710532
3.84E-05,0.204652206
3.84E-05,0.207582074
3.84E-05,0.210500066
3.84E-05,0.21340611
3.85E-05,0.216300138
3.85E-05,0.21918208
3.85E-05,0.222051869
3.85E-05,0.224909435
3.85E-05,0.227754711
3.86E-05,0.230587631
3.86E-05,0.233408127
3.86E-05,0.236216133
3.86E-05,0.239011585
3.86E-05,0.241794417
3.87E-05,0.244564565
3.87E-05,0.247321964
3.87E-05,0.250066552
3.87E-05,0.252798266
3.87E-05,0.255517043
3.88E-05,0.258222821
3.88E-05,0.260915541
3.88E-05,0.26359514
3.88E-05,0.266261558
3.88E-05,0.268914737
3.89E-05,0.271554616
3.89E-05,0.274181139
3.89E-05,0.276794246
3.89E-05,0.27939388
3.89E-05,0.281979985
3.90E-05,0.284552504
3.90E-05,0.287111382
3.90E-05,0.289656563
3.90E-05,0.292187994
3.90E-05,0.294705619
3.91E-05,0.297209386
3.91E-05,0.299699241
3.91E-05,0.302175133
3.91E-05,0.304637009
3.91E-05,0.30708482
3.92E-05,0.309518513
3.92E-05,0.311938039
3.92E-05,0.314343348
3.92E-05,0.316734393
3.92E-05,0.319111124
3.93E-05,0.321473494
3.93E-05,0.323821456
3.93E-05,0.326154963
3.93E-05,0.328473969
3.93E-05,0.33077843
3.94E-05,0.3330683
3.94E-05,0.335343535
3.94E-05,0.337604092
3.94E-05,0.339849927
3.94E-05,0.342081
3.95E-05,0.344297266
3.95E-05,0.346498686
3.95E-05,0.34868522
3.95E-05,0.350856826
3.95E-05,0.353013465
3.96E-05,0.3551551
3.96E-05,0.357281691
3.96E-05,0.359393202
3.96E-05,0.361489594
3.96E-05,0.363570833
3.97E-05,0.365636881
3.97E-05,0.367687705
3.97E-05,0.369723269
3.97E-05,0.371743539
3.97E-05,0.373748483
3.98E-05,0.375738068
3.98E-05,0.377712261
3.98E-05,0.379671031
3.98E-05,0.381614347
3.98E-05,0.38354218
3.99E-05,0.385454498
3.99E-05,0.387351275
3.99E-05,0.38923248
3.99E-05,0.391098086
3.99E-05,0.392948066
4.00E-05,0.394782394
4.00E-05,0.396601044
