generation,round,frame_idx,capture_ms,process_ms,fg_write_ms,total_ms
gen3,1,1,5.1457,2.6722,0.5786,8.3965
gen3,1,2,0.6036,2.2465,0.4546,3.3047000000000004
gen3,1,3,10.4771,2.3669,0.3299,13.1739
gen3,1,4,1.6067,1.5124,0.2848,3.4039
gen3,1,5,10.849,4.2503,0.3982,15.497499999999999
gen3,1,6,0.2854,2.2305,0.3281,2.8440000000000003
gen3,1,7,8.6886,2.9161,20.0323,31.637
gen3,1,8,0.3569,3.3266,0.3986,4.0821
gen3,1,9,3.7326,2.9298,0.3749,7.0373
gen3,1,10,1.3058,3.0977,0.4667,4.8702000000000005
gen3,1,11,8.1612,2.1572,0.3662,10.684599999999998
gen3,1,12,13.3497,3.4972,0.5033,17.3502
gen3,1,13,0.2287,2.2981,0.4246,2.9513999999999996
gen3,1,14,8.9606,2.8562,20.945,32.7618
gen3,1,15,0.2837,1.7553,0.4529,2.4919000000000002
gen3,1,16,5.2417,2.5897,0.4342,8.265600000000001
gen3,1,17,1.0818,2.3567,0.3184,3.7569000000000004
gen3,1,18,9.7042,2.7054,0.3855,12.795100000000001
gen3,1,19,1.4707,2.3416,0.3658,4.1781
gen3,1,20,10.4902,2.4927,0.3776,13.3605
gen3,1,21,0.5128,1.541,0.2658,2.3196
gen3,1,22,9.3896,2.4712,0.3668,12.227599999999999
gen3,1,23,1.0854,1.4531,0.2446,2.7831
gen3,1,24,10.195,3.4188,22.4055,36.0193
gen3,1,25,0.2581,1.559,0.3641,2.1812
gen3,1,26,3.5689,3.5041,0.8225,7.8955
gen3,1,27,0.3694,1.339,0.6376,2.346
gen3,1,28,9.433,3.2684,0.6139,13.315299999999999
gen3,1,29,0.8769,2.8324,0.7428,4.4521
gen3,1,30,9.1323,2.4447,23.8525,35.429500000000004
gen3,1,31,0.6922,2.7978,0.4178,3.9078000000000004
gen3,1,32,1.3365,3.1222,0.361,4.8197
gen3,1,33,11.893,4.0688,33.13,49.091800000000006
gen3,1,34,0.4903,2.5423,0.4713,3.5039
gen3,1,35,7.776,3.1256,0.3856,11.2872
gen3,1,36,0.8243,3.2992,0.3813,4.5047999999999995
gen3,1,37,7.4691,2.5177,0.3795,10.3663
gen3,1,38,1.0794,1.6511,30.6441,33.3746
gen3,1,39,0.6957,1.9201,0.4551,3.0709
gen3,1,40,7.179,2.5713,0.4262,10.176499999999999
gen3,1,41,1.4295,2.6436,40.2537,44.326800000000006
gen3,1,42,0.6227,3.7082,0.5337,4.864599999999999
gen3,1,43,0.3304,3.7673,0.4507,4.5484
gen3,1,44,7.0561,3.7754,0.6811,11.5126
gen3,1,45,0.8798,1.8104,0.4974,3.1875999999999998
gen3,1,46,9.9695,3.5284,24.7949,38.2928
gen3,1,47,0.3682,2.4627,0.4831,3.3139999999999996
gen3,1,48,1.56,3.3686,0.7933,5.7219
gen3,1,50,0.3386,1.7996,0.2927,2.4309000000000003
gen3,1,51,9.519,3.5621,0.4726,13.5537
gen3,1,52,1.6631,3.1542,0.3695,5.1868
gen3,1,53,4.3646,2.3622,31.641,38.3678
gen3,1,54,0.4309,3.6057,0.4096,4.4462
gen3,1,55,0.3217,3.0971,0.6107,4.0295000000000005
gen3,1,56,5.4697,3.4119,0.5772,9.458799999999998
gen3,1,57,0.3572,2.6186,0.3442,3.32
gen3,1,58,8.6737,2.8129,33.1353,44.6219
gen3,1,59,0.3504,2.0915,0.3102,2.7521
gen3,1,60,8.6555,3.5611,0.8037,13.020299999999999
gen3,1,61,0.4889,2.5968,0.6176,3.7033
gen3,1,62,8.9827,2.6249,27.9405,39.5481
gen3,1,63,0.6422,3.3378,0.6042,4.5842
gen3,1,64,0.4382,2.0595,0.2929,2.7906
gen3,1,66,0.3349,1.5907,0.2942,2.2198
gen3,1,67,3.9046,2.6228,0.2922,6.8196
gen3,1,68,1.297,2.5704,0.4188,4.2862
gen3,1,69,9.2491,2.0322,0.3136,11.594899999999999
gen3,1,70,1.8369,1.589,33.7443,37.1702
gen3,1,71,0.2656,1.7222,0.2655,2.2533
gen3,1,72,6.8802,2.9621,0.4654,10.3077
gen3,1,73,0.5537,2.4765,0.349,3.3792
gen3,1,74,8.4606,2.4777,0.334,11.2723
gen3,1,75,0.8622,1.5457,0.2563,2.6642
gen3,1,76,11.8162,2.143,26.4442,40.4034
gen3,1,77,0.3046,2.5164,0.6712,3.4921999999999995
gen3,1,78,0.3013,3.4171,0.6936,4.412
gen3,1,79,0.2177,2.8617,43.4041,46.4835
gen3,1,80,0.3881,1.952,0.2669,2.607
gen3,1,81,8.6238,2.332,0.5985,11.5543
gen3,1,82,0.6436,2.1828,0.2688,3.0951999999999997
gen3,1,83,11.2108,3.1502,0.4466,14.8076
gen3,1,84,1.4155,3.1164,28.7162,33.2481
gen3,1,85,0.2739,1.6415,0.3172,2.2326
gen3,1,86,8.2276,2.7054,0.6724,11.6054
gen3,1,87,0.4621,2.741,0.3443,3.5474
gen3,1,88,9.4111,3.4201,0.4788,13.309999999999999
gen3,1,89,1.2703,2.0214,0.5175,3.8091999999999997
gen3,1,90,8.972,3.1221,25.2874,37.3815
gen3,1,91,0.3817,2.4357,0.4102,3.2276000000000002
gen3,1,92,0.9713,2.636,0.355,3.9623000000000004
gen3,1,93,1.0373,1.9886,4.5865,7.6124
gen3,1,94,5.0525,2.6976,0.3602,8.1103
gen3,1,95,1.2834,2.0918,0.2863,3.6615
gen3,1,96,7.8977,3.2235,32.4658,43.587
gen3,1,97,0.2876,2.4675,0.3566,3.1116999999999995
gen3,1,98,9.7388,2.5403,0.3632,12.6423
gen3,1,99,1.4169,2.389,0.3853,4.1912
gen3,1,100,7.6926,2.4784,28.915,39.086
gen3,1,101,0.3235,2.7531,0.3873,3.4638999999999998
gen3,1,102,0.3558,3.0954,0.4065,3.8577
gen3,1,104,0.5911,3.2206,0.4768,4.2885
gen3,1,105,4.7572,2.9962,0.5181,8.2715
gen3,1,106,2.1247,2.6025,0.4663,5.1935
gen3,1,107,6.4067,3.555,30.4255,40.3872
gen3,1,108,0.5177,3.2167,0.3965,4.1309
gen3,1,109,0.2454,2.6086,0.3101,3.1641
gen3,1,110,7.5228,3.6058,0.5417,11.670300000000001
gen3,1,111,0.2909,2.6827,0.34,3.3136
gen3,1,112,7.7845,2.7667,33.8206,44.3718
gen3,1,113,0.2507,2.8008,0.726,3.7775000000000003
gen3,1,114,7.4543,4.4676,0.4606,12.3825
gen3,1,115,0.2894,3.0199,0.3489,3.6582
gen3,1,116,7.7884,3.8093,27.315,38.9127
gen3,1,117,0.3472,3.1491,0.4883,3.9846
gen3,1,118,0.569,3.5427,0.5498,4.6615
gen3,1,120,0.4416,2.6658,0.4043,3.5117000000000003
gen3,1,121,3.2105,2.4824,0.4384,6.1312999999999995
gen3,1,122,1.3096,2.4153,0.5187,4.2436
gen3,1,123,7.3607,2.6141,0.3438,10.3186
gen3,1,124,1.2554,1.7866,34.7429,37.7849
gen3,1,125,0.3798,2.7395,0.3518,3.4711
gen3,1,126,7.1028,2.9996,0.6752,10.7776
gen3,1,127,1.18,2.2977,0.535,4.0127
gen3,1,128,6.6037,3.1585,0.9307,10.6929
gen3,1,129,10.4731,2.9388,23.7536,37.1655
gen3,1,130,0.3512,4.1198,0.7267,5.1977
gen3,1,131,2.9736,2.144,0.6836,5.8012
gen3,1,132,1.0848,1.862,0.5941,3.5409
gen3,1,133,8.2172,2.9746,0.4884,11.680200000000001
gen3,1,134,1.1949,2.8716,0.3658,4.4323
gen3,1,135,7.0971,2.5827,26.0136,35.6934
gen3,1,136,0.3904,2.7234,0.6076,3.7214
gen3,1,137,0.2231,2.8111,1.0121,4.0463000000000005
gen3,1,139,0.3717,3.0454,0.4079,3.825
gen3,1,140,6.0085,2.8312,0.7787,9.618400000000001
gen3,1,141,1.0987,2.0258,0.2804,3.4048999999999996
gen3,1,142,8.1966,2.9046,30.8836,41.9848
gen3,1,143,0.3595,1.7352,0.6679,2.7626
gen3,1,144,12.4165,3.7606,0.5194,16.6965
gen3,1,145,0.3612,2.1163,0.335,2.8125
gen3,1,146,7.9649,2.8349,29.157,39.9568
gen3,1,147,0.3143,3.2041,0.3188,3.8371999999999997
gen3,1,148,0.2702,4.1472,0.4011,4.8185
gen3,1,149,6.7361,2.7186,35.853,45.307700000000004
gen3,1,150,0.3399,2.3645,0.3201,3.0245
gen3,1,151,6.5927,2.9041,0.4374,9.9342
gen3,1,152,3.0485,2.451,0.2793,5.7788
gen3,1,153,7.017,2.599,0.3679,9.9839
gen3,1,154,1.0883,1.7987,0.4349,3.3219
gen3,1,155,10.1109,2.8265,25.2234,38.1608
gen3,1,156,0.3356,3.0244,0.4628,3.8228
gen3,1,157,2.347,3.1991,0.6272,6.1733
gen3,1,158,0.535,1.8023,41.7168,44.0541
gen3,1,159,0.2683,1.582,0.285,2.1353
gen3,1,160,12.5454,2.7614,0.3203,15.6271
gen3,1,161,0.1989,1.457,0.5491,2.205
gen3,1,162,12.8413,3.163,0.3432,16.3475
gen3,1,163,0.2055,1.4937,0.2482,1.9474
gen3,1,164,9.3828,3.38,24.4828,37.245599999999996
gen3,1,165,0.3273,2.2558,0.349,2.9321
gen3,1,166,0.3097,4.0894,0.6794,5.078500000000001
gen3,1,167,0.3023,1.9537,0.555,2.8110000000000004
gen3,1,168,6.4212,2.8213,0.5541,9.7966
gen3,1,169,0.1797,1.4524,0.4573,2.0894
gen3,1,170,10.8125,2.3359,1.0328,14.1812
gen3,1,171,0.5703,1.4348,0.674,2.6791
gen3,1,172,10.5477,2.2536,0.3433,13.1446
gen3,1,173,0.9631,1.3626,0.3834,2.7091
gen3,1,174,12.348,3.1374,25.5906,41.076
gen3,1,175,0.2558,4.0889,0.4203,4.765
gen3,1,176,0.3231,3.1593,0.5174,3.9998
gen3,1,177,9.9647,2.2526,0.5084,12.725700000000002
gen3,1,178,1.1349,3.5252,0.5006,5.1607
gen3,1,179,8.1166,3.229,25.8162,37.1618
gen3,1,180,0.4079,3.0008,0.3448,3.7535
gen3,1,181,0.2869,2.8738,0.2546,3.4153000000000002
gen3,1,182,0.2651,1.8895,5.4412,7.5958000000000006
gen3,1,183,4.1209,3.2211,0.7995,8.141499999999999
gen3,1,184,0.6539,2.4967,0.7671,3.9177000000000004
gen3,1,185,7.0497,2.7806,0.5669,10.3972
gen3,1,186,0.9911,1.7,0.2788,2.9699
gen3,1,187,10.6523,2.5362,0.3864,13.574900000000001
gen3,1,188,0.894,2.5839,0.3409,3.8188
gen3,1,189,9.1621,2.5993,26.5917,38.3531
gen3,1,190,0.3669,3.2588,0.3313,3.9570000000000003
gen3,1,191,0.291,3.1282,0.408,3.8272
gen3,1,192,0.4494,3.5604,0.3986,4.4084
gen3,1,193,7.7226,3.2995,0.5477,11.5698
gen3,1,194,1.0551,2.446,0.4654,3.9665
gen3,1,195,7.8636,3.2515,30.4053,41.5204
gen3,1,196,0.4833,3.1944,0.5334,4.2111
gen3,1,197,0.273,2.74,0.4847,3.4977000000000005
gen3,1,198,5.6355,2.557,0.4367,8.6292
gen3,1,199,1.0141,1.8197,0.329,3.1628000000000003
gen3,2,0,0.3147,3.5923,0.7802,4.6872
gen3,2,1,0.2082,3.4976,0.7623,4.4681
gen3,2,2,0.4499,2.4553,0.5278,3.433
gen3,2,3,7.4519,2.3467,0.3634,10.162
gen3,2,4,1.2791,1.8094,30.8286,33.917100000000005
gen3,2,5,0.3348,2.2073,0.3759,2.918
gen3,2,6,0.3225,1.7029,0.3156,2.341
gen3,2,7,6.7349,3.2592,0.4853,10.4794
gen3,2,8,1.0222,1.7591,0.3183,3.0995999999999997
gen3,2,9,8.4023,2.4263,36.2389,47.0675
gen3,2,10,0.3479,2.4729,0.5182,3.3390000000000004
gen3,2,11,7.0175,2.4894,0.8207,10.3276
gen3,2,12,0.3138,1.7343,0.5181,2.5662
gen3,2,13,10.022,3.645,0.7339,14.4009
gen3,2,14,0.3317,2.7045,0.6508,3.6870000000000003
gen3,2,15,6.9095,2.2771,28.233,37.4196
gen3,2,16,0.4829,2.4945,0.5163,3.4936999999999996
gen3,2,17,0.2113,1.9216,0.5145,2.6473999999999998
gen3,2,18,0.2717,1.6613,6.8764,8.8094
gen3,2,19,3.1758,2.3428,0.8761,6.3947
gen3,2,20,11.6708,2.601,0.4198,14.6916
gen3,2,21,0.3623,1.8875,0.5211,2.7709
gen3,2,22,12.3796,2.6902,0.7512,15.821000000000002
gen3,2,23,0.2359,2.4059,0.6001,3.2419
gen3,2,24,7.8388,3.014,27.239,38.0918
gen3,2,25,0.3583,3.2877,0.4693,4.1152999999999995
gen3,2,26,0.3266,2.917,0.4104,3.654
gen3,2,27,0.2627,3.3019,0.4719,4.0365
gen3,2,28,6.4531,2.6812,0.4182,9.5525
gen3,2,29,1.1121,1.7196,0.2935,3.1252
gen3,2,30,10.7513,3.3998,0.8586,15.009699999999999
gen3,2,31,0.2329,3.0884,29.747,33.0683
gen3,2,32,0.4905,2.6875,0.4264,3.6044
gen3,2,33,5.146,3.2603,0.7092,9.1155
gen3,2,34,0.6784,3.3015,0.7107,4.6906
gen3,2,35,8.0621,2.9597,30.5255,41.5473
gen3,2,36,0.3987,2.3299,0.3453,3.0738999999999996
gen3,2,37,0.2443,2.3026,0.4102,2.9571
gen3,2,38,7.7432,2.5092,0.5921,10.8445
gen3,2,39,13.4619,2.926,0.6112,16.999100000000002
gen3,2,40,2.1034,3.8688,25.7441,31.7163
gen3,2,41,0.2715,3.0168,0.6509,3.9392
gen3,2,42,9.0286,3.7249,0.5321,13.2856
gen3,2,43,0.2998,3.9887,0.378,4.6665
gen3,2,44,7.5709,2.6178,28.943,39.1317
gen3,2,45,0.3464,2.8836,0.6098,3.8398
gen3,2,46,0.3437,2.9096,0.4485,3.7018000000000004
gen3,2,47,7.3559,2.5293,0.5656,10.450800000000001
gen3,2,48,1.3088,1.9201,0.3618,3.5907
gen3,2,49,10.8546,2.887,0.4493,14.1909
gen3,2,50,1.2118,1.9807,0.3182,3.5107
gen3,2,51,8.4984,2.5834,0.9239,12.005700000000001
gen3,2,52,0.7974,2.8114,0.4582,4.067
gen3,2,53,9.1092,2.6018,0.5888,12.299799999999998
gen3,2,54,1.0474,3.432,26.591,31.0704
gen3,2,55,0.3384,3.7292,0.6271,4.694699999999999
gen3,2,56,0.3553,2.2665,0.4344,3.0562000000000005
gen3,2,57,5.342,3.654,0.551,9.546999999999999
gen3,2,58,0.8479,3.4087,0.4749,4.7315
gen3,2,59,6.933,3.6358,33.2902,43.858999999999995
gen3,2,60,0.4203,3.3322,0.4166,4.1691
gen3,2,61,7.4964,2.7641,0.4127,10.6732
gen3,2,62,1.0179,1.8787,0.3083,3.2049000000000003
gen3,2,63,8.007,2.4599,30.1544,40.6213
gen3,2,64,0.3491,3.7198,0.409,4.4779
gen3,2,65,0.2454,2.2756,0.5953,3.1163
gen3,2,66,9.0079,4.0686,0.5045,13.581
gen3,2,67,0.274,2.0177,0.3872,2.6789
gen3,2,68,7.7836,2.6447,32.3223,42.7506
gen3,2,69,0.298,2.8513,0.5102,3.6595000000000004
gen3,2,70,10.3922,3.1428,0.4935,14.0285
gen3,2,71,0.3344,2.0975,0.5315,2.9634
gen3,2,72,7.8602,2.8095,27.0499,37.7196
gen3,2,73,0.3598,3.8488,0.6323,4.8409
gen3,2,74,0.5271,3.7324,0.5851,4.8446
gen3,2,75,10.2394,3.875,34.5743,48.6887
gen3,2,76,0.467,2.8772,0.4096,3.7538000000000005
gen3,2,77,6.114,3.4322,0.5283,10.074499999999999
gen3,2,78,1.4962,3.0081,0.4166,4.9209000000000005
gen3,2,79,5.9872,3.5197,30.2579,39.7648
gen3,2,80,0.5559,3.2398,0.4301,4.2258
gen3,2,81,0.2596,2.6567,0.3906,3.3068999999999997
gen3,2,82,7.2822,3.2401,0.4576,10.979899999999999
gen3,2,83,0.7919,2.8906,0.4222,4.1047
gen3,2,84,7.8878,3.2657,31.9104,43.063900000000004
gen3,2,85,0.2985,2.7641,0.4058,3.4684
gen3,2,86,0.312,2.7455,0.4421,3.4995999999999996
gen3,2,87,5.6548,3.7287,0.6487,10.0322
gen3,2,88,0.5466,3.5993,0.5597,4.7056000000000004
gen3,2,89,6.7747,2.5377,31.5273,40.8397
gen3,2,90,0.5685,3.1583,0.3903,4.1171
gen3,2,91,0.2406,2.4128,0.4351,3.0885
gen3,2,92,7.3958,4.0223,0.9709,12.389000000000001
gen3,2,93,0.3219,3.2085,0.6886,4.218999999999999
gen3,2,94,5.7146,2.821,33.9533,42.4889
gen3,2,95,0.2807,2.0243,0.3284,2.6334
gen3,2,96,10.3165,2.8312,0.4459,13.5936
gen3,2,97,1.1319,2.0081,0.8576,3.9976000000000003
gen3,2,98,6.9477,2.5633,0.6396,10.150599999999999
gen3,2,99,1.0537,2.7953,0.6581,4.5071
gen3,2,100,8.3362,4.6155,23.4344,36.3861
gen3,2,101,0.4369,3.6986,0.7106,4.8461
gen3,2,102,0.6413,3.5478,0.7068,4.8959
gen3,2,103,0.3924,2.4164,2.397,5.2058
gen3,2,104,4.9848,3.8315,0.8335,9.6498
gen3,2,105,0.3363,3.3952,0.4362,4.1677
gen3,2,106,8.0783,2.9206,30.2806,41.2795
gen3,2,107,0.2892,1.7234,0.3022,2.3148
gen3,2,108,10.6098,1.7592,0.3048,12.6738
gen3,2,109,14.2378,1.9743,0.5988,16.8109
gen3,2,110,1.4698,2.5781,23.0426,27.0905
gen3,2,111,0.4474,2.1966,0.4402,3.0842
gen3,2,112,0.4316,2.0032,0.4538,2.8886000000000003
gen3,2,114,0.2922,1.8427,0.3363,2.4712
gen3,2,115,6.5956,2.8124,0.3788,9.7868
gen3,2,116,1.3443,2.8077,0.3603,4.5123
gen3,2,117,8.4551,3.4077,29.7916,41.654399999999995
gen3,2,118,0.3276,2.4617,0.4261,3.2154
gen3,2,119,0.2837,1.9808,0.2637,2.5282
gen3,2,120,8.7681,2.3177,0.8281,11.9139
gen3,2,121,0.7302,1.5747,0.4609,2.7658
gen3,2,122,9.3957,3.1816,33.3202,45.8975
gen3,2,123,0.4457,2.9679,1.0721,4.4857000000000005
gen3,2,124,7.1994,3.5925,0.3504,11.1423
gen3,2,125,0.2239,1.6446,0.2821,2.1506
gen3,2,126,10.9019,3.3606,27.3363,41.5988
gen3,2,127,0.3461,3.5293,0.8589,4.7343
gen3,2,128,0.5253,3.39,0.5744,4.4897
gen3,2,130,0.311,2.845,0.85,4.006
gen3,2,131,5.4584,2.4033,0.5258,8.387500000000001
gen3,2,132,0.7119,3.3187,0.4314,4.462
gen3,2,133,6.7723,2.2191,0.399,9.3904
gen3,2,134,2.8989,3.3725,30.3233,36.5947
gen3,2,135,0.3541,2.63,0.6034,3.5875
gen3,2,136,7.3608,2.8044,0.4281,10.593300000000001
gen3,2,137,0.5359,1.5894,0.2721,2.3974
gen3,2,138,9.059,3.2721,0.4404,12.7715
gen3,2,139,0.2485,2.1586,33.759,36.1661
gen3,2,140,0.3144,2.0952,0.7445,3.1541
gen3,2,141,3.6297,1.7651,0.8061,6.2009
gen3,2,142,1.5863,1.6702,0.7167,3.9732
gen3,2,143,9.3665,2.836,0.5331,12.7356
gen3,2,144,0.2794,1.5392,35.0788,36.897400000000005
gen3,2,145,0.4926,3.4291,0.7694,4.6911
gen3,2,146,4.453,3.0024,0.6259,8.0813
gen3,2,147,1.3379,2.2512,0.6557,4.2448
gen3,2,148,8.1986,3.3695,0.4985,12.066600000000001
gen3,2,149,0.9392,1.8645,33.6483,36.452
gen3,2,150,0.335,1.7858,0.2251,2.3459
gen3,2,151,5.0332,2.1857,0.4815,7.700399999999999
gen3,2,152,1.907,2.2294,0.4273,4.5637
gen3,2,153,8.0932,3.0674,0.6564,11.816999999999998
gen3,2,154,0.4466,2.16,33.2532,35.8598
gen3,2,155,0.3165,1.9613,0.3749,2.6527000000000003
gen3,2,156,5.2039,3.0866,0.3725,8.663
gen3,2,157,12.0917,2.3613,0.3156,14.7686
gen3,2,158,1.1965,2.8218,0.6965,4.7148
gen3,2,159,8.5128,2.2963,24.1443,34.9534
gen3,2,160,0.63,2.0766,0.3723,3.0789
gen3,2,161,3.3229,3.1229,0.3874,6.833200000000001
gen3,2,162,0.9261,1.6579,0.5655,3.1495
gen3,2,163,9.3471,3.8638,0.6407,13.8516
gen3,2,164,0.4045,2.9024,0.5078,3.8147
gen3,2,165,6.472,2.5428,26.8251,35.8399
gen3,2,166,0.3501,2.6356,0.342,3.3277
gen3,2,167,0.6647,2.8491,0.4497,3.9635
gen3,2,168,1.1947,2.6522,3.5551,7.402
gen3,2,169,4.4767,2.4294,0.3608,7.266900000000001
gen3,2,170,1.3457,2.1087,0.3629,3.8172999999999995
gen3,2,171,9.2923,2.3653,32.5199,44.177499999999995
gen3,2,172,0.5287,3.0308,0.3123,3.8718
gen3,2,173,0.2067,1.5065,0.2474,1.9606000000000001
gen3,2,174,7.9718,2.9826,37.7355,48.6899
gen3,2,175,0.5905,2.4268,0.4196,3.4369
gen3,2,176,4.2364,3.1975,0.4057,7.8396
gen3,2,177,0.9684,1.5125,0.7004,3.1813000000000002
gen3,2,178,9.0986,3.5863,0.5001,13.184999999999999
gen3,2,179,0.7867,2.474,0.3882,3.6489
gen3,2,180,7.6162,2.931,0.3836,10.9308
gen3,2,181,1.0644,2.8323,0.3824,4.2791
gen3,2,182,8.9204,3.4313,23.5906,35.9423
gen3,2,183,0.2244,2.2395,0.2893,2.7532
gen3,2,184,1.3946,2.8309,0.4258,4.6513
gen3,2,185,0.261,1.4948,2.856,4.6118
gen3,2,186,7.5337,2.234,0.49,10.2577
gen3,2,187,0.8479,1.3989,0.4889,2.7357
gen3,2,188,10.9768,3.1333,27.5247,41.6348
gen3,2,189,0.6393,2.9933,0.3597,3.9923
gen3,2,190,0.3037,2.484,0.5772,3.3649
gen3,2,191,0.2145,1.4658,6.1085,7.7888
gen3,2,192,4.1037,3.1184,0.5169,7.738999999999999
gen3,2,193,0.2527,2.2742,0.5726,3.0995
gen3,2,194,7.5334,2.6087,33.0926,43.2347
gen3,2,195,0.2992,2.5439,0.6796,3.5226999999999995
gen3,2,196,9.8445,3.6669,0.6496,14.161
gen3,2,197,0.4128,3.4644,0.7065,4.583699999999999
gen3,2,198,7.762,3.3535,25.503,36.6185
gen3,2,199,0.3012,2.7666,0.366,3.4338
gen3,3,0,0.2933,1.5085,0.361,2.1628
gen3,3,1,7.3286,2.2465,0.3882,9.963299999999998
gen3,3,2,1.7022,2.4373,0.3345,4.474
gen3,3,3,8.8793,2.3701,0.3914,11.640800000000002
gen3,3,4,1.2422,1.9971,29.0015,32.2408
gen3,3,5,0.3104,2.3051,0.4916,3.1071
gen3,3,6,9.1715,3.6337,0.58,13.3852
gen3,3,7,0.4641,2.675,0.5672,3.7063
gen3,3,8,7.9506,2.8062,31.7957,42.5525
gen3,3,9,0.3746,2.608,0.6454,3.628
gen3,3,10,9.5094,3.3861,0.5585,13.453999999999999
gen3,3,11,1.3757,2.0898,0.267,3.7324999999999995
gen3,3,12,8.941,4.63,23.9466,37.5176
gen3,3,13,0.3374,3.1503,0.4697,3.9574000000000003
gen3,3,14,0.8764,3.3195,0.69,4.8858999999999995
gen3,3,15,0.3126,2.6874,2.8942,5.8942
gen3,3,16,5.6091,3.4726,0.5638,9.6455
gen3,3,17,1.3622,2.343,0.5025,4.2077
gen3,3,18,7.2319,3.4415,30.0584,40.7318
gen3,3,19,0.3241,2.1641,0.2873,2.7755
gen3,3,20,0.2731,1.8064,0.521,2.6005
gen3,3,21,9.6084,3.5809,0.8024,13.9917
gen3,3,22,0.7683,3.1921,0.3519,4.3123
gen3,3,23,6.1682,2.2736,30.8749,39.3167
gen3,3,24,0.3347,4.0536,0.4824,4.8707
gen3,3,25,0.295,2.8511,0.4317,3.5778
gen3,3,26,8.5939,3.5471,0.4522,12.5932
gen3,3,27,0.6654,3.1539,0.4103,4.2296000000000005
gen3,3,28,7.3695,2.4563,0.3629,10.1887
gen3,3,29,13.1672,2.4759,0.447,16.0901
gen3,3,30,1.9862,1.9355,21.3669,25.288600000000002
gen3,3,31,0.2568,1.9309,0.2937,2.4814
gen3,3,32,1.5588,3.8059,0.5276,5.8923
gen3,3,33,0.2869,3.1331,0.5853,4.0053
gen3,3,34,7.9175,2.8499,0.416,11.1834
gen3,3,35,1.1112,1.8567,0.2975,3.2654
gen3,3,36,8.1483,2.7215,28.79,39.659800000000004
gen3,3,37,0.3182,3.544,0.2996,4.1618
gen3,3,38,0.2891,1.7916,0.2967,2.3774
gen3,3,39,11.646,3.0029,0.5323,15.1812
gen3,3,40,2.3365,3.7042,0.6874,6.7281
gen3,3,41,5.3541,2.9609,28.6935,37.0085
gen3,3,42,0.5479,2.8625,0.4333,3.8437
gen3,3,43,0.6317,1.7468,0.3105,2.689
gen3,3,44,9.1695,2.9652,36.7757,48.910399999999996
gen3,3,45,0.4831,1.5729,0.6745,2.7305
gen3,3,46,3.9683,2.0458,0.487,6.5011
gen3,3,47,15.2504,2.5334,0.448,18.2318
gen3,3,48,1.1487,1.8245,0.3339,3.3071
gen3,3,49,8.744,4.121,23.8396,36.7046
gen3,3,50,0.5108,3.2725,0.4324,4.2157
gen3,3,51,0.2506,2.8427,0.5919,3.6851999999999996
gen3,3,52,1.2324,3.8693,0.7055,5.8072
gen3,3,53,5.3192,2.8471,0.5164,8.6827
gen3,3,54,1.4394,3.1223,0.5195,5.0812
gen3,3,55,8.5805,2.7706,0.6213,11.9724
gen3,3,56,1.5793,1.8994,0.408,3.8867
gen3,3,57,8.5778,3.2607,0.5432,12.3817
gen3,3,58,1.0897,2.8929,0.4803,4.462899999999999
gen3,3,59,8.484,2.8383,24.9214,36.2437
gen3,3,60,0.4425,2.3598,0.7828,3.5850999999999997
gen3,3,61,0.2366,2.2932,0.8631,3.3929
gen3,3,62,1.6591,3.045,0.6584,5.362500000000001
gen3,3,63,6.0403,2.6279,0.8546,9.5228
gen3,3,64,0.3778,2.0554,0.3198,2.753
gen3,3,65,10.2339,2.4476,27.8041,40.4856
gen3,3,66,0.359,2.5771,0.3365,3.2726
gen3,3,67,0.2343,2.7012,0.3605,3.2960000000000003
gen3,3,68,10.8576,2.4196,38.5239,51.8011
gen3,3,69,0.3032,2.0929,0.588,2.9841
gen3,3,70,5.2838,3.4648,0.4797,9.228299999999999
gen3,3,71,0.8048,2.3095,0.5494,3.6637
gen3,3,72,7.4464,2.4195,1.0239,10.8898
gen3,3,73,0.4383,3.0402,0.8903,4.3688
gen3,3,74,7.9873,2.7192,24.5626,35.2691
gen3,3,75,0.2592,2.903,0.7587,3.9209
gen3,3,76,1.9516,3.4488,0.45,5.8504
gen3,3,77,0.8683,1.9376,2.294,5.0999
gen3,3,78,6.0946,2.7203,0.5202,9.3351
gen3,3,79,0.8604,1.633,0.334,2.8274000000000004
gen3,3,80,9.9743,2.3444,30.4288,42.7475
gen3,3,81,0.3931,3.5621,0.4096,4.3648
gen3,3,82,0.7509,3.0138,0.3894,4.1541
gen3,3,83,6.1659,3.6473,36.1566,45.9698
gen3,3,84,0.3177,2.3793,0.4207,3.1177
gen3,3,85,6.2955,2.6592,0.5715,9.5262
gen3,3,86,1.1108,2.9731,0.3642,4.4481
gen3,3,87,7.7307,2.9541,0.4851,11.169899999999998
gen3,3,88,1.1023,2.7085,33.7608,37.571600000000004
gen3,3,89,0.4194,2.6024,0.377,3.3987999999999996
gen3,3,90,3.3173,2.6236,0.344,6.2849
gen3,3,91,1.1566,1.6755,0.2839,3.116
gen3,3,92,10.2321,2.5278,0.3793,13.139200000000002
gen3,3,93,0.8101,1.4672,0.33,2.6073000000000004
gen3,3,94,11.5374,3.4488,23.55,38.5362
gen3,3,95,0.4823,3.09,0.639,4.2113
gen3,3,96,0.7521,3.0555,0.3821,4.1897
gen3,3,98,0.4325,2.8072,0.5494,3.7891
gen3,3,99,7.0914,1.6943,0.3387,9.1244
gen3,3,100,15.2585,3.1607,0.4663,18.8855
gen3,3,101,1.032,2.5414,22.9171,26.4905
gen3,3,102,0.4038,2.6644,0.3644,3.4326
gen3,3,103,0.3639,1.5775,0.2604,2.2018
gen3,3,104,10.2985,2.7391,0.6471,13.684700000000001
gen3,3,105,0.7552,1.6068,0.5618,2.9238
gen3,3,106,10.7508,3.1755,30.1163,44.0426
gen3,3,107,0.4438,2.7993,0.3931,3.6362
gen3,3,108,0.366,1.8164,0.3359,2.5183
gen3,3,109,7.8656,3.7129,0.5058,12.0843
gen3,3,110,0.4161,2.4838,0.4571,3.357
gen3,3,111,7.276,2.4217,0.3779,10.0756
gen3,3,112,1.0315,2.8638,0.3268,4.222099999999999
gen3,3,113,9.2129,2.3986,28.615,40.2265
gen3,3,114,0.4777,3.6428,0.712,4.8325
gen3,3,115,0.3497,3.7891,0.5533,4.6921
gen3,3,116,6.5926,3.281,0.2485,10.1221
gen3,3,117,0.212,1.3973,0.5371,2.1464
gen3,3,118,10.7597,2.4896,31.0573,44.3066
gen3,3,119,0.3119,2.96,0.5926,3.8645
gen3,3,120,0.3044,2.1975,0.6594,3.1612999999999998
gen3,3,121,7.7065,2.1986,0.5757,10.4808
gen3,3,122,1.6991,2.3061,0.3415,4.3467
gen3,3,123,10.1123,3.2481,26.4062,39.7666
gen3,3,124,0.5258,3.6514,0.6575,4.8347
gen3,3,125,0.3666,2.5282,0.2503,3.1451000000000002
gen3,3,126,0.286,1.8718,4.3987,6.5565
gen3,3,127,2.5517,2.6984,0.2914,5.5415
gen3,3,128,0.948,1.5517,0.2371,2.7367999999999997
gen3,3,129,9.3427,2.6898,34.3701,46.4026
gen3,3,130,0.4352,3.0549,0.2914,3.7815
gen3,3,131,7.5012,2.1284,0.6105,10.2401
gen3,3,132,0.6347,2.6034,0.4901,3.7282
gen3,3,133,10.4145,3.0297,0.5741,14.0183
gen3,3,134,1.8267,3.1551,25.9566,30.9384
gen3,3,135,0.3365,2.9773,0.7856,4.0994
gen3,3,136,0.4274,3.9499,0.3983,4.7756
gen3,3,137,4.5675,2.4142,0.3652,7.3469
gen3,3,138,12.7138,2.3842,0.5811,15.6791
gen3,3,139,0.8732,1.6772,31.5781,34.1285
gen3,3,140,0.2829,1.6141,0.6073,2.5042999999999997
gen3,3,141,10.1334,2.1115,1.0808,13.3257
gen3,3,142,0.6881,2.4563,0.3426,3.487
gen3,3,143,8.1452,3.7535,27.7272,39.6259
gen3,3,144,0.7337,3.1596,0.4105,4.3038
gen3,3,145,0.2779,1.9076,0.3394,2.5248999999999997
gen3,3,146,8.5299,2.9878,39.2156,50.7333
gen3,3,147,0.2651,2.4444,0.5999,3.3093999999999997
gen3,3,148,4.0805,2.2628,0.2941,6.6373999999999995
gen3,3,149,1.6493,1.4727,0.2426,3.3646
gen3,3,150,8.6331,3.5993,0.674,12.9064
gen3,3,151,0.1967,2.8073,33.2151,36.2191
gen3,3,152,0.4853,2.5241,0.9747,3.9840999999999998
gen3,3,153,4.242,2.7849,0.4521,7.478999999999999
gen3,3,154,0.2416,1.6411,1.873,3.7557
gen3,3,155,9.4262,2.2279,0.8268,12.4809
gen3,3,156,0.2801,1.4761,0.5012,2.2574
gen3,3,157,9.7494,2.9887,27.1731,39.9112
gen3,3,158,0.5642,2.7333,0.5559,3.8533999999999997
gen3,3,159,0.2765,2.4044,0.4551,3.1359999999999997
gen3,3,160,0.2729,2.5932,43.9237,46.7898
gen3,3,161,0.2788,1.6625,0.3133,2.2546
gen3,3,162,10.0943,2.5402,0.6163,13.250800000000002
gen3,3,163,0.2233,2.2613,0.2923,2.7769
gen3,3,164,9.4505,3.0131,0.5308,12.994399999999999
gen3,3,165,0.1933,1.3761,0.2873,1.8567
gen3,3,166,10.713,3.7279,22.304,36.7449
gen3,3,167,0.4521,2.5275,0.335,3.3146
gen3,3,168,5.4854,2.9959,0.4111,8.8924
gen3,3,169,0.9569,1.7786,39.947,42.682500000000005
gen3,3,170,0.6943,3.3297,0.3515,4.3755
gen3,3,171,0.2849,2.5444,0.7195,3.5488
gen3,3,172,7.27,2.3783,0.5015,10.149799999999999
gen3,3,173,1.2034,2.3279,0.9665,4.4978
gen3,3,174,8.1036,2.4112,0.5529,11.0677
gen3,3,175,0.4721,1.9466,0.2513,2.6700000000000004
gen3,3,176,11.5119,2.1612,23.7242,37.3973
gen3,3,177,0.257,1.6528,0.6161,2.5259
gen3,3,178,2.8623,2.372,0.7709,6.005199999999999
gen3,3,179,1.1026,1.5237,43.5884,46.2147
gen3,3,180,0.405,1.9446,0.3646,2.7142
gen3,3,181,0.9432,1.7882,0.3551,3.0865
gen3,3,182,9.161,2.3023,0.3763,11.8396
gen3,3,183,1.1538,1.5573,0.2626,2.9737
gen3,3,184,9.5476,2.2271,33.0491,44.823800000000006
gen3,3,185,0.3189,3.2796,0.3574,3.9559
gen3,3,186,0.3556,2.777,0.4151,3.5477
gen3,3,187,6.2703,1.6406,0.3235,8.234399999999999
gen3,3,189,0.5661,1.6723,24.5004,26.738799999999998
gen3,3,190,0.6874,3.0421,0.293,4.0225
gen3,3,191,0.1886,1.9294,0.2325,2.3505
gen3,3,192,8.7759,2.367,0.7274,11.8703
gen3,3,193,1.3426,1.3447,0.4893,3.1766
gen3,3,194,9.4993,2.934,0.6932,13.1265
gen3,3,195,0.2115,2.0243,0.4921,2.7279
gen3,3,196,9.396,3.2085,28.8081,41.4126
gen3,3,197,0.4234,3.6086,0.6337,4.6657
gen3,3,198,0.6042,4.082,0.6755,5.361699999999999
gen3,3,199,6.9079,1.8873,0.4094,9.2046
gen3,4,0,0.2605,1.4597,0.8515,2.5717
gen3,4,1,5.1996,2.4691,1.2369,8.9056
gen3,4,2,0.4124,2.0934,0.6702,3.1759999999999997
gen3,4,3,9.5622,3.2753,0.6708,13.5083
gen3,4,4,1.7469,4.1367,0.5863,6.469900000000001
gen3,4,5,5.0028,3.9226,0.6641,9.5895
gen3,4,6,11.3526,2.5238,0.4005,14.2769
gen3,4,7,1.0065,1.4073,0.2239,2.6377
gen3,4,8,11.1416,2.6398,21.9362,35.717600000000004
gen3,4,9,0.2241,2.3758,0.7719,3.3718
gen3,4,10,3.3656,2.7859,0.5574,6.708900000000001
gen3,4,11,0.1831,1.4414,2.8413,4.4658
gen3,4,12,9.0644,2.4651,0.8401,12.369599999999998
gen3,4,13,0.2066,1.5048,0.4536,2.165
gen3,4,14,10.6789,2.753,0.6259,14.0578
gen3,4,15,0.2007,2.7656,28.1879,31.1542
gen3,4,16,0.5847,3.486,0.4733,4.5440000000000005
gen3,4,17,0.2633,2.691,0.2832,3.2375
gen3,4,18,5.055,2.579,0.349,7.9830000000000005
gen3,4,19,1.7489,3.0497,0.4614,5.260000000000001
gen3,4,20,8.4353,2.8633,0.5511,11.8497
gen3,4,21,1.4994,1.6335,30.5456,33.6785
gen3,4,22,0.3997,2.2821,0.3406,3.0224
gen3,4,23,7.1112,3.4352,0.5317,11.078100000000001
gen3,4,24,0.8878,2.9685,0.3864,4.2427
gen3,4,25,7.6155,1.8992,0.3807,9.895399999999999
gen3,4,26,13.6538,2.8228,21.0878,37.564400000000006
gen3,4,27,0.2238,1.4329,0.254,1.9107
gen3,4,28,5.1885,3.5842,0.5781,9.3508
gen3,4,29,0.2408,2.6049,0.4267,3.2724
gen3,4,30,9.0372,2.3797,0.6203,12.0372
gen3,4,31,0.7313,1.8042,33.4969,36.032399999999996
gen3,4,32,0.3319,3.2314,0.5894,4.1527
gen3,4,33,5.6207,2.5363,0.5943,8.7513
gen3,4,34,0.4244,1.4016,0.2155,2.0415
gen3,4,35,9.6049,3.1255,0.2671,12.9975
gen3,4,36,0.2502,1.5171,0.2276,1.9949
gen3,4,37,12.301,2.82,23.939,39.06
gen3,4,38,0.3077,2.1169,0.4661,2.8907
gen3,4,39,1.5953,2.7565,0.4339,4.7857
gen3,4,40,0.6102,1.6359,2.4871,4.7332
gen3,4,41,7.5148,2.9128,0.3457,10.7733
gen3,4,42,0.2624,1.6055,0.2178,2.0857
gen3,4,43,10.2448,2.6141,0.3343,13.193200000000001
gen3,4,44,0.5326,1.4043,0.5225,2.4594
gen3,4,45,12.5699,3.2507,26.972,42.7926
gen3,4,46,0.9689,3.4238,0.5566,4.949299999999999
gen3,4,47,0.2234,1.7698,0.2582,2.2514000000000003
gen3,4,48,0.2368,1.592,1.8806,3.7094000000000005
gen3,4,49,5.9446,3.1494,0.6391,9.7331
gen3,4,50,0.4339,3.6911,0.6339,4.7589
gen3,4,51,8.2447,3.7772,0.6335,12.6554
gen3,4,52,0.5636,2.3952,0.3641,3.3229
gen3,4,53,8.2825,3.3852,0.4586,12.1263
gen3,4,54,1.3402,2.4957,0.3913,4.2272
gen3,4,55,7.1159,2.9352,25.2134,35.2645
gen3,4,56,0.3532,4.4176,0.3965,5.1673
gen3,4,57,0.266,2.9272,0.4065,3.5997
gen3,4,58,0.8998,2.3217,0.5981,3.8196
gen3,4,59,6.4734,3.6862,0.6817,10.841299999999999
gen3,4,60,0.2822,2.4794,0.2714,3.033
gen3,4,61,10.0565,2.969,29.9011,42.9266
gen3,4,62,0.3926,2.966,0.2908,3.6494
gen3,4,63,0.2062,1.5491,0.2424,1.9976999999999998
gen3,4,64,9.0719,4.0682,36.1101,49.25020000000001
gen3,4,65,0.2382,1.5405,0.6523,2.431
gen3,4,66,4.1574,2.9833,0.4931,7.6338
gen3,4,67,0.2248,1.3258,3.1736,4.7242
gen3,4,68,7.4894,2.8866,0.4799,10.8559
gen3,4,69,0.1741,1.2814,0.3406,1.7961
gen3,4,70,11.9918,2.427,0.7321,15.1509
gen3,4,71,0.1905,1.3766,29.4175,30.9846
gen3,4,72,0.6088,3.7508,1.1715,5.5311
gen3,4,73,0.4147,2.0182,0.5331,2.966
gen3,4,74,4.7856,3.5004,0.8115,9.0975
gen3,4,75,0.3025,2.4964,0.8472,3.6460999999999997
gen3,4,76,8.5198,2.0251,30.9218,41.4667
gen3,4,77,0.4624,1.7566,0.503,2.722
gen3,4,78,0.2494,1.6236,0.4316,2.3045999999999998
gen3,4,79,9.994,3.4739,0.5201,13.988
gen3,4,80,0.2877,2.077,0.5588,2.9234999999999998
gen3,4,81,8.4774,3.348,31.7197,43.5451
gen3,4,82,0.5656,2.7109,0.4163,3.6928
gen3,4,83,0.4089,2.5421,0.3355,3.2865
gen3,4,84,6.2342,4.2733,0.6269,11.1344
gen3,4,85,11.8961,2.3272,0.3999,14.6232
gen3,4,86,1.2489,1.7733,26.2261,29.2483
gen3,4,87,0.3342,3.1455,0.5247,4.0044
gen3,4,88,0.3209,2.3323,0.2941,2.9473
gen3,4,89,8.5655,1.9042,0.2785,10.748199999999999
gen3,4,90,1.7219,1.5321,0.5013,3.7553
gen3,4,91,9.6638,2.2638,0.4812,12.4088
gen3,4,92,1.1173,1.8554,0.277,3.2497
gen3,4,93,9.8026,2.3529,24.7377,36.8932
gen3,4,94,0.3037,2.2272,0.5668,3.0976999999999997
gen3,4,95,2.5013,3.234,0.3677,6.103000000000001
gen3,4,96,0.5178,1.699,42.9986,45.2154
gen3,4,97,0.3401,3.3054,0.33,3.9755000000000003
gen3,4,98,0.3177,2.3277,0.4989,3.1443
gen3,4,99,9.4299,2.9539,0.6598,13.043600000000001
gen3,4,100,0.8785,2.3842,0.5446,3.8072999999999997
gen3,4,101,9.2633,2.6869,29.4644,41.4146
gen3,4,102,0.3397,3.046,0.5493,3.935
gen3,4,103,0.3407,2.7641,0.3695,3.4743
gen3,4,104,7.0479,3.3478,0.4659,10.8616
gen3,4,105,0.4079,3.0253,0.4378,3.8710000000000004
gen3,4,106,8.5362,3.6324,27.8292,39.9978
gen3,4,107,0.3974,3.082,0.4133,3.8927
gen3,4,108,1.2886,1.9106,0.356,3.5552
gen3,4,109,8.7329,2.4323,0.4096,11.5748
gen3,4,110,1.112,1.8306,0.2621,3.2047
gen3,4,111,9.5017,2.4903,31.9155,43.9075
gen3,4,112,0.3318,1.7074,0.4741,2.5133
gen3,4,113,10.4618,2.9143,0.519,13.895100000000001
gen3,4,114,0.2497,1.5437,0.4784,2.2718000000000003
gen3,4,115,11.244,2.5825,26.8816,40.7081
gen3,4,116,0.3662,2.0962,0.5398,3.0022
gen3,4,117,0.2374,1.9082,0.5808,2.7264
gen3,4,119,0.3176,2.1165,0.3882,2.8223
gen3,4,120,6.349,3.483,0.4853,10.317300000000001
gen3,4,121,0.4315,3.114,0.4224,3.9678999999999998
gen3,4,122,6.8449,3.1543,31.6427,41.6419
gen3,4,123,0.3335,2.5435,0.6008,3.4778
gen3,4,124,8.9744,2.2838,0.57,11.828199999999999
gen3,4,125,0.211,1.4278,0.5357,2.1745
gen3,4,126,10.7383,2.8686,0.703,14.309899999999999
gen3,4,127,0.2688,1.7257,0.4554,2.4499
gen3,4,128,10.9894,2.2974,0.7874,14.0742
gen3,4,129,2.0217,2.0897,27.5405,31.6519
gen3,4,130,0.3433,1.5353,0.3622,2.2408
gen3,4,131,11.4793,3.4905,0.4892,15.459
gen3,4,132,0.286,2.9955,0.6791,3.9606
gen3,4,133,7.5054,1.9377,27.7149,37.158
gen3,4,134,0.709,2.178,0.2692,3.1562
gen3,4,135,0.1862,3.2651,0.3497,3.8009999999999997
gen3,4,136,10.7844,3.09,37.0851,50.9595
gen3,4,137,0.376,2.3497,0.5037,3.2294
gen3,4,138,4.4966,4.0477,0.7497,9.294
gen3,4,139,0.6239,2.1661,0.2678,3.0578
gen3,4,140,8.2235,2.6615,0.3816,11.2666
gen3,4,141,0.6499,1.4037,33.7841,35.837700000000005
gen3,4,142,0.2905,1.779,0.6927,2.7621999999999995
gen3,4,143,6.8868,3.8217,0.4802,11.1887
gen3,4,144,0.3603,2.3334,0.2963,2.99
gen3,4,145,8.9573,3.0838,0.4521,12.4932
gen3,4,146,1.9026,2.361,32.4829,36.7465
gen3,4,147,0.2957,3.2913,0.7572,4.3442
gen3,4,148,4.2919,2.6763,0.5771,7.545299999999999
gen3,4,149,0.5266,1.5572,41.1155,43.199299999999994
gen3,4,150,0.5189,2.4512,0.7028,3.6729
gen3,4,151,0.2532,1.6235,0.6906,2.5673
gen3,4,152,9.442,2.524,0.3215,12.287500000000001
gen3,4,153,1.2322,2.3417,0.3692,3.9431000000000003
gen3,4,154,9.6698,3.4321,30.6251,43.727000000000004
gen3,4,155,0.3446,2.8749,0.4864,3.7059
gen3,4,156,0.3461,1.7436,0.3821,2.4718
gen3,4,157,8.0864,4.4055,0.7209,13.2128
gen3,4,158,0.799,3.1031,0.3204,4.2225
gen3,4,159,6.4356,3.6677,28.4824,38.5857
gen3,4,160,0.6583,2.6802,0.2971,3.6356
gen3,4,161,0.2467,1.4775,0.7528,2.477
gen3,4,162,9.4474,3.183,39.673,52.3034
gen3,4,163,0.5012,2.8444,0.406,3.7516
gen3,4,164,3.606,3.1313,0.6292,7.366499999999999
gen3,4,165,1.2134,2.4664,1.1281,4.8079
gen3,4,166,5.1598,1.9352,0.7278,7.8228
gen3,4,167,13.4359,3.2054,0.5907,17.232
gen3,4,168,0.6363,2.8388,21.7587,25.233800000000002
gen3,4,169,0.4562,3.5075,0.4645,4.4281999999999995
gen3,4,170,0.5482,3.3215,0.3699,4.2396
gen3,4,171,0.221,2.4314,3.0894,5.7418
gen3,4,172,5.9884,4.5899,0.5546,11.132900000000001
gen3,4,173,0.5635,3.1217,0.4886,4.1738
gen3,4,174,6.7136,3.1448,29.6303,39.488699999999994
gen3,4,175,0.3392,3.4232,0.5162,4.2786
gen3,4,176,0.4721,2.1425,0.3471,2.9617000000000004
gen3,4,177,6.4076,3.6624,37.1036,47.1736
gen3,4,178,0.3203,1.7154,0.3465,2.3821999999999997
gen3,4,179,4.7374,3.6053,0.4429,8.7856
gen3,4,180,1.5741,3.2225,0.5969,5.3934999999999995
gen3,4,181,6.68,3.1962,0.6366,10.5128
gen3,4,182,0.4956,2.3754,0.5503,3.4213
gen3,4,183,9.3415,2.5372,27.7284,39.6071
gen3,4,184,0.3061,1.7622,0.6373,2.7055999999999996
gen3,4,185,0.2049,1.9657,0.7485,2.9191
gen3,4,186,11.109,3.1499,0.4265,14.685400000000001
gen3,4,187,0.1736,1.3513,0.6772,2.2020999999999997
gen3,4,188,10.0777,3.3107,27.3249,40.713300000000004
gen3,4,189,0.2348,1.932,0.5325,2.6993
gen3,4,190,0.2731,2.4458,0.4126,3.1315
gen3,4,192,0.283,2.9665,0.6689,3.9184
gen3,4,193,3.9234,2.2347,0.362,6.5201
gen3,4,194,1.3272,2.6248,0.389,4.341
gen3,4,195,10.6366,3.1787,0.4946,14.3099
gen3,4,196,0.5341,2.777,29.6457,32.9568
gen3,4,197,0.2445,1.6981,0.5253,2.4678999999999998
gen3,4,198,8.9416,2.6323,0.3143,11.888199999999998
gen3,4,199,0.5656,1.6842,0.4976,2.7474
gen3,5,0,0.5115,3.1278,0.8218,4.4611
gen3,5,1,0.2963,2.3057,0.5514,3.1534
gen3,5,2,0.8768,1.547,0.2706,2.6944
gen3,5,3,10.0256,2.967,0.3904,13.383000000000001
gen3,5,4,1.1903,3.244,0.626,5.060300000000001
gen3,5,5,7.6792,4.2237,24.2174,36.1203
gen3,5,6,0.3415,2.7157,0.7391,3.7963
gen3,5,7,0.3324,2.7421,0.347,3.4215
gen3,5,8,0.9778,2.2209,1.0981,4.296799999999999
gen3,5,9,7.5958,3.4256,0.5084,11.5298
gen3,5,10,0.3493,1.9777,0.3216,2.6486
gen3,5,11,9.7477,3.4803,27.2335,40.4615
gen3,5,12,0.3906,3.0284,0.4333,3.8523
gen3,5,13,0.2504,3.3152,0.4182,3.9838
gen3,5,14,0.354,2.6738,43.2802,46.308
gen3,5,15,0.3635,3.0041,0.4927,3.8603000000000005
gen3,5,16,8.3731,2.72,0.434,11.5271
gen3,5,17,1.092,1.8762,0.4195,3.3877000000000006
gen3,5,18,8.3399,2.5543,0.3931,11.2873
gen3,5,19,11.9453,3.0663,20.7207,35.7323
gen3,5,20,0.2618,1.6204,0.5555,2.4377
gen3,5,21,5.9361,2.5541,0.4855,8.9757
gen3,5,22,0.5011,1.4092,0.2158,2.1261
gen3,5,23,11.2562,2.9541,31.3149,45.5252
gen3,5,24,0.4845,3.6944,0.5412,4.7200999999999995
gen3,5,25,0.2484,2.3654,0.2718,2.8856
gen3,5,26,5.9789,2.3668,0.5206,8.8663
gen3,5,27,0.6032,2.7455,0.6988,4.0475
gen3,5,28,10.0953,3.1118,32.3306,45.5377
gen3,5,29,0.2314,1.9273,0.6263,2.785
gen3,5,30,9.8323,4.1079,0.3453,14.2855
gen3,5,31,0.2459,1.7311,0.2337,2.2107
gen3,5,32,8.0622,2.8861,28.8686,39.816900000000004
gen3,5,33,0.3403,1.6636,0.3219,2.3257999999999996
gen3,5,34,14.9855,3.8406,0.4277,19.253800000000002
gen3,5,35,0.3048,1.906,33.876,36.0868
gen3,5,36,0.3272,2.5569,0.3836,3.2677
gen3,5,37,4.9133,4.4973,0.5814,9.991999999999999
gen3,5,38,0.3215,2.7567,0.4632,3.5414
gen3,5,39,6.4365,2.5597,32.6257,41.621900000000004
gen3,5,40,0.2901,1.8747,1.1696,3.3344
gen3,5,41,9.6176,2.6405,0.655,12.913099999999998
gen3,5,42,0.7397,2.265,0.625,3.6297
gen3,5,43,8.3041,3.9445,30.813,43.0616
gen3,5,44,0.4757,3.4751,0.6263,4.5771
gen3,5,45,0.4029,3.0135,0.7444,4.1608
gen3,5,46,5.6299,3.0654,0.4901,9.1854
gen3,5,47,1.8124,3.861,0.4498,6.1232
gen3,5,48,6.3834,2.9802,0.4309,9.7945
gen3,5,49,1.1165,3.5923,0.6084,5.3172
gen3,5,50,6.339,1.972,25.963,34.274
gen3,5,51,0.3511,3.2456,0.6393,4.236000000000001
gen3,5,52,0.7184,3.5642,0.6326,4.9152000000000005
gen3,5,53,0.2916,2.8797,2.6139,5.7852
gen3,5,54,5.2986,2.776,0.4309,8.5055
gen3,5,55,1.6064,2.8246,0.4769,4.9079
gen3,5,56,7.9025,2.6756,30.9351,41.5132
gen3,5,57,0.3153,3.7726,0.8087,4.8966
gen3,5,58,0.3086,1.6108,0.7792,2.6986
gen3,5,59,7.1697,4.141,0.4695,11.7802
gen3,5,60,0.4034,2.3074,0.9059,3.6167
gen3,5,61,7.9517,2.4101,28.0929,38.4547
gen3,5,62,0.3361,3.4113,0.3543,4.1017
gen3,5,63,0.2484,2.1882,0.3059,2.7425
gen3,5,65,0.2599,1.5665,0.2803,2.1067
gen3,5,66,3.8226,3.5027,0.8434,8.168700000000001
gen3,5,67,0.2294,2.773,0.7499,3.7523
gen3,5,68,8.3292,1.8223,0.6263,10.777800000000001
gen3,5,70,0.36,2.2315,20.127,22.7185
gen3,5,71,0.3558,3.8087,0.5361,4.7006000000000006
gen3,5,72,0.8694,3.0558,0.5265,4.451700000000001
gen3,5,74,0.3609,3.1791,0.509,4.049
gen3,5,75,5.5549,1.9959,0.4034,7.9542
gen3,5,76,1.658,1.6041,0.4681,3.7302000000000004
gen3,5,77,9.5711,2.8359,30.6985,43.1055
gen3,5,78,0.3856,2.1658,0.2392,2.7906
gen3,5,79,0.1757,3.4415,1.0467,4.6639
gen3,5,80,7.1748,2.8553,0.5336,10.5637
gen3,5,81,0.4926,2.1235,0.5574,3.1734999999999998
gen3,5,82,9.3693,2.7996,32.4179,44.586800000000004
gen3,5,83,0.3167,3.1629,1.0182,4.4978
gen3,5,84,10.2006,3.0585,0.5659,13.825
gen3,5,85,0.5369,3.0029,0.7335,4.2733
gen3,5,86,7.8074,2.8168,25.7736,36.3978
gen3,5,87,0.3093,2.9168,0.3352,3.5612999999999997
gen3,5,88,0.3746,2.5146,0.3124,3.2016
gen3,5,89,0.235,1.6389,6.0508,7.9247
gen3,5,90,3.1169,2.5425,0.3406,6.0
gen3,5,91,0.7954,1.7714,0.4165,2.9833000000000003
gen3,5,92,10.7431,3.1325,31.851,45.7266
gen3,5,93,0.381,3.4756,0.3669,4.2235000000000005
gen3,5,94,0.3177,2.2771,0.2874,2.8821999999999997
gen3,5,95,5.6251,3.2797,0.482,9.3868
gen3,5,96,1.1271,2.7171,0.4528,4.297
gen3,5,97,8.2145,2.6519,30.3184,41.184799999999996
gen3,5,98,0.353,2.7338,0.4246,3.5114
gen3,5,99,0.3003,2.4588,0.5216,3.2807
gen3,5,100,9.2555,2.686,0.3768,12.318299999999999
gen3,5,101,0.9149,1.9786,0.2699,3.1633999999999998
gen3,5,102,7.9147,2.1386,33.5561,43.6094
gen3,5,103,0.262,1.5006,0.263,2.0256
gen3,5,104,11.1654,2.7146,0.6846,14.564599999999999
gen3,5,105,0.3821,1.9147,0.4633,2.7601
gen3,5,106,9.5781,2.9312,27.6449,40.1542
gen3,5,107,0.638,2.5626,0.4081,3.6087000000000002
gen3,5,108,0.3607,3.2509,0.4583,4.0699000000000005
gen3,5,109,0.2862,2.3827,4.8122,7.4811
gen3,5,110,2.4011,3.4329,0.696,6.529999999999999
gen3,5,111,0.2713,3.2042,0.5514,4.0269
gen3,5,112,7.2965,2.9608,33.5796,43.8369
gen3,5,113,0.2387,1.5423,0.2496,2.0305999999999997
gen3,5,114,10.3051,2.2087,0.6833,13.197099999999999
gen3,5,115,0.3171,2.0653,0.8234,3.2058
gen3,5,116,8.7419,3.6976,28.1815,40.620999999999995
gen3,5,117,0.2748,3.3424,0.5882,4.2054
gen3,5,118,0.3806,2.6677,0.5407,3.5889999999999995
gen3,5,119,9.8902,2.1442,37.6999,49.7343
gen3,5,120,0.3042,1.8193,0.5253,2.6488
gen3,5,121,6.823,3.141,0.4049,10.3689
gen3,5,122,0.3325,2.497,0.3201,3.1496
gen3,5,123,6.8353,3.1001,32.3213,42.2567
gen3,5,124,0.5278,3.0611,0.3981,3.987
gen3,5,125,0.2459,2.8502,0.4135,3.5096
gen3,5,126,6.8111,2.9326,0.459,10.2027
gen3,5,127,0.2911,2.0431,0.4527,2.7869
gen3,5,128,9.7672,2.7039,0.4778,12.9489
gen3,5,129,1.1207,1.9635,0.3738,3.458
gen3,5,130,9.208,2.4476,0.4611,12.1167
gen3,5,131,0.5699,2.0313,0.2828,2.884
gen3,5,132,10.1083,3.5322,21.3486,34.9891
gen3,5,133,0.4008,2.905,0.6384,3.9441999999999995
gen3,5,134,2.3961,2.8371,0.6121,5.8453
gen3,5,135,0.2387,1.5897,42.6257,44.454100000000004
gen3,5,136,0.3575,2.7398,0.2589,3.3562
gen3,5,137,0.1989,1.3809,0.5834,2.1632000000000002
gen3,5,138,11.1307,3.2156,0.7219,15.0682
gen3,5,139,0.2239,2.2543,0.4031,2.8813000000000004
gen3,5,140,10.3876,4.2605,27.4493,42.0974
gen3,5,141,0.3467,3.3356,0.4155,4.097799999999999
gen3,5,142,0.2954,2.2814,0.2644,2.8412
gen3,5,143,8.7169,3.3411,0.558,12.616
gen3,5,144,0.8583,2.7553,0.403,4.0166
gen3,5,145,6.8346,2.5336,29.2968,38.665
gen3,5,146,0.5292,3.0051,0.4784,4.0127
gen3,5,147,0.2682,2.9366,0.4978,3.7025999999999994
gen3,5,148,0.3386,3.1448,4.058,7.541399999999999
gen3,5,149,1.8492,2.7648,0.3605,4.9745
gen3,5,150,1.5362,2.8938,0.434,4.864
gen3,5,151,7.3593,3.3192,34.3784,45.0569
gen3,5,152,0.3534,3.1747,0.3385,3.8666
gen3,5,153,5.5619,2.3275,0.3153,8.2047
gen3,5,154,12.4762,2.6904,0.4772,15.6438
gen3,5,155,0.8772,2.538,0.4044,3.8195999999999994
gen3,5,156,11.2153,3.6389,16.0206,30.8748
gen3,5,157,0.288,2.133,0.3554,2.7763999999999998
gen3,5,158,9.7303,3.3203,0.5311,13.5817
gen3,5,159,0.8103,2.829,0.3341,3.9734000000000003
gen3,5,160,6.0652,3.088,32.8017,41.954899999999995
gen3,5,161,0.3048,2.8224,0.5104,3.6376
gen3,5,162,8.312,2.3845,0.5309,11.227400000000001
gen3,5,163,0.2542,1.4758,38.3152,40.045199999999994
gen3,5,164,0.3184,2.9531,0.3623,3.6338
gen3,5,165,2.5895,3.0445,0.4698,6.103800000000001
gen3,5,166,1.0094,2.4382,1.8151,5.262700000000001
gen3,5,167,5.8259,2.9292,0.5557,9.310799999999999
gen3,5,168,0.4862,2.442,0.2818,3.2100000000000004
gen3,5,169,10.4333,2.6872,0.5986,13.7191
gen3,5,170,0.6944,2.1281,29.9368,32.7593
gen3,5,171,0.2495,1.5753,0.4165,2.2413
gen3,5,172,10.4577,3.464,0.4933,14.415000000000001
gen3,5,173,0.1888,1.4212,0.7913,2.4013
gen3,5,174,9.0531,2.3724,28.2477,39.673199999999994
gen3,5,175,0.6474,4.13,0.9174,5.6948
gen3,5,176,0.4904,2.442,0.3543,3.2867
gen3,5,178,0.4667,2.5247,0.8317,3.8231
gen3,5,179,4.4793,2.5782,0.546,7.6035
gen3,5,180,0.7429,1.6767,0.2935,2.7131
gen3,5,181,8.9464,2.3325,0.5621,11.841000000000001
gen3,5,182,0.548,1.6605,0.4758,2.6843
gen3,5,183,10.1968,2.1235,25.3925,37.7128
gen3,5,184,0.7847,3.2314,0.7578,4.773899999999999
gen3,5,185,1.0376,1.9994,0.6584,3.6954
gen3,5,186,1.7248,1.4547,3.0129,6.1924
gen3,5,187,7.1606,2.6111,1.0929,10.8646
gen3,5,188,2.3363,2.4278,0.5552,5.3193
gen3,5,189,7.3514,2.7598,29.2263,39.3375
gen3,5,190,0.5559,2.1016,0.44,3.0974999999999997
gen3,5,191,0.1882,1.8367,0.856,2.8809
gen3,5,192,7.7888,3.1639,0.4052,11.3579
gen3,5,193,0.4291,1.8532,0.4369,2.7192
gen3,5,194,11.764,2.4523,27.8682,42.084500000000006
gen3,5,195,0.4885,2.2045,0.5607,3.2537000000000003
gen3,5,196,0.2343,1.7135,0.3277,2.2755
gen3,5,197,11.2552,2.3618,0.6633,14.2803
gen3,5,198,1.3374,1.8026,0.7218,3.8617999999999997
gen3,5,199,9.4939,3.2411,29.08,41.815
gen2,1,0,0.6413,3.1226,2.7832,6.5470999999999995
gen2,1,1,0.7999,3.4263,3.8958,8.122
gen2,1,2,0.3024,1.6651,1.5755,3.543
gen2,1,5,0.3843,1.5428,3.5789,5.506
gen2,1,7,0.3219,2.3049,3.137,5.7638
gen2,1,8,2.0196,2.8037,54.9891,59.8124
gen2,1,9,0.369,2.3138,3.5676,6.250400000000001
gen2,1,10,0.2417,3.0139,46.0889,49.344500000000004
gen2,1,11,0.2709,2.0896,12.5045,14.865
gen2,1,12,0.2879,3.1404,3.8924,7.3207
gen2,1,13,0.48,2.7856,12.3326,15.598199999999999
gen2,1,14,0.2327,3.6005,4.2271,8.0603
gen2,1,15,0.4004,2.2074,2.4735,5.0813
gen2,1,16,0.2219,2.7492,10.9009,13.872
gen2,1,17,0.3404,2.9674,2.8091,6.116899999999999
gen2,1,18,0.2765,2.9844,43.1974,46.4583
gen2,1,19,0.5352,1.9533,4.7527,7.2412
gen2,1,20,1.0056,2.1543,53.8007,56.9606
gen2,1,21,0.3199,1.7077,1.9012,3.9288
gen2,1,23,0.3805,2.8213,14.7378,17.9396
gen2,1,24,0.2864,2.8189,1.6091,4.7144
gen2,1,25,0.4702,3.4485,44.7058,48.624500000000005
gen2,1,26,0.3978,2.6905,13.8362,16.924500000000002
gen2,1,27,0.5385,2.9045,3.2719,6.7149
gen2,1,28,0.3043,1.9949,2.79,5.0892
gen2,1,29,1.5465,3.1247,12.526,17.1972
gen2,1,30,0.2901,2.2377,3.8913,6.4191
gen2,1,31,0.2782,2.9352,13.869,17.0824
gen2,1,32,0.3424,3.0009,1.8161,5.1594
gen2,1,34,0.4283,3.3091,2.4048,6.1422
gen2,1,35,0.4464,1.9021,53.4659,55.8144
gen2,1,36,0.2777,2.4108,3.5699,6.2584
gen2,1,37,0.4058,2.2393,1.9977,4.6428
gen2,1,38,0.2953,2.5901,3.7295,6.6149000000000004
gen2,1,39,3.0469,2.5262,49.6898,55.2629
gen2,1,40,0.2949,2.574,3.5082,6.3771
gen2,1,42,0.3778,3.6707,8.8113,12.8598
gen2,1,43,0.3284,2.5939,3.9265,6.8488
gen2,1,44,0.2843,2.4821,42.105,44.871399999999994
gen2,1,45,0.5001,2.2877,1.9203,4.7081
gen2,1,46,0.3014,3.6187,11.1737,15.0938
gen2,1,47,0.4522,2.5261,4.4057,7.384
gen2,1,48,0.2781,2.459,13.3973,16.1344
gen2,1,49,0.3108,3.3005,4.7289,8.3402
gen2,1,50,0.4625,2.8005,3.3031,6.5661000000000005
gen2,1,51,0.3308,3.2023,53.9256,57.4587
gen2,1,52,0.3418,2.7628,45.1369,48.241499999999995
gen2,1,53,0.3376,2.3737,4.7547,7.465999999999999
gen2,1,54,0.2566,2.6813,10.9339,13.8718
gen2,1,55,0.3621,1.7591,2.0428,4.164
gen2,1,57,0.2862,1.7613,11.792,13.839500000000001
gen2,1,58,0.3122,2.3148,1.8093,4.436299999999999
gen2,1,59,0.3458,3.06,1.8503,5.2561
gen2,1,61,0.546,3.7513,4.7967,9.094000000000001
gen2,1,62,2.1379,2.9328,54.6713,59.742000000000004
gen2,1,63,0.3332,2.0311,3.0833,5.4475999999999996
gen2,1,64,0.2791,3.1005,43.2152,46.594800000000006
gen2,1,65,0.5426,3.4884,12.8078,16.8388
gen2,1,66,0.2776,2.6127,1.7075,4.597799999999999
gen2,1,67,0.3029,1.789,1.8918,3.9837
gen2,1,69,0.2792,2.5132,4.0301,6.8225
gen2,1,70,0.2176,1.4329,1.7178,3.3683
gen2,1,72,0.208,1.6779,50.6316,52.5175
gen2,1,73,0.4652,3.2055,10.697,14.3677
gen2,1,74,0.3117,2.9946,4.1488,7.4551
gen2,1,75,1.0014,2.4664,12.5031,15.9709
gen2,1,76,0.4223,2.657,3.5835,6.6628
gen2,1,77,0.3392,3.6122,13.9499,17.9013
gen2,1,78,0.3094,1.6959,1.8389,3.8442
gen2,1,80,0.2813,2.6588,12.5197,15.4598
gen2,1,81,0.6522,3.4219,3.654,7.7280999999999995
gen2,1,82,0.4114,2.7912,10.7401,13.9427
gen2,1,83,0.4927,2.925,1.7187,5.1364
gen2,1,84,0.2753,2.0814,1.6466,4.0033
gen2,1,85,3.0422,2.7816,11.8496,17.6734
gen2,1,86,0.7745,2.7736,3.557,7.1051
gen2,1,87,0.4353,2.9697,2.1178,5.5228
gen2,1,89,0.3766,2.6209,2.8452,5.8427
gen2,1,90,0.3064,2.6254,6.0884,9.020199999999999
gen2,1,91,0.2705,2.1245,56.0033,58.398300000000006
gen2,1,92,0.3314,2.9474,3.1965,6.4753
gen2,1,94,0.2874,1.8351,16.0829,18.205399999999997
gen2,1,95,0.3657,3.1285,3.0281,6.5222999999999995
gen2,1,96,0.2609,2.5808,44.4908,47.3325
gen2,1,97,0.6482,2.971,13.2872,16.9064
gen2,1,98,0.3327,2.1048,3.4733,5.9108
gen2,1,99,0.294,1.6205,1.8457,3.7602
gen2,1,101,0.6359,2.4628,3.4601,6.5588
gen2,1,102,0.2236,2.2931,58.139,60.6557
gen2,1,103,0.7218,2.4253,44.14,47.2871
gen2,1,104,0.3439,3.3627,13.5318,17.2384
gen2,1,105,0.4901,3.1382,3.0723,6.7006
gen2,1,106,0.2474,1.7853,44.0583,46.091
gen2,1,107,0.2816,1.7316,1.5281,3.5412999999999997
gen2,1,109,0.2831,1.655,2.2377,4.1758
gen2,1,111,0.2586,1.759,11.3334,13.350999999999999
gen2,1,112,0.2741,3.5026,4.5671,8.3438
gen2,1,113,0.3579,2.4916,2.6811,5.5306
gen2,1,114,0.6136,2.4186,10.6288,13.661
gen2,1,115,0.4825,3.2289,46.2151,49.9265
gen2,1,116,0.3996,2.319,2.7218,5.4404
gen2,1,117,0.293,2.7374,53.3249,56.3553
gen2,1,118,0.3006,3.1515,6.3854,9.837499999999999
gen2,1,119,0.3768,2.0373,47.0127,49.4268
gen2,1,120,0.3616,3.4049,8.1892,11.9557
gen2,1,121,0.5442,3.1395,63.7913,67.475
gen2,1,122,0.2423,1.7729,65.9225,67.9377
gen2,1,123,0.3573,3.0975,21.1696,24.624399999999998
gen2,1,124,0.2621,2.3912,64.1247,66.778
gen2,1,125,0.3401,2.1467,66.2225,68.7093
gen2,1,126,0.2732,2.6142,20.8536,23.741
gen2,1,127,0.291,1.6619,22.7987,24.7516
gen2,1,128,0.2886,2.4802,22.7944,25.5632
gen2,1,129,0.322,3.3632,107.8232,111.5084
gen2,1,130,0.2747,1.539,65.9955,67.8092
gen2,1,131,0.3282,2.7273,21.7031,24.758599999999998
gen2,1,132,0.2919,2.3348,20.9627,23.5894
gen2,1,133,0.3386,3.0418,64.2668,67.6472
gen2,1,134,0.2948,2.7329,21.1584,24.1861
gen2,1,135,0.3292,1.9124,23.2284,25.47
gen2,1,136,0.4255,2.4399,64.8596,67.725
gen2,1,137,0.427,2.1741,20.3738,22.974899999999998
gen2,1,138,0.2376,1.567,23.4049,25.209500000000002
gen2,1,139,0.3176,1.8244,65.7631,67.90509999999999
gen2,1,140,0.2741,1.493,22.8891,24.6562
gen2,1,141,0.4416,2.4847,20.1615,23.0878
gen2,1,142,0.2407,1.6142,65.6827,67.5376
gen2,1,143,0.3022,1.7461,23.0228,25.0711
gen2,1,144,0.2576,1.4942,22.2916,24.0434
gen2,1,145,0.3104,2.3741,68.8134,71.4979
gen2,1,146,0.3907,2.1948,62.0021,64.5876
gen2,1,147,0.2776,2.295,64.552,67.1246
gen2,1,148,0.2699,1.7742,22.0256,24.0697
gen2,1,149,0.3478,3.8034,20.1333,24.284499999999998
gen2,1,150,0.2633,2.4378,69.8427,72.54379999999999
gen2,1,151,0.4164,2.7036,19.0219,22.1419
gen2,1,152,0.3594,3.2055,64.2759,67.84079999999999
gen2,1,153,0.2962,2.7391,67.0922,70.12750000000001
gen2,1,154,0.3628,3.595,18.3597,22.3175
gen2,1,155,0.7625,2.5028,22.3658,25.6311
gen2,1,156,0.3414,3.4878,64.0661,67.8953
gen2,1,157,0.4136,3.1066,18.6458,22.166
gen2,1,158,0.3115,3.2355,20.8095,24.3565
gen2,1,159,0.628,2.9345,65.53,69.0925
gen2,1,160,0.2402,1.6645,24.0683,25.973
gen2,1,161,0.602,2.6538,19.164,22.419800000000002
gen2,1,162,0.3289,2.4751,63.5813,66.3853
gen2,1,163,0.4516,3.3711,21.7892,25.611900000000002
gen2,1,164,0.225,1.5512,21.0455,22.8217
gen2,1,165,0.6816,2.3207,65.6682,68.6705
gen2,1,166,0.2843,2.3782,20.4732,23.1357
gen2,1,167,0.3454,2.2332,21.8325,24.4111
gen2,1,168,0.3391,3.4066,64.9435,68.6892
gen2,1,169,0.3228,2.7099,64.5053,67.53800000000001
gen2,1,170,0.2736,1.8532,21.6896,23.816399999999998
gen2,1,171,0.5958,3.8693,63.9466,68.4117
gen2,1,172,0.2621,1.7519,65.5801,67.5941
gen2,1,173,0.3544,3.4246,20.3723,24.1513
gen2,1,174,0.303,2.3338,21.4705,24.107300000000002
gen2,1,175,0.2797,1.5425,66.6761,68.4983
gen2,1,176,0.2517,2.1496,24.1812,26.5825
gen2,1,177,0.5558,3.5304,111.3146,115.4008
gen2,1,178,0.2821,1.5585,62.577,64.4176
gen2,1,179,0.4407,2.9584,66.0986,69.49770000000001
gen2,1,180,0.3553,2.6922,20.044,23.0915
gen2,1,181,0.2588,1.5854,25.6487,27.492900000000002
gen2,1,182,0.3587,2.3126,63.6232,66.2945
gen2,1,183,0.2876,2.5468,20.9288,23.763199999999998
gen2,1,184,0.5087,3.093,19.5425,23.1442
gen2,1,185,0.287,2.1656,67.228,69.6806
gen2,1,186,0.2705,2.9177,20.2645,23.4527
gen2,1,187,0.5966,3.8872,18.3913,22.875100000000003
gen2,1,188,0.2936,2.0277,66.2863,68.60759999999999
gen2,1,189,0.3399,3.1554,21.3024,24.7977
gen2,1,190,0.3082,2.4557,21.0685,23.8324
gen2,1,191,0.4852,2.5912,64.0952,67.17160000000001
gen2,1,192,0.3379,2.3333,22.4503,25.121499999999997
gen2,1,193,0.3193,2.6688,21.7876,24.7757
gen2,1,194,0.448,2.0078,65.1178,67.5736
gen2,1,195,0.2755,1.4721,21.6842,23.4318
gen2,1,196,0.4817,2.9192,20.5517,23.9526
gen2,1,197,0.2915,1.8126,70.4166,72.5207
gen2,1,198,0.3749,4.1143,59.8703,64.3595
gen2,1,199,0.3441,2.871,20.591,23.8061
gen2,2,0,0.2627,2.8868,3.7065,6.856
gen2,2,1,0.3439,2.7938,2.0655,5.203200000000001
gen2,2,2,0.3044,2.6177,11.5951,14.5172
gen2,2,3,0.3873,1.9099,1.8137,4.1109
gen2,2,4,0.2628,1.9109,48.7654,50.939099999999996
gen2,2,5,0.4133,3.1768,10.2047,13.7948
gen2,2,6,0.3061,1.6729,1.4177,3.3967
gen2,2,7,2.9335,3.3263,2.0362,8.296
gen2,2,8,0.3032,2.5529,11.9562,14.8123
gen2,2,9,0.294,3.4807,3.4451,7.2198
gen2,2,11,0.3039,2.6988,2.1988,5.201499999999999
gen2,2,12,0.8411,3.923,41.9935,46.7576
gen2,2,13,0.3654,3.5098,14.2476,18.1228
gen2,2,14,0.3086,3.28,2.4247,6.013299999999999
gen2,2,15,0.3187,2.4608,60.0831,62.8626
gen2,2,16,0.2874,1.6438,22.2939,24.2251
gen2,2,17,0.468,2.9247,65.7063,69.099
gen2,2,18,0.2869,3.7518,66.1592,70.1979
gen2,2,19,0.6743,3.4853,60.7899,64.9495
gen2,2,20,0.7025,2.2903,23.6854,26.6782
gen2,2,21,0.3317,2.6742,108.3036,111.3095
gen2,2,22,0.2812,3.3843,69.4466,73.1121
gen2,2,23,0.3315,2.3806,61.4432,64.1553
gen2,2,24,0.4186,2.3559,65.0839,67.8584
gen2,2,25,0.4415,3.3817,21.2143,25.0375
gen2,2,26,0.7634,2.7698,20.0465,23.579700000000003
gen2,2,27,0.5077,2.6789,66.8611,70.04769999999999
gen2,2,28,0.4028,2.7355,61.7772,64.9155
gen2,2,29,0.3486,1.9862,67.6043,69.9391
gen2,2,30,0.3531,2.3545,20.6282,23.3358
gen2,2,31,0.3069,2.7597,21.6967,24.7633
gen2,2,32,0.4337,3.9469,66.0969,70.4775
gen2,2,33,0.3487,2.0553,61.8956,64.2996
gen2,2,34,0.2414,1.8886,65.5965,67.7265
gen2,2,35,0.2679,1.5141,22.5908,24.3728
gen2,2,36,0.462,2.0536,22.2701,24.7857
gen2,2,37,0.134,2.3863,68.3978,70.91810000000001
gen2,2,38,0.1436,2.4585,61.5012,64.10329999999999
gen2,2,39,0.2286,2.0783,23.3183,25.6252
gen2,2,40,0.1268,1.9543,108.3513,110.4324
gen2,2,41,0.1497,2.5386,68.5393,71.2276
gen2,2,42,0.2095,2.4012,62.3144,64.9251
gen2,2,43,0.2052,2.1221,66.33,68.65729999999999
gen2,2,44,0.1714,2.7071,22.3629,25.2414
gen2,2,45,0.1987,2.5862,20.039,22.823900000000002
gen2,2,46,0.1398,1.6166,69.5055,71.2619
gen2,2,47,0.1583,2.8388,62.5714,65.5685
gen2,2,48,0.3101,3.0691,63.9965,67.3757
gen2,2,49,0.2005,2.2604,21.6965,24.1574
gen2,2,50,0.2185,2.4155,21.9464,24.5804
gen2,2,51,0.1184,1.4961,70.1454,71.7599
gen2,2,52,0.21,2.7252,61.3529,64.2881
gen2,2,53,0.1273,2.4427,67.7147,70.28469999999999
gen2,2,54,0.1456,3.4604,19.2158,22.821800000000003
gen2,2,55,0.167,1.4339,23.0571,24.657999999999998
gen2,2,56,0.1994,2.3086,64.5123,67.02029999999999
gen2,2,57,0.1417,1.4665,22.506,24.1142
gen2,2,58,0.1365,3.0181,20.9293,24.0839
gen2,2,59,0.1468,1.9619,67.7666,69.8753
gen2,2,60,0.1545,3.0358,63.1691,66.3594
gen2,2,61,0.205,2.9546,68.5268,71.68639999999999
gen2,2,62,0.1238,1.4345,62.5151,64.07339999999999
gen2,2,63,0.1667,2.602,66.7163,69.485
gen2,2,64,0.1586,2.1569,21.5043,23.8198
gen2,2,65,0.1877,2.3284,21.3823,23.898400000000002
gen2,2,66,0.1758,1.5021,69.4038,71.0817
gen2,2,67,0.1553,2.5975,61.4908,64.2436
gen2,2,68,0.1894,2.8036,66.3507,69.3437
gen2,2,69,0.1302,1.8272,22.6717,24.6291
gen2,2,70,0.1887,2.0252,21.5948,23.808699999999998
gen2,2,71,0.271,2.4802,68.9005,71.65169999999999
gen2,2,72,0.2132,3.335,60.742,64.2902
gen2,2,73,0.3236,2.2468,67.4622,70.0326
gen2,2,74,0.1408,2.8936,19.671,22.7054
gen2,2,75,0.1469,2.8244,20.6662,23.6375
gen2,2,76,0.1606,3.3019,71.409,74.87150000000001
gen2,2,78,0.2007,3.4196,64.4487,68.069
gen2,2,79,0.2684,3.0401,63.795,67.1035
gen2,2,80,0.2425,2.1308,69.8837,72.257
gen2,2,81,0.1607,3.601,60.1649,63.9266
gen2,2,82,0.2212,2.9127,65.6691,68.803
gen2,2,83,0.2079,2.7497,21.4264,24.384
gen2,2,84,0.236,3.1352,19.4857,22.856900000000003
gen2,2,85,0.1377,2.7927,69.6193,72.5497
gen2,2,86,0.1465,2.7327,61.1656,64.0448
gen2,2,87,0.1753,1.5181,66.2892,67.98259999999999
gen2,2,88,0.2563,3.4676,20.0541,23.778
gen2,2,89,0.1274,2.094,22.4707,24.6921
gen2,2,90,0.1322,3.6499,67.566,71.3481
gen2,2,91,0.1409,3.093,61.5638,64.7977
gen2,2,92,0.1433,2.2637,65.0326,67.4396
gen2,2,93,0.1394,1.5391,23.1049,24.7834
gen2,2,94,0.2169,2.751,20.5776,23.5455
gen2,2,95,0.1366,1.9145,69.478,71.5291
gen2,2,96,0.2135,3.2004,61.2121,64.626
gen2,2,97,0.2632,2.1274,66.6795,69.07010000000001
gen2,2,98,0.2602,3.1522,63.2811,66.6935
gen2,2,99,0.1331,1.5212,69.9327,71.587
gen2,2,100,0.1949,2.181,62.5957,64.9716
gen2,2,101,0.1626,2.4806,66.8907,69.53389999999999
gen2,2,102,0.2583,2.5989,20.9101,23.7673
gen2,2,103,0.2259,2.9092,19.8927,23.0278
gen2,2,104,0.2138,2.4093,69.8559,72.479
gen2,2,105,0.2367,2.3641,60.418,63.0188
gen2,2,106,0.1468,2.4784,65.6182,68.24340000000001
gen2,2,107,0.1556,1.7964,21.4919,23.4439
gen2,2,108,0.1212,1.359,23.8405,25.3207
gen2,2,109,0.1924,3.0035,67.004,70.1999
gen2,2,110,0.1548,1.5865,63.9846,65.7259
gen2,2,111,0.1471,2.575,66.2271,68.94919999999999
gen2,2,112,0.1276,2.2886,20.0311,22.4473
gen2,2,113,0.1401,1.4654,23.2323,24.837799999999998
gen2,2,114,0.1701,2.065,69.2628,71.4979
gen2,2,115,0.1283,1.5053,61.5194,63.153
gen2,2,116,0.1462,1.8448,66.3169,68.3079
gen2,2,117,0.1357,2.4788,22.5965,25.211
gen2,2,118,0.2201,3.6714,110.0787,113.97019999999999
gen2,2,119,0.1612,2.6237,61.5987,64.3836
gen2,2,120,0.2062,2.3359,65.7756,68.3177
gen2,2,121,0.1736,1.952,22.7536,24.879199999999997
gen2,2,122,0.1822,1.7227,21.9298,23.8347
gen2,2,123,0.1516,4.0269,65.8097,69.9882
gen2,2,124,0.2198,2.9361,19.21,22.3659
gen2,2,125,0.1472,3.0628,21.3832,24.5932
gen2,2,126,0.2113,2.2724,65.2175,67.7012
gen2,2,127,0.1957,2.2647,21.6006,24.061
gen2,2,128,0.5191,2.9659,20.7762,24.2612
gen2,2,129,0.1338,1.6796,66.4587,68.2721
gen2,2,130,0.152,3.0486,65.0111,68.2117
gen2,2,131,0.1615,1.8545,21.8684,23.8844
gen2,2,132,0.1971,1.9092,65.119,67.2253
gen2,2,133,0.1624,1.5853,66.9679,68.7156
gen2,2,134,0.2066,3.6123,21.1999,25.0188
gen2,2,135,0.1553,3.152,20.573,23.880300000000002
gen2,2,136,0.1551,2.3479,64.7987,67.3017
gen2,2,137,0.2295,2.8368,21.17,24.2363
gen2,2,138,0.1292,1.7183,22.2702,24.1177
gen2,2,139,0.2132,3.0787,22.778,26.069899999999997
gen2,2,140,0.1328,3.5289,69.2749,72.9366
gen2,2,141,0.1751,1.6188,64.4844,66.27829999999999
gen2,2,142,0.1317,1.7833,66.6422,68.55720000000001
gen2,2,143,0.1982,1.6973,22.6369,24.5324
gen2,2,144,0.141,2.9817,19.7879,22.910600000000002
gen2,2,145,0.1879,1.4851,68.5555,70.2285
gen2,2,146,0.1857,3.0909,18.5862,21.8628
gen2,2,147,0.1393,2.069,22.9809,25.1892
gen2,2,148,0.1858,1.8967,67.1066,69.1891
gen2,2,149,0.1306,2.4249,19.3112,21.866699999999998
gen2,2,150,0.1654,2.2781,21.7239,24.1674
gen2,2,151,0.2122,2.4906,65.2942,67.997
gen2,2,152,0.1416,1.719,22.2858,24.1464
gen2,2,153,0.2139,2.098,23.4505,25.762400000000003
gen2,2,154,0.154,3.5058,62.516,66.1758
gen2,2,155,0.1203,1.4989,22.872,24.4912
gen2,2,156,0.1365,3.3178,20.4368,23.8911
gen2,2,157,0.2139,3.4424,64.7236,68.3799
gen2,2,158,0.1469,2.9806,20.8957,24.023200000000003
gen2,2,159,0.1409,3.229,20.4951,23.865000000000002
gen2,2,160,0.2303,3.0509,68.951,72.23219999999999
gen2,2,161,0.1488,3.3318,61.428,64.90859999999999
gen2,2,162,0.1449,1.3426,67.9787,69.4662
gen2,2,163,0.2023,3.8186,19.7774,23.7983
gen2,2,164,0.15,2.0473,113.4965,115.6938
gen2,2,165,0.2901,3.2545,60.8116,64.3562
gen2,2,166,0.1388,1.5108,68.2953,69.9449
gen2,2,167,0.1739,3.8806,18.2818,22.3363
gen2,2,168,0.2195,2.0907,23.7274,26.037599999999998
gen2,2,169,0.1978,3.2209,63.663,67.0817
gen2,2,170,0.2078,4.2203,18.6728,23.1009
gen2,2,171,0.1884,1.68,22.5868,24.4552
gen2,2,172,0.1908,2.2637,65.2045,67.65899999999999
gen2,2,173,0.2585,1.4389,23.9754,25.672800000000002
gen2,2,174,0.2017,3.0653,19.2449,22.5119
gen2,2,175,0.1458,1.4407,68.2451,69.8316
gen2,2,176,0.2188,3.661,63.0523,66.9321
gen2,2,177,0.1317,2.8139,20.9165,23.862099999999998
gen2,2,178,0.1137,1.4997,66.3086,67.922
gen2,2,179,0.1489,2.3408,65.2247,67.7144
gen2,2,180,0.2637,3.8933,20.9755,25.1325
gen2,2,181,0.3391,3.1791,21.0909,24.6091
gen2,2,182,0.229,3.6029,63.8498,67.6817
gen2,2,183,0.1647,1.9774,19.8424,21.9845
gen2,2,184,0.1992,3.6766,20.7268,24.602600000000002
gen2,2,185,0.2701,3.1316,64.9933,68.39500000000001
gen2,2,186,0.1945,3.359,63.8969,67.4504
gen2,2,187,0.2166,3.6899,67.6211,71.52759999999999
gen2,2,188,0.1423,2.6252,62.5385,65.306
gen2,2,189,0.2447,3.4477,64.2382,67.93060000000001
gen2,2,190,0.2167,2.99,20.8111,24.0178
gen2,2,191,0.2248,2.6765,23.0395,25.9408
gen2,2,192,0.2592,2.4632,65.0689,67.79129999999999
gen2,2,193,0.1426,3.034,19.375,22.5516
gen2,2,194,0.1981,3.4357,20.8315,24.4653
gen2,2,195,0.2352,2.1785,65.9234,68.3371
gen2,2,196,0.1738,3.367,19.6808,23.221600000000002
gen2,2,197,0.2145,3.0593,20.5581,23.8319
gen2,2,198,0.2215,2.9026,65.7528,68.87689999999999
gen2,2,199,0.2086,2.5584,64.8524,67.6194
gen2,3,0,0.2569,2.4521,10.0152,12.7242
gen2,3,1,0.1487,1.9783,11.9162,14.043199999999999
gen2,3,2,0.1553,2.1249,3.4387,5.7189
gen2,3,3,2.0113,2.1515,43.5176,47.6804
gen2,3,4,0.2466,2.7126,14.415,17.3742
gen2,3,5,0.2051,2.0535,4.0721,6.3307
gen2,3,6,0.1527,1.7932,13.758,15.703899999999999
gen2,3,7,0.1384,1.9512,3.3526,5.4422
gen2,3,9,0.2148,2.4869,10.3309,13.032599999999999
gen2,3,10,0.1613,2.6421,3.389,6.192399999999999
gen2,3,11,0.1147,2.6134,48.2502,50.9783
gen2,3,12,0.2689,2.2941,11.5516,14.1146
gen2,3,13,0.1765,2.7951,47.1949,50.1665
gen2,3,14,0.4916,2.4218,14.1516,17.065
gen2,3,15,0.1963,3.3587,2.9252,6.4802
gen2,3,16,1.6071,2.8724,11.4245,15.904
gen2,3,17,0.2178,2.5973,67.0994,69.9145
gen2,3,18,0.119,1.615,64.9442,66.67819999999999
gen2,3,19,0.146,1.5459,23.3385,25.0304
gen2,3,20,0.1902,1.8557,22.098,24.1439
gen2,3,21,0.1383,2.0616,64.5549,66.7548
gen2,3,22,0.3142,3.0302,20.3073,23.6517
gen2,3,23,0.2131,3.0598,21.8905,25.1634
gen2,3,24,0.2338,3.2685,63.9262,67.4285
gen2,3,25,0.1859,2.2142,20.8653,23.2654
gen2,3,26,0.1471,1.9377,23.0889,25.1737
gen2,3,27,0.141,2.9423,64.3655,67.44879999999999
gen2,3,28,0.2513,2.738,21.9559,24.9452
gen2,3,29,0.2073,3.0814,21.3231,24.6118
gen2,3,30,0.1924,3.2484,63.2295,66.6703
gen2,3,31,0.1435,2.4412,24.1409,26.7256
gen2,3,32,0.1417,3.4966,114.6022,118.2405
gen2,3,33,0.1918,3.102,58.7293,62.0231
gen2,3,34,0.2553,3.3643,63.3623,66.9819
gen2,3,35,0.2205,3.3158,20.6302,24.1665
gen2,3,36,0.2039,3.1547,21.7264,25.085
gen2,3,37,0.218,2.9203,64.716,67.8543
gen2,3,38,0.2172,3.3059,19.8978,23.4209
gen2,3,39,0.1942,2.3267,21.3977,23.9186
gen2,3,40,0.2538,3.1112,64.7433,68.1083
gen2,3,41,0.1649,2.777,21.6783,24.6202
gen2,3,42,0.2233,2.1232,21.9549,24.301399999999997
gen2,3,43,0.2173,2.4216,65.7281,68.367
gen2,3,44,0.215,3.3626,63.9968,67.5744
gen2,3,45,0.2234,3.3463,20.0531,23.6228
gen2,3,46,0.2242,2.6074,65.5135,68.34509999999999
gen2,3,47,0.1438,1.5086,65.9377,67.5901
gen2,3,48,0.1504,2.7771,21.4881,24.415599999999998
gen2,3,49,0.2773,2.3173,21.2187,23.813299999999998
gen2,3,50,0.1279,2.2428,67.9303,70.301
gen2,3,51,0.13,1.543,21.9555,23.628500000000003
gen2,3,53,0.284,3.2687,64.453,68.0057
gen2,3,54,0.163,1.4591,65.8079,67.43
gen2,3,55,0.1297,2.3787,66.844,69.35239999999999
gen2,3,56,0.2459,3.1559,19.089,22.4908
gen2,3,57,0.1406,2.3688,22.1411,24.6505
gen2,3,58,0.3718,2.9934,65.1894,68.55460000000001
gen2,3,59,0.2327,1.9578,20.8672,23.0577
gen2,3,60,0.1327,1.3658,23.278,24.7765
gen2,3,61,0.2422,2.7649,64.6473,67.6544
gen2,3,62,0.1533,3.2098,64.218,67.5811
gen2,3,63,0.1471,2.2742,21.5337,23.955
gen2,3,64,0.2033,3.0788,65.8368,69.1189
gen2,3,65,0.2648,2.6982,64.4507,67.41369999999999
gen2,3,66,0.2172,3.014,20.8245,24.0557
gen2,3,67,0.1971,3.1224,20.4593,23.778799999999997
gen2,3,68,0.1574,2.915,66.8502,69.9226
gen2,3,69,0.1902,2.4969,20.146,22.8331
gen2,3,70,0.1398,1.5358,22.5518,24.2274
gen2,3,71,0.1371,3.2159,64.3018,67.6548
gen2,3,72,0.1605,2.8305,21.471,24.462
gen2,3,73,0.1643,3.0714,21.2836,24.5193
gen2,3,74,0.1625,1.4416,67.0129,68.617
gen2,3,75,0.1532,2.317,20.7536,23.223799999999997
gen2,3,76,0.2114,2.6625,20.3812,23.2551
gen2,3,77,0.1679,2.4232,66.0663,68.6574
gen2,3,78,0.1327,2.1319,65.6553,67.9199
gen2,3,79,0.2218,2.6228,67.2186,70.0632
gen2,3,80,0.1458,3.0035,64.057,67.2063
gen2,3,81,0.265,2.4041,66.1061,68.7752
gen2,3,82,0.2142,3.6022,18.356,22.172400000000003
gen2,3,83,0.2675,3.1989,20.4292,23.8956
gen2,3,84,0.2169,2.5609,68.2801,71.0579
gen2,3,85,0.1555,2.108,63.9463,66.2098
gen2,3,86,0.1131,3.0574,64.3413,67.51180000000001
gen2,3,87,0.1328,1.6096,21.7452,23.4876
gen2,3,88,0.2676,1.9449,22.3876,24.600099999999998
gen2,3,89,0.1359,1.4179,111.6944,113.2482
gen2,3,90,0.1561,4.2116,63.2079,67.57560000000001
gen2,3,91,0.2137,2.3363,21.3518,23.9018
gen2,3,92,0.1357,1.9895,23.7246,25.8498
gen2,3,93,0.2124,3.6278,65.6503,69.4905
gen2,3,94,0.2479,1.6143,63.0171,64.8793
gen2,3,95,0.127,1.3925,26.2633,27.7828
gen2,3,96,0.2015,1.6664,63.1073,64.9752
gen2,3,97,0.1329,1.7712,23.3422,25.246299999999998
gen2,3,98,0.2438,3.7929,67.3016,71.33829999999999
gen2,3,99,0.1402,1.5141,68.4872,70.14150000000001
gen2,3,100,0.1304,1.3345,62.8152,64.2801
gen2,3,101,0.1308,1.4428,67.5163,69.0899
gen2,3,102,0.2403,2.2509,21.3486,23.8398
gen2,3,103,0.1546,1.7618,21.5369,23.4533
gen2,3,104,0.2346,2.0864,68.3829,70.7039
gen2,3,105,0.1376,1.525,65.2127,66.8753
gen2,3,106,0.1975,2.7468,64.7403,67.6846
gen2,3,107,0.1382,2.8428,20.4038,23.3848
gen2,3,108,0.1213,1.3867,65.6198,67.1278
gen2,3,109,0.2319,1.594,66.4786,68.3045
gen2,3,110,0.2382,2.1094,67.6026,69.9502
gen2,3,111,0.1414,1.7961,21.1107,23.0482
gen2,3,112,0.1527,1.4302,23.0368,24.619699999999998
gen2,3,113,0.1383,2.5107,64.9192,67.5682
gen2,3,114,0.1301,2.2465,20.9655,23.3421
gen2,3,115,0.2209,3.298,20.4895,24.008399999999998
gen2,3,116,0.217,2.8268,66.5796,69.6234
gen2,3,117,0.2148,3.0069,20.3783,23.599999999999998
gen2,3,118,0.2174,2.472,22.5623,25.2517
gen2,3,119,0.2657,2.2834,64.3078,66.8569
gen2,3,120,0.2183,3.1448,20.6296,23.9927
gen2,3,121,0.2165,2.1674,22.8476,25.2315
gen2,3,122,0.2358,2.6947,64.003,66.9335
gen2,3,123,0.1911,2.0802,22.3327,24.604
gen2,3,124,0.2315,1.4964,22.15,23.877899999999997
gen2,3,125,0.1424,3.9011,63.6129,67.6564
gen2,3,126,0.1463,2.3134,22.617,25.076700000000002
gen2,3,127,0.2091,2.2298,20.739,23.1779
gen2,3,128,0.1763,1.4485,70.4661,72.09089999999999
gen2,3,129,0.1715,2.4833,61.2165,63.871300000000005
gen2,3,130,0.2147,2.2102,66.5978,69.0227
gen2,3,131,0.1598,1.5696,22.3292,24.0586
gen2,3,132,0.1299,1.8715,23.1961,25.1975
gen2,3,133,0.1287,1.7056,68.0663,69.9006
gen2,3,134,0.1524,1.8943,64.3987,66.4454
gen2,3,135,0.1628,1.4562,68.2079,69.8269
gen2,3,136,0.2098,3.6574,17.6821,21.5493
gen2,3,137,0.2458,2.2731,21.441,23.959899999999998
gen2,3,138,0.2133,2.7937,69.0865,72.0935
gen2,3,139,0.1488,3.5269,61.3345,65.0102
gen2,3,140,0.2954,2.216,64.893,67.4044
gen2,3,141,0.1433,2.6585,66.2062,69.008
gen2,3,142,0.1544,1.9105,68.9187,70.9836
gen2,3,143,0.1267,1.4192,64.4222,65.9681
gen2,3,144,0.1383,2.1226,64.9671,67.22800000000001
gen2,3,145,0.2036,3.6283,20.4393,24.2712
gen2,3,146,0.1221,1.524,23.6439,25.29
gen2,3,147,0.2081,2.8415,64.0775,67.1271
gen2,3,148,0.2087,1.8506,21.7027,23.762
gen2,3,149,0.2164,1.5417,23.5887,25.346799999999998
gen2,3,150,0.3366,2.1514,63.9222,66.4102
gen2,3,151,0.2073,1.4988,22.4161,24.1222
gen2,3,152,0.1492,2.149,21.8236,24.1218
gen2,3,153,0.1219,1.3893,68.0235,69.5347
gen2,3,154,0.2996,2.4864,64.5746,67.3606
gen2,3,155,0.2506,2.4745,24.3845,27.1096
gen2,3,156,0.1583,2.7098,61.7266,64.5947
gen2,3,157,0.1392,3.0252,66.7033,69.8677
gen2,3,158,0.1953,2.1399,20.5404,22.875600000000002
gen2,3,159,0.237,2.1062,21.2695,23.6127
gen2,3,160,0.2112,2.4289,65.7467,68.38680000000001
gen2,3,161,0.1501,1.963,22.1682,24.281299999999998
gen2,3,162,0.1705,2.6283,22.6735,25.4723
gen2,3,163,0.2372,3.2395,19.2651,22.7418
gen2,3,164,0.1673,2.6472,108.2623,111.07679999999999
gen2,3,165,0.2174,3.0625,68.1513,71.4312
gen2,3,166,0.2063,2.9153,61.5534,64.675
gen2,3,167,0.2737,3.5636,63.604,67.4413
gen2,3,168,0.2174,3.2418,21.0659,24.5251
gen2,3,169,0.208,3.2625,20.2722,23.742700000000003
gen2,3,170,0.1883,3.5175,67.4217,71.1275
gen2,3,171,0.207,3.0318,62.011,65.24980000000001
gen2,3,172,0.2368,2.7249,66.1209,69.0826
gen2,3,173,0.2586,3.5011,19.934,23.6937
gen2,3,174,0.1627,2.9439,22.015,25.1216
gen2,3,175,0.2058,2.6336,64.2715,67.1109
gen2,3,176,0.2413,2.2556,21.5904,24.0873
gen2,3,177,0.2196,3.2101,21.3143,24.744
gen2,3,178,0.1545,3.1226,65.152,68.4291
gen2,3,179,0.1297,1.7306,24.0174,25.877699999999997
gen2,3,180,0.1361,2.2004,18.9133,21.2498
gen2,3,181,0.1338,2.3572,66.5262,69.0172
gen2,3,182,0.1677,3.066,65.7692,69.0029
gen2,3,183,0.2226,1.8158,25.7161,27.7545
gen2,3,184,0.2077,2.2836,62.3093,64.8006
gen2,3,185,0.1551,3.3884,64.4785,68.02199999999999
gen2,3,186,0.1611,2.631,21.3271,24.1192
gen2,3,187,0.18,2.8471,20.7573,23.7844
gen2,3,188,0.1497,2.9621,65.3248,68.4366
gen2,3,189,0.2385,3.1981,20.3297,23.7663
gen2,3,190,0.2144,3.349,20.4302,23.9936
gen2,3,191,0.2025,3.2334,64.7412,68.17710000000001
gen2,3,192,0.1372,2.8464,20.9817,23.9653
gen2,3,193,0.2176,2.8348,21.2534,24.305799999999998
gen2,3,194,0.1783,2.6561,66.9953,69.8297
gen2,3,195,0.1472,1.5193,20.7215,22.387999999999998
gen2,3,196,0.1725,1.5644,23.8356,25.572499999999998
gen2,3,197,0.1643,2.8638,63.7818,66.8099
gen2,3,198,0.1286,1.6282,23.3868,25.1436
gen2,3,199,0.2523,2.693,20.0679,23.0132
gen2,4,0,0.1263,3.3148,4.9071,8.3482
gen2,4,1,0.2165,2.7484,46.566,49.5309
gen2,4,2,0.1489,2.7145,11.6744,14.5378
gen2,4,3,0.1056,1.5977,1.6427,3.346
gen2,4,5,0.1006,2.403,3.9344,6.438000000000001
gen2,4,6,0.102,1.7888,1.5934,3.4842
gen2,4,7,0.0934,1.4834,12.8165,14.3933
gen2,4,8,0.1705,2.2034,1.8197,4.1936
gen2,4,10,0.2129,3.273,9.5207,13.006599999999999
gen2,4,11,0.1581,2.5472,3.7483,6.4536
gen2,4,12,0.134,3.1208,1.7157,4.9704999999999995
gen2,4,13,0.1055,1.6807,12.3179,14.104099999999999
gen2,4,14,0.1327,2.1504,1.5921,3.8751999999999995
gen2,4,16,0.2179,3.1817,65.0697,68.4693
gen2,4,17,0.1187,1.3577,66.5056,67.982
gen2,4,18,0.1714,2.5387,23.7627,26.4728
gen2,4,19,0.1384,1.8267,63.1392,65.10430000000001
gen2,4,20,0.1439,2.1176,65.0732,67.3347
gen2,4,21,0.1625,1.5387,24.4876,26.1888
gen2,4,22,0.1858,3.5097,18.6143,22.3098
gen2,4,23,0.1494,2.2197,66.0795,68.4486
gen2,4,24,0.1265,1.4612,22.4336,24.0213
gen2,4,25,0.13,1.2973,22.6213,24.0486
gen2,4,26,0.155,1.876,68.2348,70.26580000000001
gen2,4,27,0.1578,4.3758,17.4511,21.9847
gen2,4,28,0.1608,2.5329,21.2201,23.9138
gen2,4,29,0.1544,3.795,64.2914,68.2408
gen2,4,30,0.1465,2.1462,21.3039,23.5966
gen2,4,31,0.1465,1.746,22.8721,24.7646
gen2,4,32,0.1365,1.484,67.2712,68.8917
gen2,4,33,0.2196,2.0544,23.2843,25.558300000000003
gen2,4,34,0.1731,1.4938,114.5641,116.231
gen2,4,35,0.2791,2.7399,62.4113,65.4303
gen2,4,36,0.1743,3.3201,62.9667,66.4611
gen2,4,37,0.1274,1.5966,22.9851,24.7091
gen2,4,38,0.2657,3.7956,19.138,23.1993
gen2,4,39,0.1309,1.5084,66.9633,68.60260000000001
gen2,4,40,0.2011,4.1311,18.4362,22.7684
gen2,4,41,0.1488,2.3057,21.6331,24.0876
gen2,4,42,0.2151,2.5811,66.3697,69.1659
gen2,4,43,0.1542,1.5571,22.7135,24.4248
gen2,4,44,0.1275,1.5427,20.9929,22.6631
gen2,4,45,0.2105,2.2218,67.0797,69.512
gen2,4,46,0.2266,1.7749,66.7196,68.7211
gen2,4,47,0.1911,2.7954,19.6853,22.6718
gen2,4,48,0.1397,1.7207,64.8403,66.7007
gen2,4,49,0.1706,1.8455,66.1296,68.14569999999999
gen2,4,50,0.1295,1.4124,22.9162,24.4581
gen2,4,51,0.2127,2.4861,20.6018,23.3006
gen2,4,52,0.1096,1.4257,67.8357,69.37100000000001
gen2,4,53,0.143,2.68,19.9068,22.7298
gen2,4,54,0.1699,2.2775,21.7864,24.233800000000002
gen2,4,55,0.1942,2.5442,66.2772,69.01559999999999
gen2,4,56,0.1358,1.431,65.6532,67.22
gen2,4,57,0.1657,2.0295,69.8673,72.0625
gen2,4,58,0.1421,2.4104,64.033,66.5855
gen2,4,59,0.2397,2.219,65.4512,67.9099
gen2,4,60,0.5166,2.4886,19.3314,22.336599999999997
gen2,4,61,0.171,3.0164,20.2432,23.430600000000002
gen2,4,62,0.2164,1.9317,66.925,69.0731
gen2,4,63,0.1415,2.3037,23.7713,26.2165
gen2,4,64,0.1935,2.6685,19.5143,22.3763
gen2,4,65,0.2053,1.9419,65.898,68.0452
gen2,4,66,0.2031,3.5704,19.9696,23.7431
gen2,4,67,0.2723,2.1849,23.3802,25.8374
gen2,4,68,0.1912,2.739,65.1837,68.1139
gen2,4,69,0.1974,2.4527,64.4986,67.14869999999999
gen2,4,70,0.1411,1.9881,21.3638,23.493000000000002
gen2,4,71,0.2368,2.0806,65.6669,67.9843
gen2,4,72,0.1864,2.5685,65.836,68.5909
gen2,4,73,0.1556,2.7238,22.0155,24.8949
gen2,4,74,0.2173,3.2698,66.6708,70.1579
gen2,4,75,0.1438,1.7641,62.7959,64.7038
gen2,4,76,0.1537,2.6193,68.0523,70.8253
gen2,4,77,0.2741,4.1429,62.134,66.551
gen2,4,78,0.1456,2.5769,70.2414,72.9639
gen2,4,79,0.1303,1.3288,62.0203,63.4794
gen2,4,80,0.1916,1.3648,67.2534,68.8098
gen2,4,81,0.1214,4.2878,22.2343,26.643500000000003
gen2,4,82,0.2476,2.8345,18.8684,21.9505
gen2,4,83,0.1474,1.7739,69.0832,71.00450000000001
gen2,4,84,0.1722,2.4799,61.9227,64.5748
gen2,4,85,0.1554,1.3951,66.8038,68.3543
gen2,4,86,0.1629,1.4562,22.0707,23.689799999999998
gen2,4,87,0.2081,3.1785,21.2212,24.6078
gen2,4,88,0.1406,3.2024,68.0689,71.4119
gen2,4,89,0.2295,2.5373,62.2605,65.0273
gen2,4,90,0.1267,2.0806,65.397,67.60430000000001
gen2,4,91,0.1564,2.9425,20.9393,24.0382
gen2,4,92,0.2163,3.5453,20.0469,23.808500000000002
gen2,4,93,0.1795,2.0299,71.5617,73.7711
gen2,4,94,0.2145,1.8626,60.4377,62.5148
gen2,4,95,0.2138,2.6482,67.5746,70.4366
gen2,4,96,0.1922,1.873,22.6308,24.696
gen2,4,97,0.5368,2.1365,113.2926,115.96589999999999
gen2,4,98,0.2508,1.9128,63.2383,65.4019
gen2,4,99,0.2305,3.1931,63.4072,66.8308
gen2,4,100,0.1563,2.4202,21.1838,23.7603
gen2,4,101,0.2389,2.6094,65.0728,67.9211
gen2,4,102,0.2367,2.4917,67.1942,69.92259999999999
gen2,4,103,0.1242,1.675,67.1613,68.9605
gen2,4,104,0.1777,1.7927,20.8478,22.8182
gen2,4,105,0.253,1.7041,21.9479,23.905
gen2,4,106,0.2013,2.0724,67.1124,69.3861
gen2,4,107,0.2368,2.2687,19.9504,22.4559
gen2,4,108,0.1403,1.8092,23.1533,25.102800000000002
gen2,4,109,0.1951,3.896,64.3477,68.4388
gen2,4,110,0.1397,3.8309,18.8849,22.8555
gen2,4,111,0.1435,2.9415,21.65,24.735
gen2,4,112,0.2168,2.3239,65.7479,68.2886
gen2,4,113,0.1316,1.8714,22.0557,24.0587
gen2,4,114,0.1588,2.0194,21.0978,23.276
gen2,4,115,0.161,1.8513,66.8875,68.8998
gen2,4,116,0.2617,3.4859,20.6945,24.4421
gen2,4,117,0.2472,3.2837,21.7236,25.2545
gen2,4,118,0.3226,3.3664,62.7695,66.4585
gen2,4,119,0.2128,3.6918,63.4754,67.38
gen2,4,120,0.2519,2.8324,67.7582,70.8425
gen2,4,121,0.14,1.6106,63.2354,64.986
gen2,4,122,0.15,3.3014,65.1772,68.6286
gen2,4,123,0.1779,2.2247,21.579,23.9816
gen2,4,124,0.1533,2.0282,21.6746,23.8561
gen2,4,125,0.1519,3.1841,68.4744,71.8104
gen2,4,126,0.1429,1.563,63.805,65.5109
gen2,4,127,0.1524,2.2377,67.3717,69.76180000000001
gen2,4,128,0.2645,4.1138,18.3767,22.755
gen2,4,129,0.1652,1.6359,21.7811,23.5822
gen2,4,130,0.2419,2.0364,68.9178,71.1961
gen2,4,131,0.1348,1.9388,62.3834,64.45700000000001
gen2,4,132,0.1263,1.3577,66.9152,68.3992
gen2,4,133,0.1472,1.5698,24.0667,25.7837
gen2,4,134,0.1211,1.5329,21.0184,22.6724
gen2,4,135,0.1177,1.3111,66.9822,68.411
gen2,4,136,0.2577,3.9213,19.2029,23.3819
gen2,4,137,0.1376,2.8623,20.8606,23.860500000000002
gen2,4,138,0.1458,2.8383,66.5028,69.48689999999999
gen2,4,139,0.234,1.7951,21.9179,23.947
gen2,4,140,0.1383,1.4888,23.48,25.1071
gen2,4,141,0.1724,1.4042,66.6609,68.2375
gen2,4,142,0.1402,1.936,66.6298,68.706
gen2,4,143,0.2527,3.1512,19.111,22.5149
gen2,4,144,0.1442,1.6231,66.6794,68.4467
gen2,4,145,0.1372,1.6428,65.9428,67.7228
gen2,4,146,0.126,1.5123,22.8258,24.464100000000002
gen2,4,147,0.131,2.3258,21.3109,23.7677
gen2,4,148,0.157,2.023,66.9599,69.13990000000001
gen2,4,149,0.2704,2.1635,20.6641,23.098000000000003
gen2,4,150,0.1352,2.903,21.0171,24.0553
gen2,4,151,0.1552,2.6609,65.3934,68.2095
gen2,4,152,0.2446,2.2784,21.7069,24.2299
gen2,4,153,0.1175,2.7778,22.5488,25.4441
gen2,4,154,0.1527,2.6266,63.6156,66.3949
gen2,4,155,0.1716,1.572,23.0789,24.8225
gen2,4,156,0.1315,2.3253,21.0505,23.5073
gen2,4,157,0.2418,2.3963,65.5092,68.1473
gen2,4,158,0.1963,3.1375,20.3422,23.676
gen2,4,159,0.1434,1.5801,24.388,26.111500000000003
gen2,4,160,0.187,2.1858,63.9818,66.3546
gen2,4,161,0.232,3.1452,20.3969,23.774099999999997
gen2,4,162,0.1388,1.4139,22.8031,24.355800000000002
gen2,4,163,0.2168,1.5015,67.1606,68.8789
gen2,4,164,0.136,2.2133,23.7145,26.0638
gen2,4,165,0.2376,2.9732,19.3056,22.516399999999997
gen2,4,166,0.1352,1.4702,67.6262,69.2316
gen2,4,167,0.1327,2.1428,64.5716,66.8471
gen2,4,168,0.1941,2.8119,24.7033,27.7093
gen2,4,169,0.1438,2.8397,62.1674,65.15090000000001
gen2,4,170,0.1486,2.59,68.1158,70.8544
gen2,4,171,0.2062,2.0737,19.1281,21.408
gen2,4,172,0.1213,1.5051,24.7635,26.3899
gen2,4,173,0.2179,2.6373,63.5128,66.368
gen2,4,174,0.1427,3.5882,19.843,23.573900000000002
gen2,4,175,0.258,2.1811,21.9528,24.3919
gen2,4,176,0.2428,1.42,67.3347,68.9975
gen2,4,177,0.1214,1.4491,22.7063,24.276799999999998
gen2,4,178,0.1415,1.5352,22.2943,23.971
gen2,4,179,0.255,2.3322,64.1073,66.69449999999999
gen2,4,180,0.2372,2.9507,21.0424,24.2303
gen2,4,181,0.1348,2.0287,22.0504,24.2139
gen2,4,182,0.2227,4.0,65.6796,69.9023
gen2,4,183,0.1434,1.9104,21.5832,23.637
gen2,4,184,0.1308,2.4129,20.1066,22.6503
gen2,4,185,0.1567,2.8523,68.0947,71.1037
gen2,4,186,0.188,1.4572,63.4286,65.0738
gen2,4,187,0.1365,2.449,65.5648,68.1503
gen2,4,188,0.2079,2.4207,22.381,25.0096
gen2,4,189,0.1246,1.4618,113.7046,115.291
gen2,4,190,0.1779,3.9914,60.9637,65.13300000000001
gen2,4,191,0.1396,2.4025,66.6031,69.1452
gen2,4,192,0.1326,2.5231,19.8699,22.5256
gen2,4,193,0.2025,1.6518,23.0111,24.865399999999998
gen2,4,194,0.1573,3.4199,63.6404,67.2176
gen2,4,195,0.1446,2.3172,22.382,24.8438
gen2,4,196,0.163,2.7586,20.4799,23.4015
gen2,4,197,0.1921,2.5262,65.6749,68.3932
gen2,4,198,0.2141,2.5356,22.1714,24.9211
gen2,4,199,0.2311,2.9752,19.7083,22.9146
gen2,5,0,0.1141,2.6228,41.8124,44.549299999999995
gen2,5,1,0.1349,4.3227,3.5597,8.0173
gen2,5,2,0.1686,1.8425,3.6951,5.7062
gen2,5,3,0.1268,2.8192,52.7546,55.7006
gen2,5,4,0.2172,2.3914,2.1753,4.7839
gen2,5,5,0.1588,2.2661,44.7109,47.1358
gen2,5,6,0.1319,2.4134,4.1865,6.7318
gen2,5,7,0.133,1.4374,12.4592,14.029599999999999
gen2,5,8,0.1145,1.5751,1.5663,3.2559
gen2,5,10,0.1649,2.4078,3.2246,5.7973
gen2,5,11,0.118,1.5406,1.4842,3.1428
gen2,5,13,0.1221,1.5743,1.7283,3.4247
gen2,5,15,0.2173,2.1098,20.9389,23.266
gen2,5,16,0.1387,2.1811,22.926,25.2458
gen2,5,17,0.1326,2.92,66.2728,69.3254
gen2,5,18,0.1274,2.6052,20.4848,23.2174
gen2,5,19,0.144,2.6782,22.235,25.057199999999998
gen2,5,20,0.2145,1.8822,65.2884,67.3851
gen2,5,21,0.1158,1.6156,21.5961,23.3275
gen2,5,22,0.1375,2.6572,20.2951,23.0898
gen2,5,23,0.1808,1.4,66.4538,68.0346
gen2,5,24,0.141,3.136,20.8057,24.082700000000003
gen2,5,25,0.2799,1.7902,65.9378,68.00789999999999
gen2,5,26,0.2079,2.5892,65.1139,67.911
gen2,5,27,0.1318,1.8906,71.5901,73.61250000000001
gen2,5,28,0.1268,1.4247,62.4554,64.0069
gen2,5,29,0.249,3.7843,62.2488,66.2821
gen2,5,30,0.1353,1.4025,25.4814,27.0192
gen2,5,31,0.2467,2.4928,112.7571,115.4966
gen2,5,32,0.1826,1.3603,62.4345,63.9774
gen2,5,33,0.1286,1.4397,67.4968,69.06509999999999
gen2,5,34,0.1428,1.5552,22.092,23.79
gen2,5,35,0.1917,2.4496,20.8685,23.509800000000002
gen2,5,36,0.1286,1.8734,68.9275,70.92949999999999
gen2,5,37,0.241,3.3266,20.1939,23.761499999999998
gen2,5,38,0.1547,2.9763,19.7285,22.8595
gen2,5,39,0.1574,2.1784,66.6003,68.93610000000001
gen2,5,40,0.1409,3.1238,20.5929,23.8576
gen2,5,41,0.2564,3.5367,19.5693,23.362399999999997
gen2,5,42,0.2297,2.3165,65.9446,68.4908
gen2,5,43,0.1585,2.7174,64.6801,67.556
gen2,5,44,0.1595,2.987,24.0226,27.1691
gen2,5,45,0.1487,1.7717,62.1792,64.0996
gen2,5,46,0.218,2.7462,66.3147,69.27890000000001
gen2,5,47,0.1798,2.6324,21.9536,24.765800000000002
gen2,5,48,0.1806,1.9751,20.6161,22.7718
gen2,5,49,0.1492,2.4408,65.0341,67.6241
gen2,5,50,0.2092,2.9503,21.7623,24.9218
gen2,5,51,0.1441,1.7641,21.6298,23.538
gen2,5,52,0.1555,3.4508,64.6223,68.2286
gen2,5,53,0.1456,1.5025,65.3893,67.0374
gen2,5,54,0.1777,1.6002,70.9879,72.7658
gen2,5,55,0.2797,2.6553,62.2177,65.1527
gen2,5,56,0.2408,3.9232,63.7034,67.8674
gen2,5,57,0.132,2.2162,21.7895,24.137700000000002
gen2,5,58,0.1213,2.0951,22.3866,24.603
gen2,5,59,0.1349,2.9879,68.5303,71.6531
gen2,5,61,0.2373,2.8058,65.7631,68.80619999999999
gen2,5,62,0.1313,2.6414,20.1865,22.9592
gen2,5,63,0.1453,1.5086,23.1521,24.806
gen2,5,64,0.1417,2.7085,65.7826,68.6328
gen2,5,65,0.2144,2.2634,21.1123,23.5901
gen2,5,66,0.1825,2.9605,20.3047,23.4477
gen2,5,67,0.1544,2.5896,66.0847,68.8287
gen2,5,68,0.1349,1.5507,22.7491,24.4347
gen2,5,69,0.2151,2.4993,20.235,22.9494
gen2,5,70,0.1282,1.8185,67.3008,69.2475
gen2,5,71,0.2262,2.2765,65.5324,68.0351
gen2,5,72,0.2144,2.0956,20.8617,23.171699999999998
gen2,5,73,0.1648,1.6838,65.8866,67.7352
gen2,5,74,0.1893,3.1751,23.1022,26.4666
gen2,5,75,0.2192,2.163,68.4713,70.8535
gen2,5,76,0.2269,3.0801,67.4051,70.7121
gen2,5,77,0.1371,1.5907,62.9584,64.6862
gen2,5,78,0.1382,1.436,65.8529,67.42710000000001
gen2,5,79,0.1451,1.6894,22.25,24.0845
gen2,5,80,0.1566,2.3505,21.6612,24.168300000000002
gen2,5,81,0.1723,3.0518,68.5077,71.73179999999999
gen2,5,82,0.233,2.8698,60.8094,63.9122
gen2,5,83,0.1338,2.2583,66.8561,69.2482
gen2,5,84,0.1596,2.1393,23.9282,26.2271
gen2,5,85,0.2838,3.5486,17.823,21.6554
gen2,5,86,0.3122,2.7204,69.0429,72.0755
gen2,5,87,0.1615,3.8234,62.2823,66.2672
gen2,5,88,0.1423,2.3541,64.2357,66.73209999999999
gen2,5,89,0.1768,1.911,20.6474,22.735200000000003
gen2,5,90,0.1498,1.7154,23.0626,24.9278
gen2,5,91,0.13,1.9414,69.3227,71.3941
gen2,5,92,0.153,1.5651,63.3107,65.0288
gen2,5,93,0.1354,2.8825,65.339,68.3569
gen2,5,94,0.2303,2.8737,22.754,25.858
gen2,5,95,0.2024,1.5243,113.9559,115.6826
gen2,5,96,0.2471,2.0848,63.2819,65.6138
gen2,5,97,0.1817,2.4938,64.4207,67.0962
gen2,5,98,0.3039,2.3983,21.5484,24.250600000000002
gen2,5,99,0.2143,3.2029,20.8046,24.2218
gen2,5,100,0.1397,1.7933,66.9506,68.8836
gen2,5,101,0.1266,1.3697,22.1806,23.6769
gen2,5,102,0.2482,3.3315,19.7117,23.2914
gen2,5,103,0.2265,4.2306,65.1948,69.6519
gen2,5,104,0.2566,3.3533,21.0352,24.6451
gen2,5,105,0.1811,2.1529,20.1054,22.4394
gen2,5,106,0.5036,2.9797,65.4249,68.9082
gen2,5,107,0.1535,2.3247,64.6646,67.1428
gen2,5,108,0.204,2.839,24.9711,28.0141
gen2,5,109,0.1292,2.422,61.8789,64.4301
gen2,5,110,0.1552,2.3915,67.1586,69.70530000000001
gen2,5,111,0.128,2.4394,20.3078,22.8752
gen2,5,112,0.1407,3.62,20.1968,23.9575
gen2,5,113,0.1466,2.0407,66.8873,69.07459999999999
gen2,5,114,0.186,1.6923,22.1596,24.0379
gen2,5,115,0.2245,1.9184,20.983,23.1259
gen2,5,116,0.1257,1.4537,68.3101,69.88950000000001
gen2,5,117,0.2557,1.9951,63.5363,65.7871
gen2,5,118,0.1266,1.3925,71.2891,72.8082
gen2,5,119,0.1587,2.6558,62.4733,65.2878
gen2,5,120,0.1933,1.9783,65.6216,67.7932
gen2,5,121,0.2005,2.9134,20.2699,23.3838
gen2,5,122,0.2227,1.3398,23.5929,25.1554
gen2,5,123,0.1793,1.9289,66.2848,68.393
gen2,5,124,0.1274,1.3462,21.0554,22.529
gen2,5,125,0.133,1.5261,22.9861,24.6452
gen2,5,126,0.2059,2.4736,64.526,67.2055
gen2,5,127,0.1502,2.7172,21.8126,24.68
gen2,5,128,0.2145,2.1534,21.1398,23.5077
gen2,5,129,0.1002,1.6124,68.0121,69.7247
gen2,5,130,0.2606,3.689,64.4807,68.4303
gen2,5,131,0.2163,3.9368,21.5797,25.732799999999997
gen2,5,132,0.1383,1.4997,62.4935,64.1315
gen2,5,133,0.1255,1.6139,68.9942,70.73360000000001
gen2,5,134,0.1624,3.1619,18.3719,21.6962
gen2,5,135,0.1542,1.9516,22.3824,24.4882
gen2,5,136,0.186,2.6141,64.9799,67.78
gen2,5,137,0.1874,2.0346,21.8356,24.0576
gen2,5,138,0.0916,1.4309,24.223,25.7455
gen2,5,139,0.1621,2.0176,20.9807,23.1604
gen2,5,140,0.114,1.6036,109.0565,110.7741
gen2,5,141,0.1339,1.6375,70.5384,72.3098
gen2,5,142,0.1417,2.6203,63.3608,66.1228
gen2,5,143,0.2016,2.112,65.4281,67.7417
gen2,5,144,0.1684,1.5373,24.0553,25.761
gen2,5,145,0.2113,1.8555,21.8948,23.9616
gen2,5,146,0.1744,2.4023,66.9488,69.52550000000001
gen2,5,147,0.2809,3.627,60.4786,64.3865
gen2,5,148,0.1541,2.8401,66.3558,69.35000000000001
gen2,5,149,0.6314,2.7664,20.732,24.1298
gen2,5,150,0.1875,2.1067,21.6153,23.9095
gen2,5,151,0.1505,3.0329,67.1774,70.36080000000001
gen2,5,152,0.1991,2.2923,64.1327,66.6241
gen2,5,153,0.188,2.1181,65.5348,67.8409
gen2,5,154,0.2133,4.4021,19.0306,23.646
gen2,5,155,0.4701,3.3744,20.2028,24.0473
gen2,5,156,0.1224,1.5132,70.1687,71.8043
gen2,5,157,0.1514,2.2315,62.6865,65.0694
gen2,5,158,0.2136,2.9489,21.0829,24.2454
gen2,5,159,0.1189,1.412,109.3054,110.83630000000001
gen2,5,160,0.1465,1.6457,72.2921,74.0843
gen2,5,161,0.2605,2.616,62.6649,65.54140000000001
gen2,5,162,0.1297,3.0962,63.6355,66.8614
gen2,5,163,0.2391,2.6711,20.9059,23.8161
gen2,5,164,0.2293,2.0616,24.4937,26.7846
gen2,5,165,0.1603,3.0524,61.8006,65.0133
gen2,5,166,0.1766,1.4538,22.3787,24.0091
gen2,5,167,0.2042,2.6449,21.3804,24.2295
gen2,5,168,0.1795,1.3742,66.553,68.1067
gen2,5,169,0.124,1.5523,22.8369,24.5132
gen2,5,170,0.2173,3.4524,20.7098,24.3795
gen2,5,171,0.1507,2.6441,65.1122,67.907
gen2,5,172,0.19,1.9769,66.5257,68.6926
gen2,5,173,0.1291,2.9827,23.1903,26.3021
gen2,5,174,0.132,2.0937,63.4269,65.6526
gen2,5,175,0.2432,4.0493,64.5742,68.86670000000001
gen2,5,176,0.1284,1.5309,20.9708,22.6301
gen2,5,177,0.1183,1.3228,22.9788,24.4199
gen2,5,178,0.1645,1.6298,66.3888,68.18310000000001
gen2,5,179,0.133,1.8576,64.9096,66.9002
gen2,5,180,0.1468,2.1465,65.6549,67.9482
gen2,5,181,0.2659,2.1801,20.9313,23.377299999999998
gen2,5,182,0.1305,1.4795,23.4015,25.011499999999998
gen2,5,183,0.1933,2.9981,65.1843,68.3757
gen2,5,184,0.1623,1.6563,22.0644,23.883
gen2,5,185,0.1711,3.4043,64.4033,67.9787
gen2,5,186,0.1328,2.2671,65.1237,67.5236
gen2,5,187,0.2429,3.9017,67.8507,71.9953
gen2,5,188,0.1484,1.284,62.7177,64.1501
gen2,5,189,0.1777,2.6253,65.9926,68.7956
gen2,5,190,0.166,3.1247,19.9358,23.2265
gen2,5,191,0.1351,1.6537,23.9355,25.7243
gen2,5,192,0.1942,3.089,67.339,70.62219999999999
gen2,5,193,0.2688,3.2054,61.4264,64.9006
gen2,5,194,0.1191,1.8711,66.9383,68.9285
gen2,5,195,0.1438,2.9333,21.5163,24.593400000000003
gen2,5,196,0.6086,3.4985,19.5027,23.6098
gen2,5,197,0.139,2.0065,69.5687,71.7142
gen2,5,198,0.1702,1.8532,61.0915,63.114900000000006
gen2,5,199,0.2142,1.8287,23.9731,26.016
