frame,t_s,x_px_filt,y_px_filt,x_mm_abs,y_mm_abs,angle_deg_raw,angle_deg,mm_per_px,x_mm,y_mm,angle_deg_unwrapped,vx_mm_s,vy_mm_s,speed_mm_s,angular_vel_dps
612,5.0689151,130.4947118,267.6820423,29.52831947,60.57104347,0.038488684,1.638488684,0.226279817,2.13E-05,0.000784069,1.648521774,0.001609645,0.043781301,0.043810881,-1.239565465
613,5.0810653,130.4947526,267.6812375,29.52832871,60.57086136,0.03695925,1.63695925,0.226279817,3.05E-05,0.000966182,1.638965868,0.002176461,0.054060009,0.054103803,-1.209719056
614,5.0847637,130.4947628,267.6814941,29.52833101,60.57091941,0.036653363,1.636653363,0.226279817,3.28E-05,0.000908128,1.637054686,0.002143743,0.047449817,0.047498219,-0.445375048
615,5.0963872,130.4947654,267.6819702,29.52833159,60.57102715,0.036592185,1.636592185,0.226279817,3.34E-05,0.00080039,1.63667245,0.000295756,-0.010652838,0.010656943,-0.190661004
616,5.0998093,130.494766,267.6824783,29.52833174,60.57114213,0.03657995,1.63657995,0.226279817,3.36E-05,0.00068541,1.636596003,0.000144273,-0.019217645,0.019218187,0.193989516
617,5.1118652,130.4947662,267.6829945,29.52833177,60.57125892,0.036577503,1.636577503,0.226279817,3.36E-05,0.00056862,1.644277933,6.12E-05,-0.011979708,0.011979864,1.0473258
618,5.115519,130.4947662,267.6834439,29.52833178,60.57136063,0.036577013,1.636577013,0.226279817,3.36E-05,0.000466915,1.653511539,-0.000795987,-0.024192168,0.024205259,0.909068846
619,5.1279258,130.4947777,267.6823203,29.52833437,60.57110638,0.075063015,1.675063015,0.226279817,3.62E-05,0.000721161,1.648088401,-0.000907002,-0.02504218,0.025058599,0.59380255
620,5.1314404,130.4947119,267.6834127,29.52831948,60.57135356,0.082760215,1.682760215,0.226279817,2.13E-05,0.000473975,1.647003773,0.000887647,0.034742555,0.034753893,-0.045951329
621,5.1437463,130.494684,267.6854711,29.52831317,60.57181933,0.009464259,1.609464259,0.226279817,1.50E-05,8.21E-06,1.654484068,0.000758959,0.038429176,0.03843667,-0.529277394
622,5.1470324,130.4948143,267.6812707,29.52834267,60.57086887,0.031154365,1.631154365,0.226279817,4.45E-05,0.000958665,1.648282907,0.000447587,0.025953776,0.025957635,-0.458869667
623,5.159768,130.4947783,267.6817999,29.5283345,60.57098862,0.073978485,1.673978485,0.226279817,3.63E-05,0.00083892,1.647042674,0.001026608,0.034531888,0.034547144,0.766806876
624,5.1632031,130.4947578,267.6824358,29.52832987,60.5711325,0.04405721,1.64405721,0.226279817,3.17E-05,0.000695043,1.661761707,0.000199731,0.022846565,0.022847438,1.474675893
625,5.1756495,130.494684,267.6839451,29.52831318,60.57147404,0.076559054,1.676559054,0.226279817,1.50E-05,0.000353504,1.664705514,-0.001872031,-0.045567735,0.045606172,1.560405959
626,5.1793337,130.4946084,267.6855126,29.52829606,60.57182873,0.083059423,1.683059423,0.226279817,-2.12E-06,-1.20E-06,1.665294275,-0.002679035,-0.064091481,0.064147449,0.135258492
627,5.1917947,130.4945322,267.6884222,29.52827883,60.57248711,0.045873397,1.645873397,0.226279817,-1.93E-05,-0.000659575,1.665412027,-0.002141908,-0.047136546,0.047185186,0.058921918
628,5.194931,130.4944674,267.6898363,29.52826416,60.57280708,0.076922291,1.676922291,0.226279817,-3.40E-05,-0.000979544,1.665435578,-0.002279451,-0.045307093,0.045364398,-0.195520016
629,5.2076771,130.4945428,267.6874203,29.52828121,60.5722604,0.044645971,1.644645971,0.226279817,-1.70E-05,-0.000432861,1.657743068,-0.001294659,-0.025632703,0.025665378,-0.369375577
630,5.2106813,130.4945158,267.6876632,29.52827512,60.57231536,0.076676806,1.676676806,0.226279817,-2.31E-05,-0.000487818,1.656204566,-0.000975404,-0.014475713,0.014508538,-0.379641671
631,5.2238934,130.494532,267.6875408,29.52827877,60.57228766,0.044596874,1.644596874,0.226279817,-1.94E-05,-0.000460124,1.655896866,-0.000404444,-0.002190441,0.002227466,-0.17972008
632,5.2402869,130.4945475,267.6873271,29.52828228,60.57223931,0.038180888,1.638180888,0.226279817,-1.59E-05,-0.000411768,1.655835326,-0.000613867,-0.010282215,0.010300523,-0.688004742
633,5.2440717,130.494517,267.6880061,29.52827538,60.57239295,0.07538379,1.67538379,0.226279817,-2.28E-05,-0.000565411,1.648125798,0.000100095,-0.003085759,0.003087382,-0.723454793
634,5.2559655,130.4945323,267.6878783,29.52827884,60.57236403,0.044338271,1.644338271,0.226279817,-1.93E-05,-0.000536493,1.646583892,0.000157896,-0.00224824,0.002253778,-0.748411657
635,5.2598877,130.494559,267.6875717,29.52828488,60.57229465,0.038129167,1.638129167,0.226279817,-1.33E-05,-0.000467114,1.646275511,0.000379788,0.001531137,0.001577536,-0.071159655
636,5.2717144,130.4945885,267.6872433,29.52829157,60.57222034,0.036887346,1.636887346,0.226279817,-6.60E-06,-0.000392798,1.646213835,0.000597707,0.007399083,0.007423186,-0.029223012
637,5.2749355,130.4946074,267.6869323,29.52829584,60.57214997,0.036638982,1.636638982,0.226279817,-2.34E-06,-0.000322428,1.6462015,-0.000264302,-0.025557581,0.025558948,0.198916968
638,5.2876374,130.4945663,267.6875641,29.52828654,60.57229293,0.075075408,1.675075408,0.226279817,-1.16E-05,-0.000465389,1.653896252,-0.000742593,-0.032295366,0.032303902,1.176478905
639,5.2907924,130.4945103,267.6898277,29.52827386,60.57280515,0.044276594,1.644276594,0.226279817,-2.43E-05,-0.000977609,1.663132423,0.000247788,0.009520869,0.009524093,1.425172326
640,5.3036512,130.4944619,267.690737,29.52826292,60.57301089,0.076602931,1.676602931,0.226279817,-3.53E-05,-0.001183351,1.672676877,-3.92E-05,0.006240956,0.006241079,0.809817974
641,5.3083182,130.4945757,267.6862951,29.52828867,60.57200578,0.083068198,1.683068198,0.226279817,-9.50E-06,-0.000178244,1.666888548,0.000407108,0.01173942,0.011746477,-0.198429156
642,5.3202197,130.4945698,267.6860086,29.52828734,60.57194096,0.084361252,1.684361252,0.226279817,-1.08E-05,-0.000113416,1.665730882,0.001315914,0.044935241,0.044954505,-2.013893399
643,5.3234506,130.4945912,267.6857767,29.52829219,60.57188849,0.046133763,1.646133763,0.226279817,-5.99E-06,-6.10E-05,1.65053227,0.001757136,0.028732774,0.028786452,-1.89423446
644,5.3356338,130.4946195,267.6855815,29.52829858,60.5718443,0.038488265,1.638488265,0.226279817,4.04E-07,-1.68E-05,1.639795327,0.00046945,-0.022953592,0.022958392,-2.093512663
645,5.3387231,130.494638,267.6869059,29.52830277,60.572144,0.000609869,1.600609869,0.226279817,4.59E-06,-0.000316465,1.637647939,0.001967508,0.033688174,0.03374558,-0.338012771
646,5.3516468,130.4945854,267.6893656,29.52829087,60.57270059,0.029383487,1.629383487,0.226279817,-7.31E-06,-0.00087305,1.644915681,0.002076433,0.047921121,0.047966086,-0.668370429
647,5.3547532,130.4946867,267.6854029,29.52831379,60.57180391,0.073624309,1.673624309,0.226279817,1.56E-05,2.36E-05,1.63909937,0.00206517,0.035538947,0.0355989,-0.08093781
648,5.3676879,130.4948036,267.6804068,29.52834023,60.57067339,0.082472474,1.682472474,0.226279817,4.21E-05,0.00115415,1.652903187,0.002118597,0.067014747,0.067048227,0.032405358
649,5.3707473,130.4948099,267.6811948,29.52834166,60.5708517,0.009406711,1.609406711,0.226279817,4.35E-05,0.000975836,1.65566395,0.001486934,0.046866832,0.046890414,0.6706967
650,5.383736,130.494903,267.6777297,29.52836274,60.57006762,0.069628954,1.669628954,0.226279817,6.46E-05,0.001759919,1.656216103,-0.000305109,-0.018405428,0.018407957,-0.352826576
651,5.387523,130.4948348,267.6801365,29.52834729,60.57061222,0.043187304,1.643187304,0.226279817,4.91E-05,0.001215324,1.648629314,-0.002138599,-0.082228621,0.082256427,-0.497275445
652,5.3997874,130.494749,267.6821801,29.52832789,60.57107465,0.076385073,1.676385073,0.226279817,2.97E-05,0.00075289,1.654381815,-0.002567686,-0.082251986,0.082292055,-0.392560255
653,5.4030132,130.4946475,267.6854834,29.52830492,60.57182211,0.044538527,1.644538527,0.226279817,6.74E-06,5.43E-06,1.655532315,-0.003731346,-0.114835347,0.114895953,0.483481925
654,5.415702,130.4945534,267.6887582,29.52828363,60.57256315,0.038169218,1.638169218,0.226279817,-1.45E-05,-0.000735606,1.663459635,-0.003045162,-0.088969501,0.0890216,-0.325914034
655,5.4188216,130.4944956,267.690172,29.52827054,60.57288306,0.075381456,1.675381456,0.226279817,-2.76E-05,-0.001055522,1.65734788,-0.001505808,-0.040609098,0.040637006,-0.476052688
656,5.4318586,130.4944583,267.6910061,29.52826209,60.5730718,0.082823903,1.682823903,0.226279817,-3.61E-05,-0.001244263,1.656125528,7.09E-05,0.008857402,0.008857686,-0.711088162
657,5.4349009,130.4945405,267.6882621,29.5282807,60.57245088,0.045826293,1.645826293,0.226279817,-1.75E-05,-0.00062334,1.655881058,0.000283882,0.015323204,0.015325833,-0.059300201
658,5.4478242,130.4945839,267.6873701,29.52829053,60.57224904,0.038426771,1.638426771,0.226279817,-7.65E-06,-0.000421497,1.655832164,0.000422176,0.022012834,0.022016882,-0.028237046
659,5.4649592,130.4945375,267.6893444,29.52828004,60.57269577,0.036946867,1.636946867,0.226279817,-1.81E-05,-0.000868233,1.655822385,0.000683388,0.032205245,0.032212495,-0.001671215
660,5.4679245,130.4944916,267.6902499,29.52826965,60.57290068,0.075136985,1.675136985,0.226279817,-2.85E-05,-0.001073141,1.65582043,-0.001082422,-0.031731332,0.031749789,-0.000421132
661,5.4797221,130.4945259,267.6883477,29.52827741,60.57247025,0.082775009,1.682775009,0.226279817,-2.08E-05,-0.000642709,1.655820038,-0.001422158,-0.042285375,0.042309284,-0.000239309
662,5.4828238,130.4944887,267.6899321,29.52826899,60.57282876,0.045816515,1.645816515,0.226279817,-2.92E-05,-0.001001223,1.65581996,-0.00198723,-0.067111259,0.067140674,-1.99E-05
663,5.4961099,130.4944336,267.6921135,29.52825652,60.57332236,0.038424816,1.638424816,0.226279817,-4.16E-05,-0.001494824,1.655819944,-0.001367235,-0.054391467,0.054408648,-9.13E-06
664,5.4992762,130.4943855,267.6942152,29.52824564,60.57379794,0.036946476,1.636946476,0.226279817,-5.25E-05,-0.001970405,1.655819941,0.00023069,0.005011258,0.005016565,-7.38E-07
665,5.5124111,130.4943621,267.6945346,29.52824033,60.57387023,0.075136907,1.675136907,0.226279817,-5.78E-05,-0.002042688,1.655819941,0.000724206,0.025802106,0.025812267,-0.70444409
666,5.5158511,130.4944935,267.6894647,29.52827008,60.57272299,0.082774993,1.682774993,0.226279817,-2.81E-05,-0.000895454,1.648550081,0.001216095,0.019539177,0.019576984,-0.745331034
667,5.5277046,130.4944806,267.690074,29.52826716,60.57286087,0.045816511,1.645816511,0.226279817,-3.10E-05,-0.001033334,1.647096109,0.001801424,0.043404586,0.043441952,-2.484655202
668,5.5306287,130.4945003,267.6909587,29.5282716,60.57306108,0.002075518,1.602075518,0.226279817,-2.66E-05,-0.001233537,1.631838236,0.004167782,0.101511457,0.10159698,-1.858287598
669,5.5436569,130.4944709,267.6927363,29.52826495,60.57346331,0.029676616,1.629676616,0.226279817,-3.32E-05,-0.001635768,1.628786661,0.00292137,0.053732167,0.053811524,-1.884610445
670,5.5466838,130.4946237,267.6889235,29.52829954,60.57260055,-0.001152461,1.598847539,0.226279817,1.36E-06,-0.000773007,1.628176346,0.002466505,0.039598348,0.03967509,0.034813879
671,5.5599131,130.4947649,267.6833927,29.52833149,60.57134903,0.06751712,1.66751712,0.226279817,3.33E-05,0.00047851,1.635324143,0.001888849,0.04444321,0.04448333,0.272011051
672,5.5629078,130.4947316,267.6844819,29.52832394,60.5715955,0.042764937,1.642764937,0.226279817,2.58E-05,0.000232042,1.636753702,0.001075104,0.014116052,0.014156934,0.738057869
673,5.5756557,130.4946546,267.6869744,29.52830652,60.57215949,0.0378145,1.6378145,0.226279817,8.34E-06,-0.00033195,1.652006693,-0.001388929,-0.046065215,0.04608615,0.07589303
674,5.5788687,130.4945895,267.6895659,29.5282918,60.57274589,0.036824413,1.636824413,0.226279817,-6.37E-06,-0.000918354,1.647360071,-0.002734932,-0.09332429,0.093364356,-0.075046399
675,5.591692,130.494539,267.6904655,29.52828036,60.57294947,0.075112495,1.675112495,0.226279817,-1.78E-05,-0.001121925,1.647674817,-0.002086273,-0.070393372,0.070424281,0.37034764
676,5.594756,130.4944805,267.6923841,29.52826714,60.57338361,0.044284012,1.644284012,0.226279817,-3.10E-05,-0.001556074,1.655434986,-0.001804898,-0.059610528,0.059637846,0.900120088
684,5.6593804,130.4946869,267.6831441,29.52831383,60.57129279,0.044338664,1.644338664,0.226279817,1.57E-05,0.000534748,1.664684239,-0.001669949,-0.0388655,0.03890136,0.939390996
685,5.6723748,130.4946892,267.6825887,29.52831435,60.57116711,0.076615345,1.676615345,0.226279817,1.62E-05,0.000660433,1.66653409,-5.02E-05,0.014295834,0.014295923,0.132730215
686,5.6756573,130.4946325,267.6837316,29.52830153,60.57142572,0.083070681,1.683070681,0.226279817,3.35E-06,0.000401822,1.66690406,0.00076405,0.039850542,0.039857865,0.264341583
687,5.6877905,130.4950189,267.6703302,29.52838896,60.56839325,0.084361748,1.684361748,0.226279817,9.08E-05,0.003434292,1.673431204,-0.000816172,-0.007743553,0.007786447,0.088554544
688,5.7043924,130.4950011,267.6713515,29.52838492,60.56862435,0.046133862,1.646133862,0.226279817,8.67E-05,0.003203195,1.667039413,-0.001242526,-0.025756598,0.025786551,-0.089811514
689,5.7074189,130.4949051,267.6741016,29.5283632,60.56924664,0.076974384,1.676974384,0.226279817,6.50E-05,0.002580895,1.665761055,0.000336883,0.020859015,0.020861735,-0.275948268
690,5.7199194,130.4947895,267.6785428,29.52833705,60.5702516,0.04465639,1.64465639,0.226279817,3.89E-05,0.001575942,1.665505383,-0.000547461,-0.009595454,0.009611059,-0.15348477
691,5.7228226,130.4948407,267.6765632,29.52834864,60.56980365,0.07667889,1.67667889,0.226279817,5.05E-05,0.002023887,1.665454249,0.000380713,0.018289133,0.018293095,-0.208327516
692,5.7359547,130.4950023,267.6708956,29.5283852,60.56852118,0.08308339,1.68308339,0.226279817,8.70E-05,0.003306357,1.657746802,0.001459296,0.04455326,0.044577152,-0.359310314
693,5.7392109,130.4950656,267.6690896,29.52839952,60.56811252,0.045878191,1.645878191,0.226279817,0.000101344,0.00371502,1.656205313,0.001999998,0.056922508,0.056957633,-0.566971004
694,5.7517079,130.494967,267.6731928,29.5283772,60.569041,0.038437151,1.638437151,0.226279817,7.90E-05,0.002786538,1.648199795,0.000793293,0.010530738,0.010560576,-1.237218769
695,5.7552874,130.4949766,267.6734862,29.52837939,60.56910739,0.036948943,1.636948943,0.226279817,8.12E-05,0.00272015,1.638901472,-0.001554575,-0.080165302,0.080180374,-1.129340475
696,5.7677045,130.4948646,267.6777481,29.52835404,60.57007177,0.036651301,1.636651301,0.226279817,5.59E-05,0.001755771,1.637041807,-0.002793611,-0.119545395,0.119578032,-0.107545827
697,5.7707255,130.4947451,267.6824985,29.52832699,60.5711467,0.036591773,1.636591773,0.226279817,2.88E-05,0.000680836,1.644367094,-0.002494246,-0.102885886,0.102916116,0.793608785
698,5.7845724,130.4946351,267.6868676,29.5283021,60.57213534,0.036579867,1.636579867,0.226279817,3.93E-06,-0.000307797,1.645832151,-0.002930899,-0.109749342,0.109788471,1.580847994
699,5.7881847,130.4946304,267.6867239,29.52830106,60.57210282,0.075063585,1.675063585,0.226279817,2.88E-06,-0.000275282,1.653822383,-0.003533142,-0.117963269,0.118016168,0.818110726
700,5.7998854,130.4945492,267.6894575,29.52828267,60.57272137,0.04427423,1.64427423,0.226279817,-1.55E-05,-0.000893829,1.655420429,-0.001489115,-0.039155889,0.039184195,0.818835976
701,5.8028453,130.4944831,267.6910106,29.52826771,60.57307281,0.076602458,1.676602458,0.226279817,-3.05E-05,-0.001245272,1.655740038,-0.001597368,-0.046933222,0.046960397,-0.108058538
702,5.8162669,130.4945581,267.6887439,29.52828469,60.57255989,0.044582004,1.644582004,0.226279817,-1.35E-05,-0.000732354,1.64810674,-0.0005287,-0.013904932,0.013914979,-0.290333865
703,5.8199882,130.4945197,267.6905575,29.52827599,60.57297029,0.038177914,1.638177914,0.226279817,-2.22E-05,-0.001142754,1.646580081,-0.000374272,-0.015639268,0.015643746,-0.334549682
704,5.832366,130.4947961,267.6810317,29.52833855,60.57081479,0.036897095,1.636897095,0.226279817,4.04E-05,0.001012748,1.646274749,0.001171677,0.02785644,0.02788107,-0.151517189
705,5.8354761,130.4947852,267.6818775,29.52833607,60.57100617,0.036640932,1.636640932,0.226279817,3.79E-05,0.000821366,1.646213682,0.000988208,0.022880553,0.022901884,-0.015073392
706,5.848786,130.4949426,267.6760694,29.5283717,60.56969191,0.075075798,1.675075798,0.226279817,7.35E-05,0.002135633,1.646201469,0.001139055,0.032494547,0.032514504,0.775663586
707,5.8520638,130.4949477,267.6758762,29.52837284,60.56964819,0.044276672,1.644276672,0.226279817,7.47E-05,0.002179347,1.653896246,-0.001412616,-0.04104782,0.041072119,0.821993026
708,5.8649579,130.4948574,267.6794213,29.52835241,60.57045039,0.038116847,1.638116847,0.226279817,5.42E-05,0.001377151,1.655435202,-0.001624396,-0.041461175,0.041492984,0.856316479
709,5.8679739,130.4947547,267.6820013,29.52832917,60.57103419,0.075370981,1.675370981,0.226279817,3.10E-05,0.000793347,1.655742993,-0.002212917,-0.054220942,0.054266081,0.075395116
710,5.8808545,130.4946489,267.6856218,29.52830523,60.57185343,0.044335709,1.644335709,0.226279817,7.06E-06,-2.59E-05,1.655804551,-0.00204363,-0.049056271,0.04909882,0.883296285
711,5.8838861,130.4946454,267.6851536,29.52830443,60.57174749,0.076614754,1.676614754,0.226279817,6.26E-06,8.00E-05,1.663514083,0.000910306,0.060236715,0.060243593,0.68953196
712,5.89673,130.4947131,267.6829309,29.52831977,60.57124453,0.044584464,1.644584464,0.226279817,2.16E-05,0.000583011,1.657358769,0.002291286,0.091913875,0.09194243,0.552971725
713,5.8997704,130.4948903,267.6764242,29.52835985,60.56977221,0.076664505,1.676664505,0.226279817,6.17E-05,0.002055327,1.656127706,0.002768322,0.107636313,0.107671907,-0.300845346
714,5.9131557,130.494843,267.6785055,29.52834916,60.57024315,0.044594414,1.644594414,0.226279817,5.10E-05,0.001584387,1.655881494,0.002888301,0.105978662,0.106018013,-0.142224057
715,5.9277402,130.494877,267.6775381,29.52835684,60.57002424,0.038180395,1.638180395,0.226279817,5.87E-05,0.001803295,1.655832251,0.002862422,0.104189634,0.104228947,-0.454463426
716,5.9334848,130.4948855,267.6768613,29.52835877,60.56987111,0.075383691,1.675383691,0.226279817,6.06E-05,0.001956426,1.648125183,0.000721218,0.021761193,0.021773141,-0.246774566
717,5.9436652,130.4949334,267.675502,29.5283696,60.56956352,0.044338251,1.644338251,0.226279817,7.14E-05,0.002264024,1.654280989,0.000584723,0.020887547,0.02089573,-0.148555144
718,5.9478919,130.4949797,267.674155,29.52838008,60.56925873,0.038129163,1.638129163,0.226279817,8.19E-05,0.002568805,1.65551215,-0.000990169,-0.032794615,0.032809559,0.095334162
719,5.9601076,130.4948997,267.6762902,29.52836199,60.56974189,0.075373445,1.675373445,0.226279817,6.38E-05,0.002085654,1.648061163,-0.000956669,-0.036245153,0.036257776,-0.237366853
720,5.9638953,130.4947767,267.6805319,29.52833416,60.57070169,0.044336202,1.644336202,0.226279817,3.60E-05,0.001125846,1.646570965,-0.002158128,-0.080803305,0.08083212,-0.127800011
721,5.9758298,130.4948032,267.6800359,29.52834015,60.57058946,0.038128753,1.638128753,0.226279817,4.20E-05,0.001238075,1.653970145,-0.002446131,-0.085945991,0.085980794,-0.457468374
722,5.9797182,130.4947183,267.6833452,29.52832093,60.57133828,0.036887263,1.636887263,0.226279817,2.28E-05,0.000489263,1.647752762,-0.002243262,-0.081513215,0.081544077,-0.158537784
723,5.9925395,130.4947771,267.6807164,29.52833425,60.57074343,0.075125065,1.675125065,0.226279817,3.61E-05,0.001084109,1.654206505,-0.000483888,-0.019302408,0.019308472,-0.256481087
724,5.996497,130.494769,267.6810205,29.5283324,60.57081224,0.044286526,1.644286526,0.226279817,3.42E-05,0.001015297,1.655497253,0.000520862,0.017821819,0.017829429,0.494071218
725,6.0086854,130.494847,267.677915,29.52835006,60.57010955,0.076604917,1.676604917,0.226279817,5.19E-05,0.001717993,1.663452623,0.001905016,0.071616063,0.071641396,-0.079412826
726,6.0137024,130.4949695,267.673591,29.52837779,60.56913111,0.044582496,1.644582496,0.226279817,7.96E-05,0.002696433,1.657346477,0.000625746,0.020188363,0.020198058,-0.228639076
727,6.0237515,130.4950574,267.6701983,29.52839767,60.5683634,0.076664111,1.676664111,0.226279817,9.95E-05,0.003464136,1.656125248,0.000245689,0.006827764,0.006832183,-0.467048879
728,6.0276576,130.4949649,267.6738362,29.52837674,60.56918659,0.044594335,1.644594335,0.226279817,7.86E-05,0.002640951,1.655881002,-0.000469014,-0.014156257,0.014164024,0.132548262
729,6.0408059,130.4948273,267.6787282,29.52834561,60.57029355,0.03818038,1.63818038,0.226279817,4.74E-05,0.001533985,1.663529373,-0.001926099,-0.06209327,0.062123136,0.312242291
730,6.0444693,130.494793,267.6794935,29.52833783,60.57046671,0.075383688,1.675383688,0.226279817,3.97E-05,0.001360827,1.665059047,-0.00244961,-0.075624,0.075663663,0.342025846
731,6.0558757,130.4947043,267.6817447,29.52831776,60.57097612,0.08282435,1.68282435,0.226279817,1.96E-05,0.000851415,1.665364982,-0.001684452,-0.045533194,0.045564341,0.153495834
732,6.0596737,130.4946935,267.681598,29.52831533,60.57094292,0.084312482,1.684312482,0.226279817,1.72E-05,0.000884615,1.665426169,-0.002312451,-0.073720992,0.073757251,-0.195102073
733,6.0719063,130.4946107,267.6848572,29.5282966,60.57168042,0.046124009,1.646124009,0.226279817,-1.58E-06,0.00014712,1.657741186,-0.00167736,-0.058927794,0.058951662,-1.042388772
734,6.0755779,130.4945214,267.6885101,29.52827637,60.57250701,0.038486315,1.638486315,0.226279817,-2.18E-05,-0.000679466,1.64850697,-0.000998175,-0.048252493,0.048262817,-1.097267853
735,6.0880123,130.4945791,267.687043,29.52828945,60.57217502,0.036958776,1.636958776,0.226279817,-8.73E-06,-0.000347483,1.646660127,-0.000507189,-0.035629676,0.035633286,-0.9222471
736,6.0915923,130.494605,267.6869051,29.5282953,60.57214382,0.036653268,1.636653268,0.226279817,-2.87E-06,-0.000316279,1.646290758,-3.28E-05,-0.018749545,0.018749573,0.124088955
737,6.1038098,130.494703,267.6830254,29.52831748,60.57126592,0.075078266,1.675078266,0.226279817,1.93E-05,0.000561617,1.653914104,0.000881321,0.021516351,0.021534393,1.047453868
738,6.1073275,130.4947161,267.6826506,29.52832044,60.57118111,0.044277166,1.644277166,0.226279817,2.23E-05,0.000646433,1.663135993,-0.000334117,-0.006591898,0.00660036,1.325826446
739,6.1203635,130.4946622,267.6840217,29.52830823,60.57149137,0.076603045,1.676603045,0.226279817,1.01E-05,0.000336173,1.672677591,-0.00088937,-0.013639655,0.01366862,0.511700809
740,6.123547,130.4945914,267.6856233,29.52829223,60.57185378,0.083068221,1.683068221,0.226279817,-5.94E-06,-2.62E-05,1.66688869,-0.001038122,-0.022249962,0.022274167,-0.392798821
741,6.136141,130.494528,267.6870995,29.52827787,60.57218781,0.084361256,1.684361256,0.226279817,-2.03E-05,-0.000360268,1.66573091,-0.001802451,-0.060848186,0.060874876,-0.641609502
742,6.1521215,130.4946037,267.6850653,29.528295,60.5717275,0.046133764,1.646133764,0.226279817,-3.17E-06,0.000100035,1.665499354,-0.00152924,-0.052331474,0.052353813,-0.040784521
743,6.1550282,130.4945654,267.6872346,29.52828633,60.57221839,0.038488266,1.638488266,0.226279817,-1.18E-05,-0.000390848,1.665453043,-0.000890113,-0.038843774,0.038853972,-0.20708544
744,6.1680716,130.4945901,267.6861519,29.52829194,60.57197339,0.075445265,1.675445265,0.226279817,-6.24E-06,-0.00014585,1.657746561,-0.000646608,-0.033924721,0.033930883,-0.349918929
745,6.1715509,130.494562,267.6868654,29.52828557,60.57213484,0.082836665,1.682836665,0.226279817,-1.26E-05,-0.000307303,1.656205265,-0.001568647,-0.069183624,0.069201405,-0.153412073
746,6.1844329,130.4945664,267.6869751,29.52828657,60.57215967,0.045828846,1.645828846,0.226279817,-1.16E-05,-0.000332129,1.663594225,-0.00115132,-0.039519567,0.039536334,0.180795998
747,6.1880216,130.4945103,267.6893143,29.52827387,60.57268897,0.038427282,1.638427282,0.226279817,-2.43E-05,-0.000861428,1.665072017,-0.001702109,-0.052443978,0.052471592,0.336514949
748,6.2002517,130.4944619,267.6904255,29.52826292,60.57294041,0.075433068,1.675433068,0.226279817,-3.53E-05,-0.001112873,1.665367576,-0.001407533,-0.044908352,0.044930405,0.904604681
749,6.2036568,130.4944269,267.6911153,29.52825501,60.5730965,0.082834226,1.682834226,0.226279817,-4.32E-05,-0.001268959,1.673123907,0.000248033,0.013482347,0.013484628,0.618203981
750,6.2164383,130.4944068,267.6916082,29.52825044,60.57320803,0.084314457,1.684314457,0.226279817,-4.77E-05,-0.001380488,1.667405314,0.001077772,0.042233223,0.042246972,-0.888878984
751,6.2200208,130.494539,267.6870164,29.52828037,60.57216901,0.084610503,1.684610503,0.226279817,-1.78E-05,-0.000341469,1.651294517,0.001365295,0.030051688,0.030082686,-1.735752436
752,6.2322834,130.4945721,267.6872189,29.52828786,60.57221482,0.009834317,1.609834317,0.226279817,-1.03E-05,-0.000387283,1.648072357,0.001719076,0.036574932,0.03661531,-2.393413762
753,6.2357298,130.4945804,267.6884597,29.52828973,60.57249559,-0.00512092,1.59487908,0.226279817,-8.45E-06,-0.000668051,1.639730705,0.00198732,0.042759769,0.042805926,-0.936700809
754,6.2488721,130.4945481,267.6892277,29.52828243,60.57266937,0.066723428,1.666723428,0.226279817,-1.57E-05,-0.000841826,1.638062375,0.000208191,-0.016485047,0.016486362,0.581705709
755,6.2522812,130.4945629,267.6888932,29.52828578,60.57259369,0.042606198,1.642606198,0.226279817,-1.24E-05,-0.00076615,1.652695788,-0.000262176,-0.021176342,0.021177965,1.853590187
756,6.2651059,130.4945323,267.6892445,29.52827885,60.57267317,0.076268852,1.676268852,0.226279817,-1.93E-05,-0.000845634,1.67058955,-0.000490993,-0.006705136,0.006723088,2.196493693
757,6.2690745,130.4945018,267.6897214,29.52827194,60.57278109,0.083001382,1.683001382,0.226279817,-2.62E-05,-0.000953551,1.674168302,-0.00087657,-0.010039983,0.010078176,1.009790205
758,6.2805622,130.4944712,267.690184,29.52826503,60.57288576,0.084347888,1.684347888,0.226279817,-3.31E-05,-0.001058217,1.682581272,-0.001178249,-0.015503619,0.015548327,-0.176266382
759,6.283343,130.4944407,267.6905514,29.52825813,60.57296889,0.08461719,1.68461719,0.226279817,-4.00E-05,-0.001141354,1.676566647,-0.001494203,-0.031669303,0.031704532,-0.702224563
760,6.2965068,130.4944102,267.6908492,29.52825122,60.57303629,0.08467105,1.68467105,0.226279817,-4.70E-05,-0.00120875,1.667666502,-0.001004363,-0.024010509,0.024031506,-1.078826866
761,6.3009853,130.4943682,267.6925716,29.52824172,60.57342604,0.046195723,1.646195723,0.226279817,-5.65E-05,-0.001598497,1.665886473,-0.000913321,-0.020901802,0.020921746,-0.368372911
762,6.3122691,130.4944035,267.692018,29.52824971,60.57330077,0.038500657,1.638500657,0.226279817,-4.85E-05,-0.001473231,1.665530467,0.000115084,0.004423658,0.004425155,-0.78027144
763,6.3163325,130.4944009,267.6919025,29.52824912,60.57327463,0.075447743,1.675447743,0.226279817,-4.91E-05,-0.001447093,1.657762046,0.002813795,0.090142383,0.090186288,-0.47174081
764,6.3279651,130.4945376,267.6869298,29.52828004,60.57214941,0.082837161,1.682837161,0.226279817,-1.81E-05,-0.000321866,1.663905581,0.003248112,0.108576897,0.10862547,-0.340464255
765,6.3313567,130.494732,267.6805825,29.52832403,60.57071315,0.045828945,1.645828945,0.226279817,2.59E-05,0.001114387,1.665134289,0.002355883,0.071114247,0.071153259,0.303405534
766,6.343764,130.4947348,267.6803004,29.52832467,60.5706493,0.076913401,1.676913401,0.226279817,2.65E-05,0.00117824,1.66538003,0.002210995,0.063909179,0.063947414,0.132170456
767,6.347171,130.4946783,267.6829535,29.52831188,60.57124965,0.044644193,1.644644193,0.226279817,1.37E-05,0.000577887,1.665429178,0.001515163,0.040929933,0.040957968,0.215344524
768,6.3597683,130.4946298,267.684601,29.52830091,60.57162244,0.076676451,1.676676451,0.226279817,2.74E-06,0.000205095,1.673136228,-0.00172694,-0.058358254,0.0583838,0.080210434
769,6.3757327,130.4945719,267.6858826,29.52828781,60.57191245,0.083082902,1.683082902,0.226279817,-1.04E-05,-8.49E-05,1.666980418,-0.001903988,-0.068082076,0.068108694,-0.045055823
770,6.3791396,130.4945231,267.6869812,29.52827677,60.57216104,0.084364192,1.684364192,0.226279817,-2.14E-05,-0.000333501,1.665749256,-0.001731682,-0.064088734,0.064112125,-7.37044853
771,6.3917679,130.4944766,267.6894074,29.52826624,60.57271003,0.046134351,1.646134351,0.226279817,-3.19E-05,-0.000882488,1.395953501,0.001753076,-0.248718853,0.248725031,
772,6.3953644,130.4944306,267.6918907,29.52825584,60.57327196,0.038488383,1.638488383,0.226279817,-4.23E-05,-0.001444423,1.072444828,0.015256252,-0.994876096,0.994993065,
773,6.4078788,130.4953461,267.7445822,29.52846299,60.58519498,-1.272302323,0.327697677,0.226279817,0.000164817,-0.013367437,0.738193571,0.019446255,-1.178142992,1.178303469,
774,6.411412,130.4963875,267.8031194,29.52869864,60.59844077,-1.534460465,0.065539535,0.226279817,0.000400465,-0.026613234,0.409491017,0.030912371,-1.803342437,1.803607363,
775,6.423659,130.4973459,267.8566636,29.52891552,60.61055675,-1.586892093,0.013107907,0.226279817,0.000617341,-0.038729211,0.081898203,0.033973762,-1.909748299,1.910050466,
776,6.4269563,130.4981692,267.9028485,29.5291018,60.62100744,-1.597378419,0.002621581,0.226279817,0.000803628,-0.049179905,0.016379641,0.039190799,-2.18918966,2.189540428,-15.88310745
777,6.4396767,130.4988671,267.9415401,29.52925973,60.62976257,-1.599475684,0.000524316,0.226279817,0.000961551,-0.057935031,0.003275928,0.027478837,-1.528224963,1.52847199,-7.25310349
778,6.4427283,130.4994421,267.9732314,29.52938984,60.63693368,-1.599895137,0.000104863,0.226279817,0.001091666,-0.065106139,0.000655186,0.029366169,-1.621504385,1.62177028,-0.643180122
779,6.4556392,130.4999063,267.9985721,29.52949488,60.64266778,-1.599979027,2.10E-05,0.226279817,0.001196703,-0.070840237,0.000131037,0.018992145,-1.0373087,1.03748255,-0.311198865
780,6.4587053,130.5002741,268.0182969,29.52957811,60.64713109,-1.599995805,4.19E-06,0.226279817,0.001279933,-0.075303555,2.62E-05,0.018845656,-1.026408598,1.026581593,-0.025448595
781,6.4721579,130.5005492,268.03307,29.52964035,60.65047395,-1.599999161,8.39E-07,0.226279817,0.001342173,-0.078646412,5.24E-06,0.010810354,-0.58305444,0.583154648,-0.012286871
782,6.4759281,130.5007438,268.0436297,29.52968439,60.65286341,-1.599999832,1.68E-07,0.226279817,0.001386219,-0.081035867,1.05E-06,0.010342669,-0.553819289,0.553915856,-0.000913852
783,6.4877634,130.5008726,268.0505955,29.52971353,60.65443963,-1.599999966,3.36E-08,0.226279817,0.001415357,-0.082612087,2.10E-07,0.005021917,-0.562417913,0.562440333,-0.000412721
784,6.4908068,130.5009506,268.0546029,29.52973117,60.65534642,-1.599999993,6.71E-09,0.226279817,0.001433,-0.083518876,4.19E-08,0.004041522,-1.907742243,1.907746524,-4.29E-05
785,6.5037375,130.5009815,268.1402453,29.52973817,60.67472555,-1.599999999,1.34E-09,0.226279817,0.00144,-0.102898011,8.39E-09,-0.282251436,-2.067074737,2.086255939,-2.00E-05
786,6.5067866,130.5009778,268.2342343,29.52973734,60.69599337,-1.6,2.68E-10,0.226279817,0.001439161,-0.124165828,1.68E-09,-1.585031256,-3.031925326,3.421241773,-1.63E-06
787,6.5201889,130.4168857,268.3189574,29.51070899,60.71516451,-1.6,5.37E-11,0.226279817,-0.017589187,-0.143336966,3.35E-10,-1.897912517,-3.18500557,3.707604672,-7.94E-07
788,6.5234687,130.322506,268.3908127,29.48935278,60.73142389,-1.6,1.07E-11,0.226279817,-0.038945399,-0.159596353,6.71E-11,-3.022089439,-4.857999994,5.721292556,-6.21E-08
789,6.5360389,130.2359228,268.4498836,29.46976075,60.74479046,-1.6,2.15E-12,0.226279817,-0.058537429,-0.172962925,1.34E-11,-3.244270598,-3.926774134,5.093608427,-2.99E-08
790,6.5390524,130.1610735,268.5812438,29.45282384,60.77451462,-1.6,4.30E-13,0.226279817,-0.075474333,-0.202687076,2.69E-12,-3.726090269,-5.335633164,6.507897506,-2.67E-09
791,6.5518469,130.0982441,268.7123657,29.43860684,60.80418486,-1.6,8.59E-14,0.226279817,-0.08969134,-0.232357315,5.39E-13,-2.866029046,-1.712562597,3.3387113,-1.29E-09
792,6.5548941,130.0466825,268.8264908,29.42693947,60.83000906,-1.6,1.72E-14,0.226279817,-0.101358705,-0.258181517,1.10E-13,-3.181527639,-2.342151494,3.950669784,-1.05E-10
793,6.5677245,129.9213081,268.0804173,29.39856977,60.66118768,-1.6,3.44E-15,0.226279817,-0.1297284,-0.089360136,2.31E-14,-2.391380224,1.934303093,3.075748337,
794,6.5707903,129.8788179,268.1374749,29.38895511,60.67409867,-1.6,6.87E-16,0.226279817,-0.139343062,-0.102271135,,-2.517800598,-1.74531076,3.063564836,
795,6.58441,129.7783249,267.444174,29.36621558,60.51721868,-1.6,1.37E-16,0.226279817,-0.162082597,0.054608864,,-1.748822803,-1.813616163,2.519441363,
