round,frame_idx,capture_ms,process_ms,main_ms,fg_sent
1,0,12.6120,12.0303,0.7046,1
1,1,5.2934,3.4486,0.0038,0
1,2,11.1841,3.7409,0.0028,0
1,3,5.4386,3.6606,0.0022,0
1,4,9.9422,3.0498,0.0044,0
1,5,5.6261,3.8770,0.5427,1
1,6,9.9054,3.5511,0.0032,0
1,7,5.3101,3.1712,0.0026,0
1,8,10.4486,3.0902,0.0023,0
1,9,4.7058,3.6069,0.0026,0
1,10,11.1921,3.4336,0.9675,1
1,11,4.5778,3.2592,0.0036,0
1,12,11.9010,4.3366,0.0032,0
1,13,5.5961,3.2382,0.0031,0
1,14,10.0580,3.3325,0.0030,0
1,15,5.4491,3.2377,0.5669,1
1,16,9.9068,3.4192,0.0029,0
1,17,4.5204,3.1684,0.0020,0
1,18,11.4445,3.5033,0.0034,0
1,19,5.1818,3.0713,0.0029,0
1,20,10.6984,3.6424,0.5799,1
1,21,16.2381,3.6996,0.0032,0
1,22,5.6634,3.6885,0.0028,0
1,23,10.2146,3.3974,0.0030,0
1,24,4.6356,3.5992,0.0028,0
1,25,11.1908,3.3848,0.4891,1
1,26,4.9854,3.2481,0.0028,0
1,27,10.9084,3.1726,0.0030,0
1,28,4.5447,3.7491,0.0031,0
1,29,12.0040,3.6533,0.0033,0
1,30,4.5650,3.2310,0.5852,1
1,31,10.6897,3.1404,0.0022,0
1,32,4.8051,2.8296,0.0029,0
1,33,11.1874,2.7649,0.0033,0
1,34,4.4150,1.8045,0.0030,0
1,35,10.7377,2.4159,0.4074,1
1,36,4.3388,2.6385,0.0020,0
1,37,12.0972,2.8817,0.0028,0
1,38,4.4738,2.3821,0.0025,0
1,39,11.1605,2.7499,0.0041,0
1,40,4.3593,3.0885,0.5613,1
1,41,11.7057,2.8825,0.0025,0
1,42,4.8489,3.2165,0.0026,0
1,43,11.4960,3.1389,0.0033,0
1,44,3.9897,2.0767,0.0018,0
1,45,10.3442,2.9764,0.8064,1
1,46,4.3239,1.4408,0.0033,0
1,47,11.8151,1.7613,0.0024,0
1,48,16.1674,3.2514,0.0035,0
1,49,3.6497,2.4053,0.0018,0
1,50,13.1150,2.9205,0.5518,1
1,51,4.3196,2.6600,0.0023,0
1,52,12.1005,3.2178,0.0026,0
1,53,3.8017,1.3639,0.0026,0
1,54,10.7452,2.6411,0.0019,0
1,55,4.2843,2.1451,0.4621,1
1,56,11.0678,1.7807,0.0030,0
1,57,3.2306,1.3556,0.0032,0
1,58,14.4263,2.0500,0.0025,0
1,59,3.3464,2.3977,0.0024,0
1,60,13.8293,2.1168,0.7394,1
1,61,3.5552,2.4455,0.0012,0
1,62,11.2566,3.1734,0.0029,0
1,63,4.3316,2.3920,0.0020,0
1,64,10.1954,2.4729,0.0027,0
1,65,4.2634,2.2287,0.7993,1
1,66,11.4507,2.2811,0.0017,0
1,67,3.6819,1.7455,0.0036,0
1,68,14.3990,3.0201,0.0029,0
1,69,4.1714,2.8409,0.0027,0
1,70,10.3592,2.5364,0.4393,1
1,71,4.2270,2.3837,0.0022,0
1,72,12.2705,2.6603,0.0031,0
1,73,4.4750,2.4132,0.0032,0
1,74,11.0496,3.5840,0.0023,0
1,75,4.4047,3.1244,0.5149,1
1,76,12.3099,2.4657,0.0017,0
1,77,14.7909,2.0606,0.0033,0
1,78,3.4893,1.5120,0.0016,0
1,79,12.6749,2.1291,0.0034,0
1,80,3.6172,2.0099,0.5677,1
1,81,12.0403,2.0315,0.0031,0
1,82,3.5049,1.7339,0.0031,0
1,83,13.1684,2.9686,0.0029,0
1,84,3.7772,2.6032,0.0034,0
1,85,11.3007,2.0894,0.7173,1
1,86,3.4984,1.5254,0.0020,0
1,87,13.0632,2.0063,0.0027,0
1,88,3.1130,1.4420,0.0026,0
1,89,13.3780,3.6718,0.0033,0
1,90,3.4791,3.0638,0.7353,1
1,91,12.5828,3.2584,0.0023,0
1,92,4.6571,1.7791,0.0017,0
1,93,11.2340,3.2341,0.0021,0
1,94,4.4028,2.6817,0.0040,0
1,95,11.1575,3.0905,0.5388,1
1,96,4.2610,2.1313,0.0017,0
1,97,11.7361,2.9722,0.0025,0
1,98,3.9308,1.9428,0.0033,0
1,99,12.8141,3.7278,0.0024,0
1,100,4.6945,1.8300,0.6552,1
1,101,11.3159,2.8604,0.0027,0
1,102,4.5191,2.5833,0.0018,0
1,103,11.4102,2.5524,0.0024,0
1,104,15.0947,3.8086,0.0023,0
1,105,4.7313,2.1648,0.5057,1
1,106,10.5784,3.1694,0.0021,0
1,107,5.2299,2.2704,0.0029,0
1,108,10.4510,2.8166,0.0020,0
1,109,4.2397,2.1923,0.0033,0
1,110,11.6917,2.1469,0.6577,1
1,111,3.4603,1.6923,0.0028,0
1,112,12.8378,2.2855,0.0028,0
1,113,4.1093,1.4550,0.0028,0
1,114,11.3475,3.7533,0.0031,0
1,115,3.0663,3.5666,0.9381,1
1,116,13.7477,2.7763,0.0031,0
1,117,4.4038,2.0849,0.0020,0
1,118,10.6093,2.2129,0.0034,0
1,119,3.8831,2.1502,0.0029,0
1,120,12.1475,3.5208,0.8282,1
1,121,3.2884,2.1191,0.0023,0
1,122,14.5338,2.9276,0.0017,0
1,123,4.2335,1.3792,0.0024,0
1,124,10.0621,3.3171,0.0034,0
1,125,5.2050,2.3421,0.6755,1
1,126,14.0430,3.5150,0.0023,0
1,127,5.3643,3.1800,0.0027,0
1,128,8.1133,3.0731,0.0027,0
1,129,4.8262,2.8781,0.0024,0
1,130,10.8219,1.6314,0.4928,1
1,131,15.9947,2.2798,0.0029,0
1,132,3.7060,2.7450,0.0022,0
1,133,12.1916,2.8492,0.0027,0
1,134,3.8710,1.5235,0.0032,0
1,135,11.7290,2.8507,0.4058,1
1,136,5.0349,2.8063,0.0025,0
1,137,10.5334,3.2647,0.0024,0
1,138,4.1692,3.3096,0.0022,0
1,139,12.6933,2.4455,0.0026,0
1,140,4.2550,3.0997,0.4590,1
1,141,11.9890,2.7385,0.0019,0
1,142,4.2864,1.5782,0.0035,0
1,143,10.7269,2.6641,0.0031,0
1,144,3.7707,1.3958,0.0029,0
1,145,12.1093,1.8606,0.7248,1
1,146,4.1851,2.6757,0.0016,0
1,147,12.6508,3.3747,0.0018,0
1,148,4.3149,1.9789,0.0036,0
1,149,10.5045,2.0496,0.0029,0
1,150,3.6169,2.2883,1.0643,1
1,151,14.1333,3.3705,0.0019,0
1,152,3.8504,1.6593,0.0013,0
1,153,10.9285,2.2224,0.0022,0
1,154,3.5503,2.4997,0.0032,0
1,155,12.4109,1.7257,0.7765,1
1,156,4.2623,2.7425,0.0035,0
1,157,12.3185,2.4527,0.0033,0
1,158,3.6403,1.7236,0.0021,0
1,159,12.2230,1.5785,0.0035,0
1,160,15.5506,3.7443,0.8365,1
1,161,4.5084,2.2716,0.0019,0
1,162,10.7633,1.7934,0.0016,0
1,163,3.9445,2.5086,0.0018,0
1,164,12.9133,3.1492,0.0022,0
1,165,3.5288,1.9858,0.7880,1
1,166,11.4502,2.2412,0.0017,0
1,167,3.7748,1.5158,0.0023,0
1,168,13.1290,3.4125,0.0018,0
1,169,4.0480,2.3879,0.0030,0
1,170,11.9923,2.7075,0.7358,1
1,171,3.8064,3.1333,0.0025,0
1,172,12.3325,3.4599,0.0026,0
1,173,4.2344,2.7563,0.0026,0
1,174,11.0418,2.3833,0.0031,0
1,175,3.6915,3.6929,0.9528,1
1,176,13.8838,2.9617,0.0027,0
1,177,5.3693,2.7125,0.0029,0
1,178,9.3196,3.3623,0.0027,0
1,179,5.0593,2.1192,0.0030,0
1,180,10.8825,3.2813,0.6273,1
1,181,4.5767,2.1514,0.0014,0
1,182,11.1712,3.7424,0.0025,0
1,183,4.9906,3.0292,0.0024,0
1,184,11.9512,3.0899,0.0029,0
1,185,4.5583,1.6852,0.4594,1
1,186,9.8074,2.1217,0.0016,0
1,187,15.4140,2.0908,0.0028,0
1,188,3.5049,2.2367,0.0029,0
1,189,13.4376,2.9997,0.0027,0
1,190,4.4432,2.6639,0.9429,1
1,191,10.6552,1.8381,0.0022,0
1,192,3.3220,1.4035,0.0015,0
1,193,12.8195,1.8812,0.0026,0
1,194,3.1121,1.9313,0.0027,0
1,195,13.7032,3.6830,0.8728,1
1,196,2.9913,1.6772,0.0016,0
1,197,12.4072,1.8870,0.0031,0
1,198,3.0246,1.9682,0.0021,0
1,199,12.3732,2.0450,0.0032,0
1,200,2.7928,1.4354,1.0502,1
1,201,13.6062,2.0131,0.0019,0
1,202,3.5282,2.2720,0.0019,0
1,203,14.2457,2.8502,0.0024,0
1,204,4.4475,1.9491,0.0036,0
1,205,10.7125,2.9989,0.5198,1
1,206,4.6107,2.5570,0.0019,0
1,207,10.5867,2.4103,0.0024,0
1,208,3.7925,1.9470,0.0025,0
1,209,11.7077,2.5470,0.0029,0
1,210,3.7493,1.4631,1.3215,1
1,211,12.1797,2.0726,0.0016,0
1,212,3.1503,2.6473,0.0020,0
1,213,13.5463,3.3720,0.0030,0
1,214,15.3915,2.6421,0.0033,0
1,215,3.4850,1.9481,0.9880,1
1,216,13.1819,4.1695,0.0023,0
1,217,3.4129,2.7456,0.0030,0
1,218,12.0865,1.9495,0.0018,0
1,219,3.9675,2.4090,0.0031,0
1,220,14.2069,3.3696,0.5872,1
1,221,4.9348,2.6536,0.0031,0
1,222,9.5723,2.5971,0.0021,0
1,223,4.2245,1.8041,0.0023,0
1,224,12.6291,3.1014,0.0022,0
1,225,4.9575,2.8115,0.4825,1
1,226,9.4494,2.4972,0.0018,0
1,227,4.1297,2.9237,0.0025,0
1,228,12.4320,2.6156,0.0036,0
1,229,4.7527,1.7248,0.0033,0
1,230,10.6065,2.4637,0.4142,1
1,231,4.0003,1.6915,0.0013,0
1,232,12.0055,2.6612,0.0031,0
1,233,4.0751,2.2502,0.0019,0
1,234,11.3730,2.6450,0.0026,0
1,235,4.4136,2.4208,0.6928,1
1,236,12.1094,2.7698,0.0036,0
1,237,4.1055,1.8707,0.0030,0
1,238,10.9786,2.7896,0.0038,0
1,239,4.2837,1.5015,0.0028,0
1,240,11.6174,2.2161,0.6409,1
1,241,4.2735,1.5345,0.0022,0
1,242,12.1587,1.5853,0.0018,0
1,243,16.9023,3.5187,0.0029,0
1,244,5.3498,2.6525,0.0036,0
1,245,10.7712,2.5172,0.6102,1
1,246,3.9970,1.5174,0.0026,0
1,247,12.2125,3.2361,0.0034,0
1,248,5.1450,2.2504,0.0028,0
1,249,10.2253,3.4686,0.0426,0
1,250,4.6700,2.7498,0.4748,1
1,251,11.3199,2.6130,0.0019,0
1,252,4.1296,2.0412,0.0022,0
1,253,12.6694,2.9854,0.0021,0
1,254,4.7968,2.5235,0.0026,0
1,255,10.8784,3.0904,0.4408,1
1,256,4.5101,1.9997,0.0015,0
1,257,11.2340,3.5247,0.0029,0
1,258,4.7839,2.6669,0.0031,0
1,259,10.0149,2.7594,0.0031,0
1,260,4.1611,1.8100,0.4757,1
1,261,11.5901,2.2409,0.0019,0
1,262,3.9201,2.1303,0.0014,0
1,263,11.7947,2.5901,0.0021,0
1,264,4.1302,2.2620,0.0030,0
1,265,12.6338,3.2192,0.5078,1
1,266,4.7943,2.1621,0.0017,0
1,267,10.1127,2.0773,0.0035,0
1,268,3.5468,1.5008,0.0013,0
1,269,12.5086,1.4599,0.0031,0
1,270,15.7697,2.1998,0.5324,1
1,271,4.1157,1.4945,0.0015,0
1,272,12.4217,2.9108,0.0022,0
1,273,4.3799,2.2487,0.0035,0
1,274,11.5506,2.3816,0.0031,0
1,275,3.2617,2.6839,0.4978,1
1,276,12.2687,2.6929,0.0036,0
1,277,3.6258,3.4953,0.0022,0
1,278,13.5925,2.5347,0.0025,0
1,279,4.3437,2.3834,0.0025,0
1,280,12.0463,2.5404,0.4677,1
1,281,4.0822,1.8003,0.0015,0
1,282,11.0236,2.5191,0.0026,0
1,283,3.9269,1.6135,0.0014,0
1,284,11.9008,2.7724,0.0034,0
1,285,4.2689,1.5961,0.6393,1
1,286,11.6398,2.9732,0.0026,0
1,287,5.0303,2.3632,0.0025,0
1,288,10.0301,3.3205,0.0033,0
1,289,4.1816,1.6206,0.0023,0
1,290,12.2691,2.8272,0.4558,1
1,291,4.2098,1.7772,0.0010,0
1,292,12.5583,3.2022,0.0025,0
1,293,4.5769,2.4195,0.0039,0
1,294,11.4562,3.4326,0.0028,0
1,295,4.5720,2.5473,0.5844,1
1,296,10.8442,3.2054,0.0028,0
1,297,15.6039,3.8813,0.0026,0
1,298,5.3723,3.7505,0.0025,0
1,299,11.4011,3.0438,0.0031,0
1,300,4.8667,2.3228,0.4606,1
1,301,9.6519,3.1571,0.0024,0
1,302,4.8950,3.8389,0.0027,0
1,303,10.9703,2.2864,0.0028,0
1,304,3.7718,1.5554,0.0015,0
1,305,14.3851,3.3257,0.4336,1
1,306,5.2589,2.7679,0.0021,0
1,307,9.7535,3.0214,0.0031,0
1,308,4.9531,2.1809,0.0029,0
1,309,12.1806,2.7469,0.0028,0
1,310,4.5649,1.8413,0.4707,1
1,311,10.1245,3.1902,0.0029,0
1,312,4.8593,3.4096,0.0035,0
1,313,10.9173,2.7976,0.0032,0
1,314,4.3074,1.6954,0.0025,0
1,315,12.3552,2.8117,0.4865,1
1,316,4.3471,1.7436,0.0018,0
1,317,10.4887,2.4447,0.0027,0
1,318,4.1127,1.4988,0.0037,0
1,319,11.6828,2.5720,0.0028,0
1,320,4.0684,2.0102,0.5508,1
1,321,11.2455,2.6534,0.0029,0
1,322,4.0463,1.7853,0.0016,0
1,323,12.6198,2.4207,0.0042,0
1,324,3.8434,1.6603,0.0031,0
1,325,11.5758,2.0859,0.7533,1
1,326,16.4978,2.6677,0.0033,0
1,327,4.1257,1.3822,0.0025,0
1,328,12.2338,2.7392,0.0032,0
1,329,3.4954,2.1999,0.0031,0
1,330,11.4399,2.3048,0.8124,1
1,331,4.3768,1.5711,0.0029,0
1,332,11.2842,2.6234,0.0030,0
1,333,3.9347,3.3449,0.0022,0
1,334,11.9326,3.7643,0.0027,0
1,335,5.0716,3.5091,0.8355,1
1,336,13.8933,3.3510,0.0021,0
1,337,4.7806,1.8289,0.0033,0
1,338,9.1458,3.1326,0.0032,0
1,339,4.5984,1.9021,0.0021,0
1,340,11.9404,3.3078,0.5368,1
1,341,4.6382,2.5452,0.0015,0
1,342,11.7126,3.3648,0.0033,0
1,343,4.4947,2.4779,0.0031,0
1,344,10.4118,2.3799,0.0033,0
1,345,4.1946,1.5507,0.4873,1
1,346,12.2736,2.9986,0.0039,0
1,347,5.2232,2.0653,0.0021,0
1,348,11.0938,2.4795,0.0027,0
1,349,4.5130,2.4855,0.0024,0
1,350,11.0217,2.4714,0.4826,1
1,351,4.3736,2.1517,0.0014,0
1,352,10.3288,2.6448,0.0021,0
1,353,16.9001,2.2747,0.0020,0
1,354,4.0877,1.5731,0.0029,0
1,355,11.4282,4.0067,0.9317,1
1,356,4.3183,3.8148,0.0032,0
1,357,11.2763,3.0742,0.0030,0
1,358,3.8560,2.0461,0.0037,0
1,359,12.4342,2.3873,0.0023,0
1,360,3.5631,1.8126,0.6207,1
1,361,12.4091,2.9247,0.0015,0
1,362,3.7640,1.4052,0.0025,0
1,363,11.3246,2.0932,0.0024,0
1,364,3.3484,3.8557,0.0022,0
1,365,13.9090,2.9807,0.7140,1
1,366,4.9635,2.2515,0.0036,0
1,367,9.9687,3.1251,0.0029,0
1,368,5.9009,2.8841,0.0026,0
1,369,11.9143,2.7476,0.0027,0
1,370,4.4039,2.2659,0.4909,1
1,371,10.1952,3.0530,0.0027,0
1,372,5.8444,2.4052,0.0017,0
1,373,10.0516,2.9789,0.0025,0
1,374,4.8349,2.9035,0.0025,0
1,375,11.2674,2.9709,0.5372,1
1,376,4.7615,1.8276,0.0013,0
1,377,10.8976,3.2569,0.0026,0
1,378,5.0618,3.0614,0.0032,0
1,379,11.7939,1.9686,0.0024,0
1,380,14.4271,2.3769,0.6444,1
1,381,4.2033,1.4609,0.0029,0
1,382,12.0143,2.3334,0.0030,0
1,383,3.8752,1.4047,0.0025,0
1,384,11.6596,1.9255,0.0025,0
1,385,3.9741,2.5232,0.6635,1
1,386,11.8176,2.0247,0.0027,0
1,387,3.6820,1.9673,0.0030,0
1,388,12.5083,1.8625,0.0030,0
1,389,3.6251,3.0037,0.0016,0
1,390,12.9092,2.1359,0.7720,1
1,391,4.3367,1.9356,0.0032,0
1,392,10.7629,1.7800,0.0031,0
1,393,3.3154,1.4870,0.0024,0
1,394,12.6764,2.0582,0.0016,0
1,395,3.2624,1.6970,0.6739,1
1,396,13.9708,3.3883,0.0024,0
1,397,3.3902,2.0802,0.0031,0
1,398,11.7721,2.5862,0.0029,0
1,399,4.0074,1.9687,0.0035,0
1,400,12.6943,3.1090,0.3741,1
1,401,4.0628,2.9804,0.0027,0
1,402,10.9045,2.0983,0.0028,0
1,403,3.3450,1.3908,0.0031,0
1,404,13.5067,1.9913,0.0032,0
1,405,3.7961,1.4914,0.9266,1
1,406,13.1983,2.2789,0.0024,0
1,407,3.5200,1.4197,0.0026,0
1,408,12.7195,3.4690,0.0026,0
1,409,15.5462,2.7119,0.0027,0
1,410,3.8894,2.2195,0.4827,1
1,411,11.7831,2.6832,0.0026,0
1,412,4.0747,1.6198,0.0021,0
1,413,12.4478,2.8491,0.0023,0
1,414,4.3510,3.0936,0.0025,0
1,415,10.9148,2.9438,0.5600,1
1,416,4.9846,2.1530,0.0031,0
1,417,10.1676,2.8630,0.0024,0
1,418,4.6892,2.1169,0.0034,0
1,419,11.3321,2.7492,0.0030,0
1,420,4.2861,2.4134,0.5099,1
1,421,11.7851,2.9191,0.0026,0
1,422,4.4874,2.1558,0.0018,0
1,423,11.3015,2.8599,0.0024,0
1,424,4.2770,1.7730,0.0037,0
1,425,11.5108,2.0413,0.5059,1
1,426,3.7038,1.9633,0.0022,0
1,427,13.2310,3.6156,0.0024,0
1,428,4.6168,2.4585,0.0032,0
1,429,10.1186,3.2307,0.0029,0
1,430,5.1838,2.5316,0.8969,1
1,431,10.4779,3.6854,0.0019,0
1,432,5.0964,1.8001,0.0018,0
1,433,11.1602,3.0368,0.0024,0
1,434,5.2731,2.9993,0.0028,0
1,435,12.7459,2.8731,0.4828,1
1,436,13.7652,2.5734,0.0022,0
1,437,3.5394,2.2066,0.0024,0
1,438,12.2018,2.6562,0.0027,0
1,439,4.1471,1.9729,0.0030,0
1,440,11.5863,2.0337,0.9046,1
1,441,3.5002,3.4010,0.0019,0
1,442,12.3990,2.1632,0.0029,0
1,443,3.6179,2.5317,0.0030,0
1,444,13.0428,2.3986,0.0034,0
1,445,4.5582,3.6475,0.7377,1
1,446,10.5092,1.8050,0.0018,0
1,447,3.3264,1.6831,0.0027,0
1,448,13.4719,3.5601,0.0031,0
1,449,4.4899,3.6927,0.0020,0
1,450,11.8749,2.7592,0.6737,1
1,451,5.0034,2.6467,0.0023,0
1,452,11.2696,3.0350,0.0023,0
1,453,4.5314,2.4838,0.0028,0
1,454,11.9981,2.6589,0.0034,0
1,455,4.4431,1.7705,0.4865,1
1,456,10.0942,3.0764,0.0030,0
1,457,4.7610,2.0390,0.0024,0
1,458,12.1318,2.7455,0.0025,0
1,459,4.1836,2.3030,0.0029,0
1,460,11.1625,3.4983,0.8355,1
1,461,5.2293,3.4675,0.0028,0
1,462,11.2833,2.5049,0.0019,0
1,463,16.0230,3.1408,0.0031,0
1,464,4.3667,2.4598,0.0035,0
1,465,10.6083,2.0066,0.8002,1
1,466,4.1674,1.7489,0.0027,0
1,467,13.1211,2.8582,0.0020,0
1,468,4.5290,1.9726,0.0038,0
1,469,12.9490,3.0235,0.0029,0
1,470,4.3266,2.5060,0.6880,1
1,471,9.5294,2.8250,0.0023,0
1,472,4.5430,2.1296,0.0039,0
1,473,10.9932,2.3335,0.0025,0
1,474,4.2471,1.6539,0.0029,0
1,475,11.4312,2.0841,0.7311,1
1,476,3.4780,1.4163,0.0011,0
1,477,12.5595,2.9336,0.0035,0
1,478,4.1747,2.6910,0.0024,0
1,479,11.5788,2.6191,0.0034,0
1,480,4.2879,1.6650,0.9113,1
1,481,12.9496,3.1963,0.0036,0
1,482,4.4147,2.3886,0.0034,0
1,483,10.5323,3.6329,0.0024,0
1,484,3.4605,1.5507,0.0031,0
1,485,11.6995,3.5602,1.6146,1
1,486,4.9815,2.9210,0.0030,0
1,487,12.5010,3.9595,0.0026,0
1,488,4.6603,2.2896,0.0027,0
1,489,11.4584,3.3317,0.0023,0
1,490,14.7004,2.6961,0.4606,1
1,491,4.1575,2.0598,0.0024,0
1,492,12.8718,2.7806,0.0034,0
1,493,4.5354,1.9939,0.0031,0
1,494,11.9661,3.4098,0.0033,0
1,495,4.1175,2.1412,0.8726,1
1,496,10.5205,3.6460,0.0078,0
1,497,4.8265,2.4173,0.0017,0
1,498,10.8130,3.0612,0.0022,0
1,499,4.4051,2.7220,0.0023,0
2,0,6.3195,4.5721,1.5194,1
2,1,4.0750,2.7290,0.0025,0
2,2,11.9786,2.7121,0.0019,0
2,3,4.2093,1.9515,0.0054,0
2,4,10.7009,1.9580,0.0028,0
2,5,3.6496,1.3745,0.7442,1
2,6,14.4394,4.1276,0.0022,0
2,7,3.9995,3.2585,0.0025,0
2,8,10.8500,3.3585,0.0024,0
2,9,4.1755,3.7689,0.0022,0
2,10,11.9554,3.2138,0.5842,1
2,11,4.2721,2.7483,0.0027,0
2,12,12.2908,2.8558,0.0032,0
2,13,4.3142,2.6666,0.0027,0
2,14,11.1758,3.2446,0.0028,0
2,15,4.8172,2.6795,0.6938,1
2,16,11.1468,3.6062,0.0028,0
2,17,5.4062,3.2533,0.0030,0
2,18,11.0585,3.1545,0.0029,0
2,19,15.9681,3.0006,0.0028,0
2,20,5.0224,3.2252,0.5778,1
2,21,10.4480,3.1852,0.0026,0
2,22,5.1179,2.9660,0.0029,0
2,23,10.9719,2.9640,0.0028,0
2,24,4.6924,3.9561,0.0027,0
2,25,11.5219,3.3043,0.5372,1
2,26,4.9084,2.8200,0.0030,0
2,27,10.9910,3.4119,0.0028,0
2,28,5.5818,3.2010,0.0025,0
2,29,9.9948,3.3215,0.0028,0
2,30,5.3039,2.7983,0.5344,1
2,31,11.1980,3.4595,0.0031,0
2,32,5.6406,3.1342,0.0030,0
2,33,9.4451,3.5461,0.0033,0
2,34,4.5294,2.5966,0.0018,0
2,35,10.4932,3.0640,0.6459,1
2,36,4.5760,3.3658,0.0028,0
2,37,13.0092,3.9476,0.0031,0
2,38,5.7598,3.3039,0.0025,0
2,39,9.2680,3.3719,0.0034,0
2,40,4.5590,3.1525,0.5795,1
2,41,11.8331,3.3807,0.0026,0
2,42,5.1923,3.4294,0.0026,0
2,43,11.3971,3.5971,0.0032,0
2,44,4.6334,3.2630,0.0026,0
2,45,10.6463,2.9172,0.5345,1
2,46,15.9386,2.8555,0.0029,0
2,47,4.8608,3.4447,0.0027,0
2,48,10.9185,3.0673,0.0026,0
2,49,5.0748,3.7230,0.0028,0
2,50,10.7329,2.1280,0.5896,1
2,51,4.6570,3.5588,0.0037,0
2,52,11.3285,3.2268,0.0027,0
2,53,4.2877,2.5282,0.0027,0
2,54,11.8491,2.7251,0.0027,0
2,55,4.6351,3.1336,0.5537,1
2,56,11.0480,3.3333,0.0030,0
2,57,5.0696,2.8114,0.0029,0
2,58,11.2954,3.6149,0.0031,0
2,59,4.9201,3.0859,0.0031,0
2,60,10.7809,3.3014,0.5408,1
2,61,5.0144,2.6966,0.0018,0
2,62,10.5830,2.8927,0.0022,0
2,63,4.8882,2.0010,0.0027,0
2,64,11.1327,2.6013,0.0026,0
2,65,4.1709,2.4680,0.5378,1
2,66,11.6199,2.6043,0.0025,0
2,67,4.4031,2.2823,0.0035,0
2,68,11.4604,3.6655,0.0022,0
2,69,4.7801,2.5295,0.0032,0
2,70,12.6203,3.1833,0.4964,1
2,71,4.7585,3.4601,0.0025,0
2,72,9.8118,3.2137,0.0030,0
2,73,16.4085,2.4905,0.0024,0
2,74,4.1765,2.4773,0.0025,0
2,75,10.9941,3.2362,0.5097,1
2,76,5.0944,2.5358,0.0028,0
2,77,11.6303,2.5602,0.0027,0
2,78,4.1506,2.0653,0.0019,0
2,79,11.0143,2.8985,0.0028,0
2,80,4.7084,2.5333,0.4243,1
2,81,13.3779,3.8603,0.0031,0
2,82,5.5051,2.7510,0.0025,0
2,83,9.3357,2.9991,0.0028,0
2,84,4.5773,2.9153,0.0026,0
2,85,10.1735,2.6226,0.4483,1
2,86,4.4948,3.5678,0.0019,0
2,87,11.4046,2.5434,0.0026,0
2,88,4.7900,3.0858,0.0032,0
2,89,11.2079,3.3707,0.0033,0
2,90,4.8637,2.9431,0.4865,1
2,91,10.5719,4.2886,0.0024,0
2,92,4.1888,2.1947,0.0019,0
2,93,11.4569,2.5949,0.0022,0
2,94,3.9888,1.8478,0.0016,0
2,95,12.5176,2.6400,0.4290,1
2,96,4.6112,1.8297,0.0026,0
2,97,11.9585,2.6195,0.0026,0
2,98,4.3166,2.3352,0.0026,0
2,99,12.0033,3.8807,0.0029,0
2,100,5.5793,3.3430,0.6345,1
2,101,10.7687,3.5419,0.0029,0
2,102,16.1611,4.6388,0.0031,0
2,103,5.5980,3.8415,0.0034,0
2,104,10.4644,3.3006,0.0031,0
2,105,4.7369,2.8480,0.7666,1
2,106,9.9770,3.0536,0.0022,0
2,107,5.0151,2.9760,0.0028,0
2,108,11.4427,3.6800,0.0031,0
2,109,5.2558,3.3401,0.0028,0
2,110,10.8764,3.6018,1.4348,1
2,111,5.5704,3.4365,0.0033,0
2,112,10.1037,3.2824,0.0030,0
2,113,5.2712,2.9314,0.0029,0
2,114,10.4521,3.0892,0.0038,0
2,115,5.0838,3.1108,0.6586,1
2,116,11.0273,3.3206,0.0031,0
2,117,4.9480,2.8485,0.0024,0
2,118,10.4506,3.3235,0.0031,0
2,119,4.4543,2.7478,0.0031,0
2,120,12.1155,2.7237,0.5522,1
2,121,4.6373,3.2324,0.0025,0
2,122,11.0707,2.9926,0.0026,0
2,123,4.8463,2.3737,0.0029,0
2,124,10.6847,2.6357,0.0031,0
2,125,4.5008,3.0781,0.5948,1
2,126,12.1487,3.2402,0.0033,0
2,127,4.3842,3.2464,0.0031,0
2,128,10.7742,3.5741,0.0026,0
2,129,15.2662,2.9078,0.0032,0
2,130,4.6835,2.6914,0.5251,1
2,131,12.7717,3.4905,0.0031,0
2,132,5.4933,3.3641,0.0030,0
2,133,9.4727,3.3635,0.0027,0
2,134,4.9730,3.9346,0.0032,0
2,135,10.9270,3.9984,0.5202,1
2,136,4.8135,3.5623,0.0028,0
2,137,11.5117,3.5589,0.0029,0
2,138,5.5098,2.8517,0.0027,0
2,139,10.6095,3.3828,0.0027,0
2,140,5.6145,3.0937,0.5243,1
2,141,9.7208,3.4630,0.0025,0
2,142,5.0816,2.8545,0.0029,0
2,143,11.2632,2.7952,0.0027,0
2,144,5.0632,2.4838,0.0027,0
2,145,10.6796,2.9471,0.5185,1
2,146,5.1728,2.7346,0.0021,0
2,147,10.1918,3.2129,0.0035,0
2,148,5.0711,2.8596,0.0027,0
2,149,10.9769,3.5741,0.0021,0
2,150,4.6872,2.8345,0.7332,1
2,151,11.4814,3.1287,0.0029,0
2,152,5.1791,2.6817,0.0029,0
2,153,11.2849,2.4307,0.0025,0
2,154,4.3405,2.7787,0.0030,0
2,155,11.0425,3.0784,0.6635,1
2,156,16.4612,2.7778,0.0022,0
2,157,4.6198,1.7867,0.0038,0
2,158,10.0267,3.0160,0.0025,0
2,159,4.3324,2.5045,0.0033,0
2,160,11.4636,3.5514,0.8124,1
2,161,4.2243,1.7060,0.0030,0
2,162,12.5767,3.0926,0.0027,0
2,163,4.0773,2.9665,0.0020,0
2,164,12.1565,3.2863,0.0027,0
2,165,4.6074,3.3473,0.7981,1
2,166,12.1527,4.3181,0.0033,0
2,167,5.5325,3.3969,0.0027,0
2,168,9.7537,3.2186,0.0031,0
2,169,4.5360,2.5816,0.0028,0
2,170,11.2132,2.7551,0.5274,1
2,171,4.4458,2.4638,0.0020,0
2,172,11.1517,2.3094,0.0024,0
2,173,4.3658,1.7729,0.0020,0
2,174,10.7808,2.6174,0.0014,0
2,175,3.7723,1.6097,0.6395,1
2,176,12.6643,2.4764,0.0023,0
2,177,3.9842,1.8000,0.0032,0
2,178,12.4405,3.2515,0.0040,0
2,179,4.3488,1.5526,0.0017,0
2,180,10.6246,3.1372,0.6736,1
2,181,4.4527,2.2263,0.0024,0
2,182,12.8164,3.4134,0.0082,0
2,183,15.7986,3.5208,0.0024,0
2,184,5.0104,2.6017,0.0027,0
2,185,11.4504,3.5895,0.5356,1
2,186,5.4191,2.7069,0.0026,0
2,187,9.6919,3.3550,0.0031,0
2,188,4.8856,3.2545,0.0025,0
2,189,11.4759,3.6481,0.0032,0
2,190,4.9346,2.8035,0.5266,1
2,191,10.6615,3.1079,0.0029,0
2,192,5.3790,3.3873,0.0032,0
2,193,10.6327,2.9498,0.0024,0
2,194,4.4538,3.0239,0.0026,0
2,195,11.2797,2.7227,0.5275,1
2,196,4.4176,2.7198,0.0018,0
2,197,11.0704,2.4191,0.0027,0
2,198,4.0913,2.6251,0.0023,0
2,199,12.2261,3.1862,0.0030,0
2,200,4.3859,2.8260,0.5717,1
2,201,11.1976,3.1359,0.0027,0
2,202,4.7878,3.0113,0.0024,0
2,203,11.6122,3.2906,0.0025,0
2,204,5.0049,3.0839,0.0035,0
2,205,11.2876,3.5220,0.5813,1
2,206,5.4223,3.2251,0.0030,0
2,207,10.3254,3.3831,0.0029,0
2,208,4.5250,2.9254,0.0030,0
2,209,11.7251,3.1747,0.0031,0
2,210,4.5175,2.6194,1.0878,1
2,211,11.0561,1.4927,0.0015,0
2,212,16.0508,2.8353,0.0027,0
2,213,4.3803,2.9125,0.0022,0
2,214,12.0598,3.5962,0.0030,0
2,215,5.4203,3.1469,0.5252,1
2,216,9.9059,3.3042,0.0026,0
2,217,4.4538,2.5036,0.0026,0
2,218,11.5341,3.5939,0.0027,0
2,219,5.6983,3.1878,0.0029,0
2,220,10.5812,2.7631,0.4941,1
2,221,4.6481,3.4009,0.0027,0
2,222,10.4546,2.9675,0.0029,0
2,223,4.7206,3.4351,0.0031,0
2,224,11.2574,2.9282,0.0031,0
2,225,4.6516,2.0986,0.5824,1
2,226,11.2667,3.1591,0.0015,0
2,227,4.5645,2.3031,0.0031,0
2,228,11.0269,3.8642,0.0018,0
2,229,4.4189,2.7194,0.0035,0
2,230,11.4516,3.8048,0.7529,1
2,231,3.4283,2.2196,0.0032,0
2,232,13.3396,4.3366,0.0020,0
2,233,5.3836,2.1783,0.0024,0
2,234,11.5121,3.4851,0.0028,0
2,235,5.0024,3.1871,0.7047,1
2,236,10.3783,3.5203,0.0028,0
2,237,5.1905,2.8887,0.0026,0
2,238,10.9229,3.3723,0.0028,0
2,239,14.5771,3.5269,0.0026,0
2,240,4.8207,3.0618,0.5611,1
2,241,11.0758,3.7948,0.0028,0
2,242,5.3100,3.4442,0.0028,0
2,243,11.4066,2.8515,0.0030,0
2,244,4.3350,2.4203,0.0037,0
2,245,10.5274,3.0618,0.6259,1
2,246,4.1841,2.2776,0.0014,0
2,247,11.4947,2.2471,0.0035,0
2,248,3.9550,4.9644,0.0033,0
2,249,12.7076,2.4934,0.0022,0
2,250,4.0009,2.6335,0.7411,1
2,251,12.1694,2.4722,0.0018,0
2,252,3.9684,3.2208,0.0033,0
2,253,11.5568,2.7060,0.0037,0
2,254,4.3829,2.6845,0.0023,0
2,255,12.1238,2.7557,0.5033,1
2,256,4.4175,3.0695,0.0027,0
2,257,10.9553,3.0385,0.0023,0
2,258,4.4504,1.8824,0.0019,0
2,259,11.1090,2.7880,0.0037,0
2,260,3.9387,1.4088,0.6281,1
2,261,11.6402,2.4777,0.0029,0
2,262,4.6669,1.7959,0.0026,0
2,263,11.9880,2.0508,0.0026,0
2,264,4.3366,2.5221,0.0018,0
2,265,12.0246,1.9927,0.4534,1
2,266,16.4234,2.9261,0.0034,0
2,267,3.9443,2.0009,0.0033,0
2,268,12.2463,2.5057,0.0023,0
2,269,3.7402,1.6087,0.0032,0
2,270,13.3611,3.3553,0.7917,1
2,271,5.6367,3.5767,0.0030,0
2,272,8.3873,3.4425,0.0027,0
2,273,4.8401,3.7745,0.0022,0
2,274,11.9444,3.9596,0.0028,0
2,275,5.0929,3.1655,1.0853,1
2,276,10.2849,3.2892,0.0027,0
2,277,4.2442,2.9646,0.0024,0
2,278,11.8538,2.8764,0.0024,0
2,279,4.3106,3.1138,0.0023,0
2,280,11.8487,3.6401,1.0062,1
2,281,4.7468,3.0507,0.0020,0
2,282,10.7806,3.0945,0.0028,0
2,283,4.7928,3.1268,0.0026,0
2,284,11.4853,3.4458,0.0035,0
2,285,4.6139,3.6172,0.6833,1
2,286,11.2516,3.2713,0.0028,0
2,287,5.4422,3.8902,0.0071,0
2,288,9.9935,3.7398,0.0029,0
2,289,5.5787,3.3688,0.0029,0
2,290,10.5307,3.8401,0.5275,1
2,291,4.9037,3.2508,0.0021,0
2,292,11.3381,3.2602,0.0028,0
2,293,4.5475,2.7115,0.0029,0
2,294,11.1379,2.8825,0.0025,0
2,295,16.0020,2.8396,0.6343,1
2,296,5.1397,2.2281,0.0033,0
2,297,10.8755,3.4818,0.0030,0
2,298,5.2173,3.6673,0.0033,0
2,299,10.6678,3.1196,0.0031,0
2,300,4.6588,2.9943,0.5545,1
2,301,10.9741,2.9010,0.0024,0
2,302,4.5266,1.6670,0.0038,0
2,303,11.4205,3.4178,0.0029,0
2,304,4.4806,2.7972,0.0019,0
2,305,11.7635,3.2895,0.5656,1
2,306,5.6946,4.2102,0.0026,0
2,307,10.5148,3.4071,0.0024,0
2,308,4.5324,3.6321,0.0030,0
2,309,11.5721,3.8031,0.0030,0
2,310,5.5473,3.3040,0.6619,1
2,311,9.7103,3.2513,0.0030,0
2,312,4.9120,2.5737,0.0021,0
2,313,11.0439,3.3454,0.0029,0
2,314,4.9614,3.2675,0.0023,0
2,315,11.5855,3.4715,0.6005,1
2,316,4.6022,3.0610,0.0031,0
2,317,10.8436,3.4198,0.0024,0
2,318,4.8962,2.8117,0.0023,0
2,319,11.5805,2.9833,0.0030,0
2,320,4.5343,2.7493,0.5582,1
2,321,10.3487,5.6221,0.0031,0
2,322,16.5083,4.9484,0.0033,0
2,323,5.9932,3.8759,0.0025,0
2,324,9.4936,3.5727,0.0034,0
2,325,5.4417,3.4118,0.5951,1
2,326,11.9687,6.3976,0.0035,0
2,327,5.4978,5.0076,0.0036,0
2,328,9.2446,3.6396,0.0034,0
2,329,5.0450,3.8456,0.0073,0
2,330,10.8603,3.9458,0.6258,1
2,331,5.7035,3.3490,0.0031,0
2,332,9.9789,3.3140,0.0031,0
2,333,4.8897,3.1477,0.0032,0
2,334,11.1508,3.0215,0.0025,0
2,335,4.2552,2.7677,0.5393,1
2,336,11.6111,3.7141,0.0021,0
2,337,8.7425,3.5304,0.0027,0
2,338,7.8915,3.2559,0.0025,0
2,339,5.1309,2.8858,0.0023,0
2,340,10.3397,3.2845,0.5052,1
2,341,5.4478,3.3821,0.0029,0
2,342,10.1454,3.2615,0.0022,0
2,343,4.6133,2.7424,0.0024,0
2,344,11.3023,3.7034,0.0028,0
2,345,5.0307,2.7878,0.6826,1
2,346,10.8863,3.4179,0.0037,0
2,347,5.2474,3.4241,0.0028,0
2,348,10.3599,2.9022,0.0030,0
2,349,17.0073,3.4694,0.0029,0
2,350,5.3992,3.4713,0.5352,1
2,351,9.6775,3.6245,0.0034,0
2,352,4.5748,3.2808,0.0028,0
2,353,11.7650,3.4817,0.0033,0
2,354,4.5748,3.5652,0.0028,0
2,355,11.5708,3.3814,0.6332,1
2,356,5.3809,3.1655,0.0027,0
2,357,11.0835,3.8840,0.0032,0
2,358,5.6725,3.6249,0.0027,0
2,359,9.0643,3.0781,0.0033,0
2,360,4.5984,2.8955,0.5221,1
2,361,12.1327,3.0745,0.0027,0
2,362,5.6245,3.3086,0.0028,0
2,363,9.5207,3.2273,0.0038,0
2,364,4.6224,3.2980,0.0033,0
2,365,11.9327,3.4783,0.5337,1
2,366,4.9551,2.8985,0.0028,0
2,367,10.4131,3.0833,0.0029,0
2,368,5.2065,3.4266,0.0030,0
2,369,10.8548,3.6246,0.0038,0
2,370,5.8178,3.2972,0.5822,1
2,371,10.4135,3.5955,0.0031,0
2,372,5.1910,2.8724,0.0031,0
2,373,10.5644,3.5231,0.0029,0
2,374,4.8707,3.1552,0.0034,0
2,375,11.5545,3.6288,0.5832,1
2,376,5.7102,3.8163,0.0269,0
2,377,10.7575,4.0468,0.0032,0
2,378,14.4486,3.5159,0.0029,0
2,379,4.9465,3.8804,0.0640,0
2,380,11.5443,4.5688,0.6150,1
2,381,5.4618,3.4992,0.0028,0
2,382,9.8808,4.0748,0.0030,0
2,383,5.3297,3.3937,0.0034,0
2,384,10.6460,4.2058,0.0026,0
2,385,5.7159,4.8305,1.3589,1
2,386,10.7398,4.3534,0.0031,0
2,387,5.9976,4.0737,0.0036,0
2,388,9.5186,3.2016,0.0031,0
2,389,4.4605,3.1697,0.0027,0
2,390,11.9219,3.4912,0.5351,1
2,391,4.5607,3.6800,0.0036,0
2,392,11.4369,3.8935,0.0031,0
2,393,5.1482,4.4935,0.0027,0
2,394,10.2642,3.5387,0.0028,0
2,395,4.4368,3.5139,0.6300,1
2,396,12.0198,3.4749,0.0036,0
2,397,4.4895,2.9437,0.0025,0
2,398,10.7443,3.4589,0.0035,0
2,399,4.9002,3.8915,0.0027,0
2,400,11.0769,3.4629,0.5444,1
2,401,4.6394,3.5363,0.0026,0
2,402,10.9913,3.8118,0.0026,0
2,403,4.7417,3.7126,0.0030,0
2,404,11.5174,3.3922,0.0030,0
2,405,16.2222,3.5483,0.5415,1
2,406,5.1990,3.0615,0.0029,0
2,407,10.6207,2.9842,0.0020,0
2,408,4.7219,3.2332,0.0028,0
2,409,11.0503,2.8422,0.0028,0
2,410,4.5187,3.1711,0.5736,1
2,411,10.8380,3.1911,0.0027,0
2,412,4.6810,3.0560,0.0025,0
2,413,11.7806,2.6497,0.0029,0
2,414,4.9295,3.4145,0.0034,0
2,415,10.7305,3.3164,0.5798,1
2,416,4.6429,3.2904,0.0027,0
2,417,11.1890,3.0946,0.0030,0
2,418,4.5968,2.7583,0.0018,0
2,419,11.4178,2.8541,0.0027,0
2,420,4.4345,3.4411,0.7972,1
2,421,12.0826,3.2469,0.0023,0
2,422,5.7523,3.2597,0.0028,0
2,423,10.0523,2.8350,0.0027,0
2,424,4.5329,2.8698,0.0026,0
2,425,11.4539,2.8207,0.5706,1
2,426,4.7051,2.9218,0.0024,0
2,427,11.4705,3.4354,0.0028,0
2,428,4.4785,3.2124,0.0032,0
2,429,11.2852,3.2359,0.0029,0
2,430,4.6209,2.6008,0.5244,1
2,431,11.0727,2.4302,0.0029,0
2,432,16.1208,3.4060,0.0047,0
2,433,4.5235,3.1033,0.0024,0
2,434,10.9591,3.5405,0.0033,0
2,435,5.7249,3.3521,0.6838,1
2,436,10.0234,2.9339,0.0021,0
2,437,4.2874,2.7891,0.0027,0
2,438,11.9882,3.5084,0.0029,0
2,439,5.1356,3.5240,0.0033,0
2,440,10.9660,3.5821,0.5020,1
2,441,4.5961,2.6989,0.0028,0
2,442,11.0795,3.5707,0.0029,0
2,443,4.5484,3.7203,0.0029,0
2,444,10.9053,2.8305,0.0025,0
2,445,4.6552,3.1310,0.6473,1
2,446,12.5849,3.3170,0.0030,0
2,447,5.2655,3.1636,0.0033,0
2,448,9.9371,3.0455,0.0025,0
2,449,4.5112,2.4760,0.0028,0
2,450,11.6229,3.2226,0.5265,1
2,451,4.6500,2.7614,0.0031,0
2,452,10.4427,2.8072,0.0021,0
2,453,4.2700,3.7663,0.0028,0
2,454,12.2876,3.6371,0.0030,0
2,455,4.5779,3.9516,0.5669,1
2,456,11.3604,3.6841,0.0030,0
2,457,4.7550,3.9538,0.0029,0
2,458,11.5661,2.8180,0.0030,0
2,459,15.3159,3.4092,0.0032,0
2,460,4.8506,3.0136,0.5737,1
2,461,11.2851,3.5593,0.0026,0
2,462,5.0673,2.7657,0.0028,0
2,463,10.8679,3.6076,0.0028,0
2,464,5.3939,3.2407,0.0028,0
2,465,10.0413,3.6408,0.5926,1
2,466,4.5520,3.3542,0.0028,0
2,467,11.1324,3.6207,0.0026,0
2,468,5.7077,4.0009,0.0028,0
2,469,10.7676,3.4892,0.0039,0
2,470,4.5164,3.1795,0.5974,1
2,471,11.5544,3.3909,0.0027,0
2,472,4.7662,3.2805,0.0029,0
2,473,11.9277,4.5817,0.0025,0
2,474,5.7800,3.7491,0.0026,0
2,475,9.0385,3.3554,0.6565,1
2,476,4.7888,3.5843,0.0029,0
2,477,11.5245,3.4371,0.0028,0
2,478,5.0271,2.7098,0.0026,0
2,479,11.4373,2.6172,0.0028,0
2,480,4.7236,3.2124,0.5937,1
2,481,10.4677,2.9407,0.0028,0
2,482,4.8432,2.9020,0.0029,0
2,483,10.8109,3.7474,0.0034,0
2,484,4.5615,3.8469,0.0031,0
2,485,11.7905,3.0253,0.5072,1
2,486,4.8149,2.3136,0.0032,0
2,487,10.8490,3.2633,0.0024,0
2,488,15.8010,3.4281,0.0030,0
2,489,4.3172,3.4374,0.0028,0
2,490,11.8713,3.2577,0.4889,1
2,491,5.2308,3.5291,0.0034,0
2,492,10.8323,3.4993,0.0030,0
2,493,5.1685,3.6406,0.0031,0
2,494,11.0802,2.8499,0.0032,0
2,495,4.8437,2.7568,0.6161,1
2,496,10.8961,2.8549,0.0027,0
2,497,5.4037,2.9928,0.0032,0
2,498,10.8077,3.1080,0.0027,0
2,499,4.8069,3.5213,0.0026,0
3,0,3.8597,4.3879,0.4801,1
3,1,4.8426,2.2443,0.0024,0
3,2,11.0249,3.1309,0.0027,0
3,3,4.5679,2.4096,0.0022,0
3,4,11.0935,3.2070,0.0027,0
3,5,4.8038,1.9553,0.5135,1
3,6,10.7218,3.0074,0.0025,0
3,7,5.3407,3.4648,0.0024,0
3,8,10.8896,3.6493,0.0024,0
3,9,4.3452,2.3606,0.0027,0
3,10,10.6270,4.2448,0.8679,1
3,11,4.8856,3.4312,0.0029,0
3,12,11.6758,7.4567,0.0028,0
3,13,8.1427,3.7280,0.0029,0
3,14,7.9977,3.1975,0.0024,0
3,15,15.4239,3.3819,0.4075,1
3,16,5.3505,3.5886,0.0024,0
3,17,12.0404,3.4024,0.0027,0
3,18,4.4985,2.4692,0.0037,0
3,19,10.7882,3.4462,0.0023,0
3,20,4.2940,2.9796,0.6140,1
3,21,10.4190,3.9454,0.0043,0
3,22,5.1993,2.3174,0.0020,0
3,23,11.8359,2.9892,0.0028,0
3,24,5.6313,2.9443,0.0024,0
3,25,10.0679,3.4695,0.6419,1
3,26,4.6874,2.5038,0.0026,0
3,27,10.8511,3.4673,0.0029,0
3,28,4.7575,3.0350,0.0026,0
3,29,11.5967,3.0340,0.0028,0
3,30,4.5472,3.1460,0.6695,1
3,31,12.0187,3.4049,0.0031,0
3,32,4.6712,4.5527,0.0029,0
3,33,10.7319,2.8768,0.0028,0
3,34,4.5661,3.6385,0.0031,0
3,35,11.4694,3.7329,0.5082,1
3,36,5.7215,3.0163,0.0030,0
3,37,10.7148,3.6822,0.0024,0
3,38,4.5852,3.3267,0.0032,0
3,39,10.8967,3.4817,0.0030,0
3,40,4.9158,3.2006,0.8656,1
3,41,10.8391,3.1839,0.0021,0
3,42,17.0539,3.2925,0.0025,0
3,43,5.3250,3.1243,0.0029,0
3,44,9.8307,3.1730,0.0029,0
3,45,4.6092,2.7681,0.5763,1
3,46,11.9333,3.4787,0.0028,0
3,47,4.9019,3.3616,0.0029,0
3,48,11.1549,5.2978,0.0031,0
3,49,5.4944,2.8585,0.0029,0
3,50,9.4317,3.5890,0.5902,1
3,51,4.6763,2.8107,0.0018,0
3,52,11.5778,3.4346,0.0028,0
3,53,5.2519,3.3200,0.0027,0
3,54,10.5631,3.0384,0.0026,0
3,55,4.5743,2.5826,0.5788,1
3,56,12.0141,4.2499,0.0029,0
3,57,5.4456,3.3398,0.0030,0
3,58,9.6850,4.4438,0.0031,0
3,59,5.5787,3.8012,0.0032,0
3,60,11.2029,3.4814,0.6367,1
3,61,5.5679,3.5977,0.0033,0
3,62,10.0563,3.3903,0.0031,0
3,63,5.3483,2.8325,0.0026,0
3,64,9.9719,3.4298,0.0030,0
3,65,4.7070,3.4972,0.6074,1
3,66,13.4190,4.2064,0.0028,0
3,67,5.3412,3.2947,0.0032,0
3,68,8.1053,3.4949,0.0030,0
3,69,4.4116,3.4642,0.0032,0
3,70,12.4619,3.3367,0.5516,1
3,71,16.2016,3.5812,0.0035,0
3,72,4.3608,3.2940,0.0027,0
3,73,10.8009,3.4362,0.0030,0
3,74,4.5076,3.4714,0.0027,0
3,75,11.1740,3.3548,0.5117,1
3,76,4.7636,2.6263,0.0027,0
3,77,11.0971,2.6874,0.0030,0
3,78,4.6873,3.0793,0.0026,0
3,79,11.6303,3.4640,0.0033,0
3,80,5.7587,3.7054,0.5674,1
3,81,9.3955,3.1220,0.0032,0
3,82,4.5389,3.1015,0.0030,0
3,83,11.7578,2.8248,0.0023,0
3,84,4.5173,2.9770,0.0036,0
3,85,11.0787,3.2410,0.4822,1
3,86,4.5851,3.3321,0.0029,0
3,87,11.6525,3.3173,0.0027,0
3,88,4.5749,3.2371,0.0028,0
3,89,12.1544,3.1824,0.0028,0
3,90,5.1621,4.1529,0.9866,1
3,91,11.2187,3.3745,0.0028,0
3,92,5.0174,2.8800,0.0028,0
3,93,9.6735,2.5204,0.0025,0
3,94,4.5754,2.6442,0.0033,0
3,95,10.6865,3.2702,0.5063,1
3,96,4.4858,3.0695,0.0029,0
3,97,12.1305,2.4667,0.0042,0
3,98,15.8365,3.2402,0.0027,0
3,99,4.6631,3.6788,0.0025,0
3,100,11.0067,3.1801,0.4930,1
3,101,4.5707,2.9466,0.0026,0
3,102,11.7538,3.4439,0.0028,0
3,103,4.8646,3.2196,0.0029,0
3,104,11.0067,2.5015,0.0026,0
3,105,4.1664,2.3180,0.5147,1
3,106,10.7994,3.4926,0.0020,0
3,107,4.3001,2.2085,0.0023,0
3,108,12.1156,3.4326,0.0025,0
3,109,4.7474,2.6821,0.0020,0
3,110,11.3363,4.3121,0.5417,1
3,111,4.8195,2.1228,0.0023,0
3,112,10.4174,2.6148,0.0025,0
3,113,5.1965,2.4749,0.0020,0
3,114,11.0042,2.3438,0.0021,0
3,115,5.1916,1.7636,0.5919,1
3,116,10.4442,2.8943,0.0022,0
3,117,4.7341,1.5103,0.0024,0
3,118,13.5272,2.8884,0.0026,0
3,119,3.9966,2.2630,0.0023,0
3,120,10.9941,3.3092,0.5137,1
3,121,4.6091,3.3736,0.0026,0
3,122,10.9983,3.3951,0.0027,0
3,123,4.5585,4.1545,0.0443,0
3,124,12.4213,3.5759,0.0028,0
3,125,15.1370,4.6434,0.6900,1
3,126,4.1397,3.3475,0.0023,0
3,127,11.0073,2.9247,0.0026,0
3,128,4.6166,2.4819,0.0027,0
3,129,11.9712,4.0271,0.0031,0
3,130,4.2773,2.6993,0.6690,1
3,131,11.6678,3.2976,0.0030,0
3,132,4.9981,2.8921,0.0027,0
3,133,11.9349,3.3649,0.0025,0
3,134,5.2594,2.8906,0.0028,0
3,135,9.4008,2.3373,0.8033,1
3,136,4.4626,2.7891,0.0038,0
3,137,11.4975,3.2843,0.0027,0
3,138,4.9451,2.6727,0.0023,0
3,139,11.1394,2.9398,0.0026,0
3,140,4.5157,2.8007,0.6041,1
3,141,11.5682,3.3121,0.0031,0
3,142,4.4038,3.0351,0.0031,0
3,143,11.5353,3.2860,0.0030,0
3,144,4.7745,3.2961,0.0024,0
3,145,10.7606,4.6420,0.5132,1
3,146,6.5850,3.4741,0.0026,0
3,147,9.7632,3.6213,0.0034,0
3,148,4.5150,2.7212,0.0022,0
3,149,11.4892,3.4259,0.0033,0
3,150,4.6433,3.7535,0.7844,1
3,151,11.0926,4.0151,0.0027,0
3,152,16.1532,3.6869,0.0031,0
3,153,5.5228,2.7688,0.0025,0
3,154,10.1012,3.0666,0.0030,0
3,155,5.4386,3.8235,0.6374,1
3,156,10.6247,3.5050,0.0022,0
3,157,4.7913,2.7693,0.0027,0
3,158,10.9789,3.1324,0.0028,0
3,159,4.5231,3.1134,0.0027,0
3,160,11.2312,2.8756,0.4926,1
3,161,4.4352,3.2150,0.0030,0
3,162,11.3907,3.1048,0.0027,0
3,163,4.9180,2.8030,0.0025,0
3,164,10.6457,2.9906,0.0027,0
3,165,5.1675,3.0340,0.6055,1
3,166,11.5729,3.2966,0.0027,0
3,167,4.9955,2.6453,0.0019,0
3,168,10.2248,3.8208,0.0024,0
3,169,4.1821,3.2048,0.0037,0
3,170,12.5103,3.1580,0.5232,1
3,171,5.1424,3.6798,0.0022,0
3,172,10.0487,2.5359,0.0026,0
3,173,4.7923,3.5241,0.0033,0
3,174,11.6899,3.2740,0.0334,0
3,175,4.9968,2.9637,0.7279,1
3,176,10.3559,3.4421,0.0028,0
3,177,4.7115,2.9603,0.0023,0
3,178,11.5718,2.7378,0.0027,0
3,179,4.4669,2.8401,0.0022,0
3,180,11.2961,2.7765,0.7631,1
3,181,15.4529,2.9067,0.0024,0
3,182,4.2766,3.5096,0.0022,0
3,183,12.5759,2.5848,0.0032,0
3,184,4.7303,3.3178,0.0024,0
3,185,11.0160,3.2908,0.8250,1
3,186,4.4424,3.8555,0.0029,0
3,187,11.6065,3.2866,0.0026,0
3,188,4.9916,3.4901,0.0033,0
3,189,11.1869,3.5943,0.0030,0
3,190,4.6077,3.0887,0.5045,1
3,191,11.2154,3.3182,0.0035,0
3,192,4.8614,2.8194,0.0019,0
3,193,10.7748,2.9179,0.0082,0
3,194,4.4574,2.0934,0.0026,0
3,195,10.8132,2.7102,0.5314,1
3,196,4.4806,2.5643,0.0029,0
3,197,12.4980,3.2194,0.0030,0
3,198,4.8191,3.0717,0.0025,0
3,199,10.9122,3.5258,0.0027,0
3,200,4.8476,2.7940,0.5525,1
3,201,10.8986,3.0592,0.0024,0
3,202,4.3387,2.6382,0.0233,0
3,203,11.2253,2.8029,0.0026,0
3,204,4.4700,2.9588,0.0023,0
3,205,12.6456,2.9470,0.4865,1
3,206,5.4856,2.8267,0.0028,0
3,207,10.0459,3.1241,0.0028,0
3,208,15.3078,3.5654,0.0031,0
3,209,4.4822,2.9602,0.0028,0
3,210,11.6270,3.3106,0.6169,1
3,211,5.2343,3.1680,0.0028,0
3,212,10.8456,3.4124,0.0032,0
3,213,4.3082,2.5855,0.0026,0
3,214,11.8706,3.3349,0.0027,0
3,215,4.6570,2.8629,0.5933,1
3,216,10.7025,3.3864,0.0030,0
3,217,4.7657,2.4078,0.0026,0
3,218,11.8547,3.0806,0.0029,0
3,219,4.8620,3.0859,0.0029,0
3,220,11.0376,2.9398,0.5595,1
3,221,4.9242,2.6147,0.0022,0
3,222,11.4713,3.6735,0.0032,0
3,223,5.3414,2.5219,0.0023,0
3,224,9.8456,3.4979,0.0036,0
3,225,4.6541,2.6864,0.5439,1
3,226,11.5160,3.4657,0.0030,0
3,227,5.4521,3.3594,0.0031,0
3,228,9.9016,3.6503,0.0025,0
3,229,4.3699,3.2760,0.0029,0
3,230,11.5800,5.0688,0.5566,1
3,231,4.3796,4.5583,0.0026,0
3,232,11.4468,3.2340,0.0022,0
3,233,4.5189,3.4504,0.0022,0
3,234,11.5291,2.8918,0.0029,0
3,235,16.4529,2.8604,0.5417,1
3,236,4.5236,2.9709,0.0023,0
3,237,11.3070,3.5053,0.0035,0
3,238,4.6985,2.6598,0.0027,0
3,239,10.5470,2.8685,0.0034,0
3,240,5.0318,3.9142,0.5564,1
3,241,12.4349,3.3648,0.0018,0
3,242,5.6962,3.3578,0.0031,0
3,243,9.6018,2.4857,0.0028,0
3,244,4.7182,2.8988,0.0028,0
3,245,11.1394,2.8652,0.5593,1
3,246,4.9801,3.3115,0.0026,0
3,247,10.4610,3.3750,0.0029,0
3,248,4.8420,2.8073,0.0020,0
3,249,11.4282,3.7389,0.0034,0
3,250,5.4670,3.6111,0.5997,1
3,251,10.4171,4.1633,0.0028,0
3,252,5.1324,2.9109,0.0023,0
3,253,10.5846,3.6330,0.0030,0
3,254,5.6165,2.6323,0.0028,0
3,255,11.3929,2.8059,0.5853,1
3,256,4.7090,2.4108,0.0020,0
3,257,10.1082,3.4782,0.0036,0
3,258,5.6652,2.2441,0.0029,0
3,259,9.4697,3.5043,0.0028,0
3,260,5.2244,2.7758,0.5542,1
3,261,11.3646,3.0617,0.0028,0
3,262,4.8384,2.7395,0.0026,0
3,263,10.8223,3.2607,0.0029,0
3,264,16.1170,3.3657,0.0027,0
3,265,4.6840,2.8483,0.6016,1
3,266,10.7508,2.8153,0.0040,0
3,267,4.8418,2.3865,0.0033,0
3,268,11.5827,2.4632,0.0029,0
3,269,4.1279,3.1655,0.0039,0
3,270,12.6394,3.6296,0.6624,1
3,271,4.7564,2.3440,0.0014,0
3,272,10.1286,2.9372,0.0026,0
3,273,4.4247,2.8096,0.0025,0
3,274,11.3868,2.5558,0.0023,0
3,275,4.3730,2.8717,0.5663,1
3,276,11.0053,2.5865,0.0016,0
3,277,4.2516,3.2548,0.0028,0
3,278,11.7725,2.5139,0.0356,0
3,279,4.2417,2.9651,0.0029,0
3,280,12.2637,2.7869,0.4791,1
3,281,4.4452,1.7017,0.0013,0
3,282,11.2682,2.6742,0.0025,0
3,283,4.5179,2.0115,0.0022,0
3,284,11.4761,3.4353,0.0025,0
3,285,4.9397,2.5811,0.6037,1
3,286,11.2462,3.4748,0.0031,0
3,287,4.2574,3.2975,0.0027,0
3,288,11.8005,3.3215,0.0031,0
3,289,4.3533,3.1747,0.0019,0
3,290,11.8622,2.6499,0.4252,1
3,291,15.4883,3.0547,0.0029,0
3,292,4.5517,2.5714,0.0025,0
3,293,12.0406,3.5948,0.0026,0
3,294,5.0557,3.1683,0.0027,0
3,295,10.8947,3.9512,0.5197,1
3,296,5.4316,3.3484,0.0032,0
3,297,9.9127,3.3483,0.0028,0
3,298,6.4232,3.3207,0.0029,0
3,299,9.5743,3.4155,0.0023,0
3,300,5.0838,3.2612,0.5642,1
3,301,11.0105,2.9114,0.0026,0
3,302,4.8462,2.6883,0.0025,0
3,303,10.6891,3.6417,0.0032,0
3,304,4.6831,3.1357,0.0030,0
3,305,11.7083,3.1047,0.5459,1
3,306,4.7857,2.9383,0.0021,0
3,307,10.7222,3.4389,0.0026,0
3,308,4.9333,2.7205,0.0025,0
3,309,10.9246,4.4348,0.0030,0
3,310,5.5109,3.7996,0.5796,1
3,311,11.2623,3.3022,0.0029,0
3,312,4.6598,3.3624,0.0029,0
3,313,10.5237,3.8793,0.0029,0
3,314,5.2877,3.3180,0.0029,0
3,315,11.3038,3.4541,0.9646,1
3,316,5.2265,3.4774,0.0027,0
3,317,9.9506,3.2681,0.0029,0
3,318,16.4832,3.6317,0.0029,0
3,319,4.4273,3.3463,0.0030,0
3,320,11.0877,3.6319,0.5621,1
3,321,4.7239,2.7339,0.0030,0
3,322,12.0481,3.3993,0.0029,0
3,323,5.2654,3.9974,0.0034,0
3,324,10.8503,3.3494,0.0026,0
3,325,5.5604,3.7706,0.6640,1
3,326,9.9978,3.6821,0.0033,0
3,327,4.5335,2.4236,0.0023,0
3,328,11.4701,3.3164,0.0027,0
3,329,5.1623,3.3415,0.0032,0
3,330,10.3137,3.3770,0.5798,1
3,331,4.7566,2.8745,0.0021,0
3,332,10.9965,2.6920,0.0027,0
3,333,4.4153,2.5601,0.0032,0
3,334,11.4965,2.7215,0.0027,0
3,335,4.5903,2.6644,0.5180,1
3,336,12.0203,3.5490,0.0025,0
3,337,5.7448,3.3038,0.0030,0
3,338,9.6934,3.2138,0.0027,0
3,339,5.5244,3.3159,0.0029,0
3,340,10.7901,2.7078,0.5168,1
3,341,4.6624,2.3176,0.0025,0
3,342,9.9955,3.1763,0.0026,0
3,343,4.7930,3.0439,0.0027,0
3,344,11.6329,3.2059,0.0114,0
3,345,16.1015,2.8499,0.5279,1
3,346,4.6451,2.4947,0.0015,0
3,347,11.0356,2.6446,0.0026,0
3,348,4.5545,2.2511,0.0017,0
3,349,11.2711,2.4208,0.0034,0
3,350,4.1342,2.4730,0.9858,1
3,351,11.7781,3.4676,0.0024,0
3,352,3.4711,3.5811,0.0030,0
3,353,13.7711,3.2665,0.0024,0
3,354,4.9516,3.8562,0.0025,0
3,355,9.4835,4.1537,0.6279,1
3,356,5.7064,2.9939,0.0027,0
3,357,10.1864,3.0596,0.0021,0
3,358,5.4306,2.7087,0.0035,0
3,359,10.7395,2.7453,0.0024,0
3,360,4.3649,2.3393,0.4957,1
3,361,12.3481,3.2086,0.0029,0
3,362,4.5461,2.4977,0.0028,0
3,363,10.7483,3.2188,0.0027,0
3,364,4.9693,2.8286,0.0024,0
3,365,11.3572,3.1890,0.5494,1
3,366,4.4855,3.7433,0.0028,0
3,367,11.8020,2.9746,0.0032,0
3,368,4.6879,2.7331,0.0029,0
3,369,10.7168,3.3107,0.0028,0
3,370,4.6806,2.9762,0.6075,1
3,371,11.2041,2.7700,0.0027,0
3,372,4.3288,2.7040,0.0017,0
3,373,11.4317,3.3861,0.0027,0
3,374,16.0772,3.2115,0.0023,0
3,375,4.8946,2.9428,0.4722,1
3,376,11.3609,2.7117,0.0027,0
3,377,4.7862,2.8265,0.0025,0
3,378,11.1739,2.6360,0.0026,0
3,379,4.5399,2.7299,0.0024,0
3,380,11.2488,3.3147,0.5835,1
3,381,5.0388,2.7404,0.0020,0
3,382,11.2823,3.4003,0.0031,0
3,383,5.1334,2.9478,0.0029,0
3,384,10.8001,3.3716,0.0028,0
3,385,5.8003,3.2012,0.5576,1
3,386,10.0087,3.7447,0.0028,0
3,387,4.9521,3.8172,0.0027,0
3,388,10.5535,3.2095,0.0024,0
3,389,3.9522,1.5967,0.0022,0
3,390,11.6897,2.6529,0.8960,1
3,391,4.2242,3.5146,0.0025,0
3,392,12.0040,3.3524,0.0028,0
3,393,4.2145,3.1690,0.0027,0
3,394,12.0207,3.4138,0.0035,0
3,395,4.7075,3.4184,0.6497,1
3,396,10.8359,3.1849,0.0024,0
3,397,4.2047,2.9617,0.0028,0
3,398,11.6593,3.1711,0.0026,0
3,399,4.7037,1.9830,0.0027,0
3,400,10.9813,3.0812,0.6009,1
3,401,15.7325,2.8695,0.0027,0
3,402,4.5915,2.2228,0.0016,0
3,403,12.7975,3.4801,0.0025,0
3,404,4.8195,3.6253,0.0030,0
3,405,10.3558,3.1902,0.5008,1
3,406,4.8701,2.3649,0.0016,0
3,407,10.3514,3.7189,0.0029,0
3,408,5.6881,3.3755,0.0024,0
3,409,10.0767,3.1706,0.0025,0
3,410,4.5589,3.0397,0.6570,1
3,411,11.7072,2.8066,0.0018,0
3,412,3.7818,3.0779,0.0021,0
3,413,12.5117,3.0516,0.0026,0
3,414,4.6243,3.0816,0.0022,0
3,415,11.5215,2.9329,0.5643,1
3,416,4.5568,2.7272,0.0039,0
3,417,10.6568,2.9375,0.0021,0
3,418,4.1630,1.8545,0.0042,0
3,419,11.1105,3.0975,0.0018,0
3,420,3.8737,2.0069,0.7312,1
3,421,12.1065,2.8383,0.0021,0
3,422,4.4451,3.0509,0.0022,0
3,423,12.5309,4.2080,0.0027,0
3,424,4.2754,2.0905,0.0033,0
3,425,11.1007,2.6797,0.8177,1
3,426,4.0333,2.5632,0.0028,0
3,427,12.1314,3.2294,0.0034,0
3,428,17.3507,3.3062,0.0027,0
3,429,4.4667,2.8078,0.0036,0
3,430,10.5950,3.3703,0.5330,1
3,431,4.9857,1.6111,0.0012,0
3,432,10.2689,2.9480,0.0023,0
3,433,5.0107,3.1708,0.0027,0
3,434,11.3112,2.7297,0.0029,0
3,435,4.7806,2.5584,0.6008,1
3,436,10.8188,2.6691,0.0026,0
3,437,4.1470,1.7017,0.0011,0
3,438,12.1839,2.5417,0.0020,0
3,439,3.8994,3.1789,0.0029,0
3,440,12.6962,3.1597,0.7877,1
3,441,4.2963,3.5590,0.0020,0
3,442,11.9487,3.3186,0.0030,0
3,443,5.4264,3.2096,0.0028,0
3,444,10.1644,3.5985,0.0030,0
3,445,5.6756,3.0194,0.7562,1
3,446,9.7366,3.0555,0.0028,0
3,447,4.4274,2.7700,0.0019,0
3,448,11.5188,2.9861,0.0025,0
3,449,4.9492,2.7397,0.0021,0
3,450,10.8087,3.2035,0.6738,1
3,451,5.3787,2.9692,0.0022,0
3,452,10.8765,3.2638,0.0030,0
3,453,4.3420,3.0840,0.0024,0
3,454,12.2033,3.4972,0.0029,0
3,455,4.9929,3.2397,0.5618,1
3,456,10.8028,3.5463,0.0028,0
3,457,15.4263,3.7744,0.0032,0
3,458,5.3246,3.2999,0.0034,0
3,459,10.3866,4.3196,0.0037,0
3,460,5.1606,2.3588,0.5768,1
3,461,11.8374,3.0893,0.0027,0
3,462,5.5068,2.6666,0.0029,0
3,463,9.6193,3.1460,0.0034,0
3,464,4.8527,3.5374,0.0030,0
3,465,10.9317,3.4588,0.6315,1
3,466,5.3797,3.3724,0.0027,0
3,467,10.5464,3.4600,0.0031,0
3,468,4.3957,3.1329,0.0028,0
3,469,11.1080,2.9834,0.0027,0
3,470,4.4447,3.4695,0.5957,1
3,471,12.5989,3.4585,0.0025,0
3,472,5.9387,3.5202,0.0025,0
3,473,9.7702,8.1988,0.0032,0
3,474,5.5104,3.8774,0.0028,0
3,475,9.8660,3.8553,0.5815,1
3,476,5.3242,3.3837,0.0028,0
3,477,10.7494,3.0997,0.0032,0
3,478,5.3488,3.4202,0.0033,0
3,479,10.2799,3.3627,0.0029,0
3,480,5.2274,2.6825,0.5724,1
3,481,10.8998,2.8199,0.0030,0
3,482,4.6234,2.9129,0.0030,0
3,483,11.2657,3.0909,0.0030,0
3,484,15.9965,3.2473,0.0029,0
3,485,4.9910,3.0237,0.5771,1
3,486,11.3236,2.9583,0.0020,0
3,487,4.6667,2.6409,0.0034,0
3,488,10.6773,2.9528,0.0027,0
3,489,4.4388,2.4607,0.0022,0
3,490,11.4659,2.7724,0.4706,1
3,491,5.0501,3.3509,0.0025,0
3,492,11.1922,3.0788,0.0021,0
3,493,5.1817,3.1039,0.0031,0
3,494,11.1127,3.0219,0.0026,0
3,495,4.2690,2.6701,0.4753,1
3,496,10.4771,2.6567,0.0028,0
3,497,4.3055,2.9332,0.0026,0
3,498,12.4653,3.2463,0.0028,0
3,499,4.6375,2.7006,0.0016,0
4,0,6.0406,5.4520,0.5921,1
4,1,5.4778,2.9470,0.0022,0
4,2,10.0887,2.4318,0.0027,0
4,3,4.9561,2.4051,0.0021,0
4,4,10.8161,3.0419,0.0030,0
4,5,5.5387,2.2468,0.5179,1
4,6,10.7960,3.0247,0.0028,0
4,7,4.2874,2.7950,0.0021,0
4,8,10.9142,3.0562,0.0023,0
4,9,5.1216,2.4408,0.0037,0
4,10,10.0242,2.3649,0.4940,1
4,11,16.6609,3.9695,0.0038,0
4,12,4.7978,3.1787,0.0038,0
4,13,11.4306,4.0479,0.0024,0
4,14,5.3960,2.9749,0.0028,0
4,15,10.4272,3.4419,0.6268,1
4,16,4.4538,2.6134,0.0029,0
4,17,11.0804,3.1855,0.0028,0
4,18,5.1379,2.7175,0.0024,0
4,19,11.4492,3.2509,0.0029,0
4,20,5.1514,3.7902,0.6450,1
4,21,10.6826,4.1833,0.0026,0
4,22,4.4738,2.8765,0.0025,0
4,23,11.4918,2.8330,0.0027,0
4,24,4.9190,2.6871,0.0027,0
4,25,11.1847,3.2431,0.5480,1
4,26,4.4324,2.4680,0.0025,0
4,27,11.0914,3.3323,0.0027,0
4,28,4.7241,2.6846,0.0025,0
4,29,11.0158,3.0446,0.0020,0
4,30,4.3287,2.1321,0.4659,1
4,31,11.4415,3.1674,0.0021,0
4,32,4.8148,3.1885,0.0024,0
4,33,11.1302,2.6165,0.0035,0
4,34,4.8828,3.2767,0.0027,0
4,35,11.1610,3.3116,0.4604,1
4,36,4.3367,2.6054,0.0026,0
4,37,12.2441,3.4314,0.0030,0
4,38,4.3385,2.4879,0.0026,0
4,39,10.7754,2.3348,0.0021,0
4,40,17.4224,3.6876,0.6008,1
4,41,4.3676,3.2373,0.0021,0
4,42,10.7017,2.4987,0.0019,0
4,43,4.7282,2.2356,0.0024,0
4,44,11.7209,4.8313,0.0028,0
4,45,4.7898,3.6889,0.5535,1
4,46,10.5155,2.8816,0.0022,0
4,47,4.5922,3.2695,0.0026,0
4,48,11.5949,2.9476,0.0030,0
4,49,4.8320,2.8592,0.0030,0
4,50,10.5318,2.6024,0.6876,1
4,51,4.6404,1.9342,0.0019,0
4,52,11.0738,2.8323,0.0043,0
4,53,4.5693,2.4542,0.0033,0
4,54,11.4655,2.2376,0.0029,0
4,55,4.0826,2.5939,0.7347,1
4,56,11.7772,3.3895,0.0022,0
4,57,4.1025,2.6250,0.0022,0
4,58,11.8100,2.7860,0.0026,0
4,59,4.7970,2.7225,0.0030,0
4,60,11.5743,2.6322,0.5151,1
4,61,4.4834,2.6016,0.0019,0
4,62,10.7064,2.6097,0.0022,0
4,63,4.1588,2.2313,0.0027,0
4,64,11.4975,2.7599,0.0024,0
4,65,3.8744,2.6761,0.7504,1
4,66,12.1559,1.6236,0.0021,0
4,67,16.4352,2.8556,0.0027,0
4,68,4.6826,4.0649,0.0022,0
4,69,10.8661,3.2081,0.0020,0
4,70,4.5394,2.7622,1.1283,1
4,71,11.8337,2.9444,0.0027,0
4,72,5.2088,2.5664,0.0021,0
4,73,10.7499,3.2041,0.0033,0
4,74,5.0643,3.0985,0.0023,0
4,75,11.5314,3.7038,0.5715,1
4,76,5.5432,3.0154,0.0022,0
4,77,10.1478,3.5151,0.0030,0
4,78,4.7297,3.1264,0.0032,0
4,79,11.0435,2.7000,0.0027,0
4,80,4.7771,2.5673,0.5520,1
4,81,10.9982,3.2593,0.0021,0
4,82,5.3048,3.0282,0.0038,0
4,83,10.8114,3.2713,0.0025,0
4,84,4.4435,2.5782,0.0026,0
4,85,10.9215,3.4916,0.5236,1
4,86,4.6893,2.7982,0.0025,0
4,87,12.0533,3.0003,0.0027,0
4,88,4.4465,2.6955,0.0028,0
4,89,11.5529,2.8267,0.0023,0
4,90,4.5900,1.7803,0.5462,1
4,91,10.1697,2.6480,0.0016,0
4,92,4.0584,2.3920,0.0037,0
4,93,12.0458,2.8256,0.0021,0
4,94,16.3445,2.6568,0.0017,0
4,95,5.3352,2.8739,0.9297,1
4,96,11.2363,3.6211,0.0026,0
4,97,5.0519,2.1465,0.0024,0
4,98,9.8912,2.8496,0.0027,0
4,99,4.5301,2.1888,0.0026,0
4,100,10.9910,2.8355,0.5940,1
4,101,4.2360,2.4660,0.0019,0
4,102,12.0814,2.1695,0.0037,0
4,103,4.4221,2.1222,0.0027,0
4,104,12.5786,2.4752,0.0026,0
4,105,4.5824,3.3004,0.5764,1
4,106,12.5689,3.7345,0.0030,0
4,107,5.4959,3.3313,0.0027,0
4,108,9.5962,3.4232,0.0029,0
4,109,4.4219,3.2130,0.0023,0
4,110,10.8750,3.7549,1.0572,1
4,111,4.3322,3.4065,0.0020,0
4,112,11.1755,2.7804,0.0032,0
4,113,4.8189,2.4283,0.0028,0
4,114,11.6982,3.2953,0.0026,0
4,115,4.9302,3.0338,0.5757,1
4,116,11.3917,3.0704,0.0027,0
4,117,4.6737,3.3283,0.0025,0
4,118,10.3701,2.7682,0.0033,0
4,119,4.2441,2.4944,0.0027,0
4,120,11.8363,2.8500,0.8104,1
4,121,16.8397,3.1006,0.0021,0
4,122,4.6243,2.5677,0.0028,0
4,123,11.0007,2.7570,0.0028,0
4,124,4.3855,2.8784,0.0031,0
4,125,11.0949,2.9988,0.5418,1
4,126,4.3199,2.6960,0.0033,0
4,127,11.5014,2.5390,0.0027,0
4,128,4.5378,3.0514,0.0027,0
4,129,11.6262,2.9805,0.0025,0
4,130,4.4351,3.5396,0.5641,1
4,131,11.9398,3.0050,0.0021,0
4,132,4.3685,1.4973,0.0037,0
4,133,10.8493,3.4187,0.0030,0
4,134,4.0276,3.2954,0.0024,0
4,135,12.0965,2.8520,0.7607,1
4,136,4.5174,3.1349,0.0026,0
4,137,12.5216,3.5227,0.0025,0
4,138,5.4824,3.9318,0.0030,0
4,139,8.9180,2.9349,0.0028,0
4,140,4.7376,2.9679,0.5813,1
4,141,11.4521,2.9589,0.0022,0
4,142,4.8274,3.0116,0.0029,0
4,143,11.3890,3.0802,0.0032,0
4,144,4.8581,3.2444,0.0030,0
4,145,11.1698,3.0686,0.5097,1
4,146,4.6590,3.4148,0.0029,0
4,147,10.9574,3.2165,0.0028,0
4,148,4.7849,2.8657,0.0028,0
4,149,11.2360,2.9293,0.0025,0
4,150,16.0421,3.4072,0.5748,1
4,151,4.6764,3.2616,0.0032,0
4,152,10.9528,2.8800,0.0042,0
4,153,4.2730,2.6448,0.0015,0
4,154,11.8758,3.2871,0.0025,0
4,155,4.3518,3.4510,0.6707,1
4,156,11.1845,3.0227,0.0020,0
4,157,4.3266,2.8562,0.0025,0
4,158,12.1349,2.8364,0.0022,0
4,159,4.2893,1.8861,0.0023,0
4,160,11.2915,2.4930,0.5123,1
4,161,4.1871,2.8660,0.0024,0
4,162,12.6672,3.4802,0.0027,0
4,163,4.1930,3.1700,0.0024,0
4,164,10.5255,3.1358,0.0030,0
4,165,4.9869,2.7787,0.5251,1
4,166,10.8338,2.9243,0.0019,0
4,167,4.5484,3.0321,0.0029,0
4,168,13.0342,3.3247,0.0042,0
4,169,4.7826,3.5069,0.0023,0
4,170,11.1678,2.9283,0.5138,1
4,171,5.1390,2.7115,0.0019,0
4,172,10.1967,3.2406,0.0027,0
4,173,5.2233,2.8450,0.0032,0
4,174,10.8411,3.5418,0.0026,0
4,175,5.0527,2.6134,0.7131,1
4,176,10.2657,2.2018,0.0033,0
4,177,15.8851,3.3054,0.0029,0
4,178,4.9881,2.6824,0.0027,0
4,179,10.8669,3.3708,0.0029,0
4,180,4.4178,2.3419,0.5273,1
4,181,10.6505,2.5705,0.0022,0
4,182,3.8688,4.5573,0.0032,0
4,183,12.3042,4.2792,0.0032,0
4,184,5.2042,4.0201,0.0026,0
4,185,11.6900,3.7990,0.9888,1
4,186,4.9532,2.1792,0.0028,0
4,187,10.6436,3.4027,0.0024,0
4,188,4.5028,3.7854,0.0026,0
4,189,12.5209,3.7908,0.0097,0
4,190,5.4215,4.6500,0.4736,1
4,191,9.5625,2.9171,0.0042,0
4,192,4.6066,2.4181,0.0021,0
4,193,12.3990,3.3453,0.0024,0
4,194,5.3438,3.0955,0.0027,0
4,195,9.7027,3.7588,0.6763,1
4,196,4.3164,1.9507,0.0011,0
4,197,11.3320,3.7451,0.0023,0
4,198,4.6351,3.3094,0.0024,0
4,199,10.6039,2.8793,0.0023,0
4,200,5.4192,3.6306,0.8688,1
4,201,11.2621,4.3351,0.0033,0
4,202,5.4033,3.1501,0.0020,0
4,203,10.2330,3.1054,0.0024,0
4,204,15.9333,2.3549,0.0035,0
4,205,4.1226,2.7757,0.5314,1
4,206,11.8380,2.5685,0.0025,0
4,207,4.2548,3.0234,0.0027,0
4,208,11.9187,2.8009,0.0029,0
4,209,4.2109,2.4794,0.0028,0
4,210,11.6736,2.7882,0.5417,1
4,211,4.6919,2.3442,0.0015,0
4,212,11.2696,2.6900,0.0023,0
4,213,4.6000,2.8339,0.0020,0
4,214,11.4662,3.1285,0.0028,0
4,215,4.3121,2.6635,0.5990,1
4,216,11.2084,2.7667,0.0021,0
4,217,4.4829,2.4849,0.0039,0
4,218,11.9750,2.8336,0.0028,0
4,219,4.2543,2.5198,0.0020,0
4,220,12.1824,3.2070,0.5562,1
4,221,4.6127,2.6840,0.0016,0
4,222,11.0225,3.3331,0.0027,0
4,223,4.5646,2.5479,0.0025,0
4,224,11.2127,2.9861,0.0027,0
4,225,4.6195,2.5263,0.4887,1
4,226,11.2999,3.5006,0.0024,0
4,227,4.7191,2.6508,0.0015,0
4,228,10.7685,3.0901,0.0040,0
4,229,4.5686,2.7969,0.0020,0
4,230,11.0693,2.6341,0.5255,1
4,231,4.1166,2.2970,0.0015,0
4,232,12.2815,2.0691,0.0029,0
4,233,16.0572,3.7499,0.0029,0
4,234,4.3980,3.1598,0.0019,0
4,235,11.2568,3.8596,0.7525,1
4,236,5.0855,2.5588,0.0033,0
4,237,12.1589,3.2168,0.0028,0
4,238,4.4219,3.1059,0.0026,0
4,239,9.3677,2.9467,0.0025,0
4,240,4.4987,2.4139,0.6958,1
4,241,12.7960,2.5810,0.0020,0
4,242,4.4015,2.6464,0.0032,0
4,243,10.9718,2.7273,0.0024,0
4,244,4.1640,2.4406,0.0029,0
4,245,10.7622,3.5453,1.0987,1
4,246,4.4189,2.8595,0.0021,0
4,247,13.7276,3.2757,0.0026,0
4,248,5.2032,2.5703,0.0028,0
4,249,9.3632,2.8565,0.0028,0
4,250,4.7109,2.7840,0.7726,1
4,251,12.6395,3.1578,0.0022,0
4,252,4.8411,2.7850,0.0022,0
4,253,10.4298,2.4242,0.0024,0
4,254,4.6696,2.1227,0.0040,0
4,255,11.0436,2.9171,0.5684,1
4,256,4.7051,2.7631,0.0018,0
4,257,10.8397,3.1454,0.0024,0
4,258,4.4984,2.6508,0.0024,0
4,259,11.3702,2.6367,0.0035,0
4,260,14.8357,1.9354,1.0092,1
4,261,5.3659,3.3014,0.0048,0
4,262,11.5414,3.0361,0.0021,0
4,263,3.8322,2.3851,0.0032,0
4,264,13.0621,3.1736,0.0028,0
4,265,4.6876,3.3909,0.5757,1
4,266,11.2701,2.8678,0.0023,0
4,267,4.8266,2.7309,0.0024,0
4,268,11.5403,2.7837,0.0031,0
4,269,4.6547,2.3158,0.0022,0
4,270,10.0665,3.1128,0.5496,1
4,271,5.2791,2.4971,0.0026,0
4,272,10.8542,2.8446,0.0024,0
4,273,4.3623,1.9099,0.0034,0
4,274,11.2201,3.7824,0.0026,0
4,275,4.6973,3.1204,0.5055,1
4,276,11.1620,3.6123,0.0026,0
4,277,5.1036,2.7915,0.0024,0
4,278,11.5933,3.1984,0.0026,0
4,279,4.4787,3.2678,0.0030,0
4,280,11.1950,3.4322,0.5200,1
4,281,4.9004,3.2087,0.0024,0
4,282,10.8012,2.8405,0.0026,0
4,283,4.4586,2.8911,0.0027,0
4,284,11.5635,3.1350,0.0026,0
4,285,4.6504,2.6880,0.5829,1
4,286,11.1274,3.2100,0.0029,0
4,287,16.3124,3.4678,0.0030,0
4,288,4.8192,3.4949,0.0030,0
4,289,10.3887,4.0411,0.0025,0
4,290,5.5130,3.4947,0.5659,1
4,291,12.2916,3.5537,0.0029,0
4,292,4.5181,2.7667,0.0024,0
4,293,9.7020,2.5928,0.0031,0
4,294,4.7703,3.2140,0.0024,0
4,295,11.9135,3.3830,0.5278,1
4,296,4.6013,2.8397,0.0023,0
4,297,11.0724,3.0061,0.0030,0
4,298,4.9600,3.2578,0.0026,0
4,299,11.1830,3.3708,0.0029,0
4,300,5.6759,2.8458,0.5555,1
4,301,9.9409,2.6125,0.0029,0
4,302,4.4844,3.4504,0.0029,0
4,303,11.0555,2.7716,0.0030,0
4,304,4.3634,1.9805,0.0020,0
4,305,10.9990,2.7438,0.4295,1
4,306,3.9282,2.4843,0.0031,0
4,307,12.5459,2.5071,0.0024,0
4,308,4.2113,3.4208,0.0022,0
4,309,12.8438,3.3020,0.0029,0
4,310,4.3854,1.6425,0.4724,1
4,311,10.6053,3.7470,0.0024,0
4,312,4.8809,2.1584,0.0032,0
4,313,10.4196,1.7020,0.0027,0
4,314,15.5794,2.5992,0.0043,0
4,315,3.5840,1.8977,1.0191,1
4,316,14.1044,2.6624,0.0025,0
4,317,3.9564,1.5203,0.0029,0
4,318,12.1686,2.2032,0.0038,0
4,319,4.4402,1.7931,0.0030,0
4,320,11.9733,3.2931,0.5444,1
4,321,4.5990,3.1643,0.0031,0
4,322,10.3809,2.9922,0.0025,0
4,323,4.9119,1.9040,0.0025,0
4,324,11.1796,2.6542,0.0031,0
4,325,3.8951,1.5442,0.7555,1
4,326,12.0590,2.8765,0.0030,0
4,327,4.7470,2.9824,0.0025,0
4,328,10.5846,3.3057,0.0023,0
4,329,4.3029,4.0120,0.0019,0
4,330,13.0734,3.2035,0.7790,1
4,331,5.2853,3.7270,0.0023,0
4,332,9.9719,3.7584,0.0028,0
4,333,5.2089,2.9990,0.0024,0
4,334,10.4987,3.3368,0.0024,0
4,335,4.3822,3.1264,0.7542,1
4,336,11.4932,2.9629,0.0022,0
4,337,5.1593,2.7877,0.0023,0
4,338,10.8745,4.0484,0.0023,0
4,339,4.7977,3.1923,0.0026,0
4,340,10.5062,3.9615,0.5461,1
4,341,5.5682,3.0852,0.0027,0
4,342,10.8019,3.6590,0.0026,0
4,343,16.2385,3.5799,0.0030,0
4,344,5.3266,2.8009,0.0025,0
4,345,10.0260,2.8383,0.4472,1
4,346,4.8066,2.6458,0.0027,0
4,347,11.0429,2.9054,0.0026,0
4,348,4.6552,2.8438,0.0027,0
4,349,11.0786,3.0821,0.0031,0
4,350,4.7447,3.2908,0.8747,1
4,351,10.9171,2.9950,0.0030,0
4,352,4.6995,2.6410,0.0029,0
4,353,11.8235,3.6508,0.0028,0
4,354,5.0400,3.3479,0.0032,0
4,355,11.3998,3.4081,0.5774,1
4,356,4.3948,2.9013,0.0027,0
4,357,10.5624,3.4931,0.0027,0
4,358,4.6940,2.3922,0.0029,0
4,359,12.4593,3.4879,0.0031,0
4,360,4.5281,3.9246,0.5847,1
4,361,10.3266,3.3800,0.0028,0
4,362,4.2119,4.1636,0.0032,0
4,363,11.8033,3.4405,0.0030,0
4,364,4.5029,3.4858,0.0029,0
4,365,11.9379,3.5667,0.5747,1
4,366,4.6765,2.9794,0.0028,0
4,367,11.0914,3.0996,0.0021,0
4,368,4.6493,2.8882,0.0028,0
4,369,10.8880,3.3364,0.0032,0
4,370,16.4783,2.8738,0.5544,1
4,371,5.0567,2.3405,0.0021,0
4,372,10.8761,3.3876,0.0030,0
4,373,5.5330,2.4505,0.0026,0
4,374,10.3475,3.6190,0.0031,0
4,375,4.5534,2.7591,0.5499,1
4,376,10.5916,3.3265,0.0030,0
4,377,4.9495,2.8732,0.0024,0
4,378,11.0483,2.8344,0.0026,0
4,379,4.7176,2.8635,0.0026,0
4,380,11.6580,3.0223,0.5278,1
4,381,4.3559,2.7448,0.0029,0
4,382,11.2865,2.8324,0.0020,0
4,383,4.7831,3.1138,0.0035,0
4,384,11.4479,3.3492,0.0028,0
4,385,5.2034,2.5321,0.5266,1
4,386,10.0573,3.0851,0.0029,0
4,387,4.3763,3.0901,0.0032,0
4,388,12.2448,6.1906,0.0025,0
4,389,5.7951,5.8021,0.0026,0
4,390,10.0528,3.0988,0.5777,1
4,391,4.4953,2.4261,0.0028,0
4,392,10.7692,3.2950,0.0028,0
4,393,4.6223,3.2613,0.0028,0
4,394,10.9421,3.1457,0.0022,0
4,395,4.5149,3.1255,0.6811,1
4,396,11.1135,2.1409,0.0016,0
4,397,17.2481,3.2788,0.0027,0
4,398,4.7703,3.0544,0.0025,0
4,399,11.5789,3.2722,0.0023,0
4,400,4.8203,3.2570,0.6583,1
4,401,10.3837,2.7755,0.0030,0
4,402,4.4236,2.6880,0.0033,0
4,403,10.9593,3.0986,0.0029,0
4,404,4.5549,1.6587,0.0020,0
4,405,12.7061,3.3314,0.5350,1
4,406,5.5257,3.0827,0.0028,0
4,407,9.6494,3.4155,0.0029,0
4,408,4.4914,3.2491,0.0029,0
4,409,12.5618,3.4422,0.0026,0
4,410,5.7220,3.4349,0.9143,1
4,411,9.0925,3.4695,0.0027,0
4,412,4.7684,3.1545,0.0026,0
4,413,11.8012,3.6522,0.0036,0
4,414,5.7760,3.8476,0.0033,0
4,415,10.8538,4.3786,0.6532,1
4,416,5.5186,3.7904,0.0030,0
4,417,9.7698,3.5546,0.0025,0
4,418,4.9778,2.8512,0.0027,0
4,419,10.8357,3.1450,0.0030,0
4,420,5.2804,2.8326,0.5830,1
4,421,10.1479,3.3050,0.0029,0
4,422,4.7857,2.7441,0.0016,0
4,423,11.2362,2.9169,0.0033,0
4,424,4.4730,3.2041,0.0026,0
4,425,11.2136,3.0321,0.5297,1
4,426,15.6271,2.9146,0.0028,0
4,427,4.7114,2.6700,0.0023,0
4,428,11.6764,3.3380,0.0026,0
4,429,4.7561,2.7617,0.0026,0
4,430,11.3082,3.2077,0.5889,1
4,431,4.6612,2.7320,0.0020,0
4,432,11.1638,3.2345,0.0022,0
4,433,4.9681,3.7520,0.0029,0
4,434,10.7182,3.9948,0.0034,0
4,435,5.2993,2.7681,0.5654,1
4,436,11.0696,3.5105,0.0022,0
4,437,4.6107,3.3124,0.0026,0
4,438,11.3729,3.4433,0.0029,0
4,439,4.2802,3.3394,0.0031,0
4,440,11.0293,2.9428,0.5639,1
4,441,4.3461,2.9941,0.0028,0
4,442,11.4350,3.5581,0.0032,0
4,443,4.5394,3.3715,0.0029,0
4,444,11.8899,3.4301,0.0025,0
4,445,4.8923,3.2746,0.5773,1
4,446,11.6062,3.4094,0.0031,0
4,447,4.7939,2.7464,0.0026,0
4,448,11.0917,3.3641,0.0027,0
4,449,4.9841,2.8857,0.0037,0
4,450,10.5336,2.7427,0.5218,1
4,451,4.6951,2.6773,0.0023,0
4,452,10.9954,2.7788,0.0033,0
4,453,15.5660,2.7955,0.0027,0
4,454,4.5948,2.6510,0.0029,0
4,455,12.0832,3.2169,0.5312,1
4,456,4.5173,3.5644,0.0025,0
4,457,10.7180,2.8006,0.0028,0
4,458,4.5869,2.8939,0.0029,0
4,459,11.4284,2.7481,0.0028,0
4,460,4.5639,2.7651,0.5033,1
4,461,11.0740,2.7890,0.0018,0
4,462,4.8142,4.4990,0.0022,0
4,463,10.7294,3.5325,0.0021,0
4,464,3.9543,1.9981,0.0031,0
4,465,11.6913,2.7856,0.7456,1
4,466,3.7830,2.8932,0.0016,0
4,467,13.1563,2.9351,0.0020,0
4,468,4.8039,2.6589,0.0029,0
4,469,10.4022,3.3138,0.0040,0
4,470,4.1512,3.7297,0.5135,1
4,471,11.6121,3.3514,0.0029,0
4,472,5.3050,3.6928,0.0040,0
4,473,11.6312,2.7459,0.0025,0
4,474,4.6161,3.3198,0.0023,0
4,475,11.9872,3.0292,0.5429,1
4,476,4.8407,3.0387,0.0020,0
4,477,10.4513,3.3082,0.0026,0
4,478,4.9874,2.7880,0.0041,0
4,479,10.6153,3.5263,0.0031,0
4,480,15.7088,2.7935,0.4925,1
4,481,4.5485,2.7136,0.0024,0
4,482,11.7066,2.6638,0.0023,0
4,483,4.4385,2.3543,0.0022,0
4,484,11.2668,2.6201,0.0030,0
4,485,4.5359,2.6494,0.5167,1
4,486,13.3343,4.0550,0.0029,0
4,487,5.3970,3.1782,0.0021,0
4,488,9.3216,3.4416,0.0029,0
4,489,5.4669,3.2289,0.0024,0
4,490,10.7579,2.8848,0.5683,1
4,491,5.1716,3.3464,0.0031,0
4,492,10.3480,3.3623,0.0027,0
4,493,4.5932,2.5075,0.0027,0
4,494,11.0884,2.3256,0.0027,0
4,495,4.9239,2.9853,0.5753,1
4,496,11.4624,3.4744,0.0031,0
4,497,5.3344,3.0278,0.0031,0
4,498,10.3036,2.9762,0.0036,0
4,499,4.9855,3.5131,0.0028,0
5,0,4.1171,5.4725,0.6443,1
5,1,5.3477,3.3742,0.0027,0
5,2,9.9424,3.2266,0.0028,0
5,3,4.7786,2.8849,0.0020,0
5,4,11.8616,3.2031,0.0031,0
5,5,4.6932,3.2848,0.6826,1
5,6,10.9760,2.8999,0.0017,0
5,7,15.8351,2.9001,0.0025,0
5,8,4.6805,2.5172,0.0033,0
5,9,10.7079,3.4916,0.0031,0
5,10,4.7509,3.3584,0.5644,1
5,11,11.7018,2.6283,0.0021,0
5,12,4.8252,2.7905,0.0028,0
5,13,10.7895,3.4500,0.0025,0
5,14,4.7400,3.2804,0.0030,0
5,15,11.5833,3.3013,0.5443,1
5,16,4.7709,3.1823,0.0026,0
5,17,11.3437,3.3904,0.0031,0
5,18,4.3056,3.2695,0.0028,0
5,19,11.3665,3.1516,0.0031,0
5,20,4.4818,3.0257,0.5125,1
5,21,11.5685,3.2403,0.0030,0
5,22,4.9309,2.7701,0.0020,0
5,23,10.7171,3.6479,0.0027,0
5,24,4.7484,3.2840,0.0027,0
5,25,10.8423,3.4718,0.5527,1
5,26,4.7356,2.6940,0.0025,0
5,27,11.9983,3.6416,0.0027,0
5,28,5.1031,3.4192,0.0030,0
5,29,10.5455,2.7747,0.0025,0
5,30,5.0259,2.9535,0.5083,1
5,31,10.8872,3.4350,0.0032,0
5,32,4.8469,3.0581,0.0027,0
5,33,11.3344,3.3288,0.0025,0
5,34,4.3562,2.8609,0.0030,0
5,35,11.0581,3.1891,0.5657,1
5,36,16.7852,3.9832,0.0029,0
5,37,4.7414,2.9329,0.0028,0
5,38,10.7833,3.2998,0.0026,0
5,39,4.8465,2.6177,0.0025,0
5,40,10.9934,3.2349,0.5776,1
5,41,4.6553,3.1654,0.0036,0
5,42,11.3614,3.5523,0.0028,0
5,43,4.8843,3.3066,0.0029,0
5,44,13.2367,3.5311,0.0046,0
5,45,4.3397,2.6269,0.7520,1
5,46,9.6266,2.7581,0.0019,0
5,47,4.2491,2.4528,0.0025,0
5,48,11.1442,2.7468,0.0043,0
5,49,4.2859,2.7366,0.0025,0
5,50,10.8192,3.2391,0.5049,1
5,51,4.8671,2.6120,0.0015,0
5,52,12.5252,2.8048,0.0032,0
5,53,4.7972,3.2152,0.0028,0
5,54,10.6639,3.0123,0.0041,0
5,55,4.9132,3.2640,0.6005,1
5,56,11.5417,2.8842,0.0017,0
5,57,4.9938,3.1284,0.0025,0
5,58,10.6067,2.4382,0.0027,0
5,59,4.7043,1.9736,0.0041,0
5,60,11.0443,3.3651,0.6082,1
5,61,5.3380,2.9259,0.0020,0
5,62,9.6015,2.2427,0.0020,0
5,63,16.4151,3.4193,0.0035,0
5,64,4.7544,2.8080,0.0023,0
5,65,12.0254,3.2585,0.5644,1
5,66,5.1904,2.7395,0.0031,0
5,67,9.6217,3.1675,0.0025,0
5,68,4.6797,1.8081,0.0020,0
5,69,12.1695,3.6077,0.0034,0
5,70,4.7635,2.8761,0.4435,1
5,71,10.9926,3.6954,0.0026,0
5,72,5.7465,4.3942,0.0025,0
5,73,10.7938,3.2481,0.0030,0
5,74,4.8775,2.7857,0.0022,0
5,75,10.8300,3.3133,0.5639,1
5,76,4.4184,2.9599,0.0021,0
5,77,10.8798,3.5284,0.0029,0
5,78,4.8728,3.1893,0.0022,0
5,79,11.2295,3.5955,0.0028,0
5,80,4.7592,3.3547,0.6112,1
5,81,11.3429,4.2204,0.0028,0
5,82,5.2178,3.3595,0.0027,0
5,83,10.4179,3.2277,0.0027,0
5,84,4.5917,3.4186,0.0029,0
5,85,11.5311,3.5189,0.5066,1
5,86,4.9761,3.4328,0.0026,0
5,87,11.0015,2.5563,0.0031,0
5,88,4.7298,2.7109,0.0025,0
5,89,11.5036,3.1323,0.0022,0
5,90,15.0451,3.0343,0.5955,1
5,91,4.5377,2.9005,0.0024,0
5,92,11.8774,2.9105,0.0023,0
5,93,4.6991,2.8853,0.0025,0
5,94,12.0334,3.5413,0.0027,0
5,95,5.1797,2.9558,0.5581,1
5,96,10.6201,3.6128,0.0034,0
5,97,5.2744,3.0961,0.0031,0
5,98,10.2968,3.7926,0.0025,0
5,99,5.3919,2.9605,0.0029,0
5,100,10.1140,2.8575,0.5121,1
5,101,5.4165,2.7503,0.0021,0
5,102,11.1336,2.9398,0.0026,0
5,103,5.0248,3.0277,0.0029,0
5,104,10.5989,3.3722,0.0029,0
5,105,5.7337,3.7860,0.6287,1
5,106,10.0234,2.8046,0.0022,0
5,107,4.6996,3.1297,0.0026,0
5,108,11.5202,3.6152,0.0027,0
5,109,4.7249,3.3113,0.0025,0
5,110,10.9865,2.4305,0.5421,1
5,111,4.7511,2.8008,0.0026,0
5,112,10.9351,3.4904,0.0024,0
5,113,5.2280,3.1025,0.0029,0
5,114,10.6471,2.7026,0.0027,0
5,115,4.7122,2.6343,0.5365,1
5,116,11.1662,3.3842,0.0028,0
5,117,5.1665,2.6391,0.0023,0
5,118,10.6555,3.7551,0.0387,0
5,119,16.3098,3.1626,0.0030,0
5,120,5.1148,2.4753,0.5194,1
5,121,10.8241,4.0316,0.0031,0
5,122,5.5257,3.5784,0.0036,0
5,123,9.9071,3.6010,0.0034,0
5,124,5.6840,3.3848,0.0024,0
5,125,10.5350,3.1413,0.6106,1
5,126,4.6667,2.7236,0.0022,0
5,127,11.0308,3.3971,0.0025,0
5,128,4.3202,3.1643,0.0022,0
5,129,11.6495,3.1027,0.0027,0
5,130,4.3077,3.1100,0.5599,1
5,131,12.3271,3.5728,0.0030,0
5,132,5.0107,2.9360,0.0021,0
5,133,10.3202,2.7317,0.0028,0
5,134,4.8279,2.5597,0.0038,0
5,135,11.3457,3.3576,0.5267,1
5,136,4.7932,2.8129,0.0017,0
5,137,10.1502,2.6983,0.0020,0
5,138,4.7375,3.0675,0.0021,0
5,139,11.7540,3.7230,0.0027,0
5,140,4.4278,3.6362,0.6330,1
5,141,11.3614,2.8721,0.0021,0
5,142,4.6007,3.5423,0.0028,0
5,143,11.1967,2.8609,0.0028,0
5,144,4.6225,3.0999,0.0027,0
5,145,11.7655,2.7518,0.4969,1
5,146,16.4491,3.4351,0.0020,0
5,147,4.5904,2.6609,0.0033,0
5,148,11.9646,3.5203,0.0029,0
5,149,5.6362,3.8798,0.0028,0
5,150,9.2745,3.1550,0.5177,1
5,151,4.7030,2.8057,0.0028,0
5,152,10.6051,2.9241,0.0019,0
5,153,5.0787,2.7729,0.0028,0
5,154,11.4336,3.7729,0.0030,0
5,155,5.2888,3.3418,0.5496,1
5,156,10.5969,3.6814,0.0033,0
5,157,5.3610,3.0969,0.0041,0
5,158,11.2358,4.5880,0.0032,0
5,159,5.9737,5.3114,0.0025,0
5,160,10.0939,4.0035,0.5936,1
5,161,5.6849,3.1241,0.0027,0
5,162,9.5342,3.1671,0.0018,0
5,163,4.9951,2.9893,0.0028,0
5,164,11.1528,3.4886,0.0029,0
5,165,4.8960,2.6812,0.5604,1
5,166,10.7313,2.8372,0.0026,0
5,167,4.7447,2.7074,0.0026,0
5,168,11.5909,3.3293,0.0032,0
5,169,4.8276,3.0041,0.0027,0
5,170,10.7848,4.7318,0.5959,1
5,171,5.2818,3.6408,0.0032,0
5,172,10.3522,3.4595,0.0029,0
5,173,16.2837,3.1038,0.0032,0
5,174,4.8555,3.3065,0.0027,0
5,175,10.7062,3.4573,0.5155,1
5,176,5.0966,2.7539,0.0032,0
5,177,11.6600,3.0699,0.0033,0
5,178,5.2724,3.3200,0.0033,0
5,179,9.8924,2.8239,0.0028,0
5,180,4.7439,2.5745,0.4822,1
5,181,11.7992,3.3631,0.0026,0
5,182,4.6368,2.7791,0.0027,0
5,183,11.7709,3.6835,0.0033,0
5,184,5.7493,3.3291,0.0026,0
5,185,9.1879,3.7557,0.7296,1
5,186,4.4123,3.4290,0.0033,0
5,187,10.8545,2.7589,0.0033,0
5,188,4.1479,2.3027,0.0024,0
5,189,12.6110,3.4582,0.0030,0
5,190,5.4371,3.2867,0.5160,1
5,191,10.1771,3.5319,0.0032,0
5,192,5.2003,4.0126,0.0027,0
5,193,10.9338,3.7806,0.0030,0
5,194,5.6227,3.3315,0.0026,0
5,195,10.4633,2.9707,0.5949,1
5,196,5.3344,2.9149,0.0034,0
5,197,11.2705,3.4732,0.0032,0
5,198,5.4765,3.4901,0.0031,0
5,199,9.6744,2.5696,0.0039,0
5,200,16.1493,3.4935,0.6773,1
5,201,5.2188,2.6613,0.0020,0
5,202,10.4096,3.2773,0.0026,0
5,203,4.9128,3.2216,0.0026,0
5,204,11.0974,2.5227,0.0032,0
5,205,5.2046,3.1149,0.5619,1
5,206,10.4662,3.2975,0.0023,0
5,207,4.8735,3.0378,0.0025,0
5,208,11.1579,2.8207,0.0026,0
5,209,4.5146,2.6092,0.0027,0
5,210,11.7005,3.5024,0.5832,1
5,211,4.4600,2.9696,0.0029,0
5,212,11.2079,2.8223,0.0027,0
5,213,4.5200,2.9378,0.0025,0
5,214,12.3309,3.1241,0.0028,0
5,215,4.3286,2.5518,0.6150,1
5,216,10.8645,2.8470,0.0031,0
5,217,4.7312,2.9678,0.0021,0
5,218,11.2608,2.6995,0.0029,0
5,219,4.3912,2.5315,0.0041,0
5,220,11.5280,2.9157,0.5697,1
5,221,4.7299,2.5434,0.0021,0
5,222,10.8818,3.1140,0.0027,0
5,223,4.6472,2.4446,0.0040,0
5,224,10.5801,2.6364,0.0025,0
5,225,4.6699,2.7981,0.4724,1
5,226,12.2152,3.3715,0.0022,0
5,227,5.1696,2.2970,0.0023,0
5,228,10.6639,2.8660,0.0025,0
5,229,16.1686,3.6982,0.0031,0
5,230,5.0482,2.0916,0.4759,1
5,231,10.9090,3.1779,0.0028,0
5,232,5.7406,2.6036,0.0030,0
5,233,9.1407,2.7158,0.0027,0
5,234,4.1944,1.7846,0.0013,0
5,235,11.9263,2.9688,0.4632,1
5,236,4.6945,2.7831,0.0024,0
5,237,11.7394,2.3665,0.0028,0
5,238,4.3097,1.9818,0.0019,0
5,239,12.0411,3.1665,0.0027,0
5,240,4.2792,3.3460,0.4890,1
5,241,10.5698,2.9095,0.0023,0
5,242,4.0717,3.0867,0.0022,0
5,243,13.0889,3.4522,0.0025,0
5,244,4.9419,3.6216,0.0023,0
5,245,12.0397,3.5548,0.7333,1
5,246,5.3147,3.4458,0.0028,0
5,247,8.8599,3.5917,0.0024,0
5,248,5.5619,3.2833,0.0023,0
5,249,10.9590,3.4611,0.0076,0
5,250,4.9089,2.4346,0.8430,1
5,251,10.5587,2.8102,0.0030,0
5,252,4.9105,3.8410,0.0027,0
5,253,10.6525,2.9571,0.0028,0
5,254,4.4876,2.6916,0.0021,0
5,255,11.9852,3.4118,0.6679,1
5,256,15.9685,2.7545,0.0025,0
5,257,4.3704,2.8961,0.0024,0
5,258,11.8814,3.7572,0.0035,0
5,259,4.6119,3.7133,0.0026,0
5,260,11.8921,2.8097,0.7065,1
5,261,5.4718,3.1643,0.0029,0
5,262,10.5830,3.4473,0.0029,0
5,263,5.5918,2.4953,0.0025,0
5,264,9.5797,3.0820,0.0027,0
5,265,5.0863,2.2469,0.7149,1
5,266,10.7374,3.7565,0.0028,0
5,267,5.2842,2.9425,0.0030,0
5,268,10.1025,3.2337,0.0029,0
5,269,5.3755,3.4395,0.0028,0
5,270,10.9967,3.8967,0.4956,1
5,271,4.8728,3.5779,0.0024,0
5,272,11.4840,3.4755,0.0025,0
5,273,5.0377,3.4187,0.0027,0
5,274,10.5391,4.5445,0.0031,0
5,275,4.9814,5.4022,0.5570,1
5,276,10.9422,2.9870,0.0026,0
5,277,5.0660,3.3585,0.0030,0
5,278,10.2832,2.8134,0.0024,0
5,279,4.4225,2.9780,0.0028,0
5,280,12.5500,3.3045,0.6093,1
5,281,4.9694,3.4043,0.0029,0
5,282,10.1950,3.6989,0.0031,0
5,283,16.0816,2.9516,0.0033,0
5,284,4.7720,3.6372,0.0023,0
5,285,11.5106,2.8957,0.5751,1
5,286,4.7415,2.8865,0.0026,0
5,287,11.0453,3.2095,0.0031,0
5,288,4.6904,3.2202,0.0026,0
5,289,10.3960,3.2391,0.0030,0
5,290,4.4719,2.6173,0.5200,1
5,291,12.4845,3.0290,0.0025,0
5,292,4.8066,3.3155,0.0025,0
5,293,10.6730,3.3233,0.0027,0
5,294,5.0161,4.3396,0.0035,0
5,295,10.6641,3.6611,0.5110,1
5,296,4.7108,5.1438,0.0032,0
5,297,11.2160,3.5114,0.0026,0
5,298,5.0991,2.9745,0.0028,0
5,299,10.5331,3.0862,0.0024,0
5,300,4.4973,3.1706,0.6598,1
5,301,11.6075,3.0366,0.0027,0
5,302,4.7257,2.8898,0.0025,0
5,303,11.7142,3.0552,0.0031,0
5,304,5.6344,3.1853,0.0026,0
5,305,10.4401,3.2898,0.5346,1
5,306,5.3737,2.7888,0.0025,0
5,307,9.7430,2.7572,0.0024,0
5,308,4.6281,3.0574,0.0024,0
5,309,11.1477,2.6050,0.0028,0
5,310,4.5299,2.4650,0.5646,1
5,311,11.7385,2.5219,0.0015,0
5,312,15.9645,2.9787,0.0021,0
5,313,4.5931,3.1489,0.0019,0
5,314,11.8223,3.5551,0.0025,0
5,315,4.5211,3.3569,0.6134,1
5,316,10.6528,2.9918,0.0038,0
5,317,4.5110,2.6557,0.0030,0
5,318,10.9258,2.8071,0.0028,0
5,319,5.4594,3.2487,0.0026,0
5,320,11.3208,3.1372,0.9608,1
5,321,4.9943,2.6034,0.0019,0
5,322,10.9233,2.4197,0.0024,0
5,323,4.9945,2.5974,0.0021,0
5,324,10.7450,3.0157,0.0025,0
5,325,4.3084,2.7261,0.5307,1
5,326,11.6910,3.0737,0.0028,0
5,327,4.7889,2.5119,0.0029,0
5,328,10.5678,3.1458,0.0029,0
5,329,5.2772,3.5427,0.0028,0
5,330,11.7168,3.3098,0.5937,1
5,331,4.5121,3.6794,0.0031,0
5,332,10.8945,2.9519,0.0022,0
5,333,4.6063,2.9858,0.0027,0
5,334,11.9137,3.3698,0.0027,0
5,335,5.3343,2.3311,0.6018,1
5,336,9.4049,3.0889,0.0031,0
5,337,5.1277,3.6438,0.0032,0
5,338,11.5935,2.9143,0.0015,0
5,339,16.4005,2.8812,0.0026,0
5,340,4.2768,2.5386,0.9479,1
5,341,11.1667,3.4090,0.0033,0
5,342,4.7259,2.9479,0.0030,0
5,343,11.9463,3.3862,0.0032,0
5,344,4.6816,3.2640,0.0032,0
5,345,10.5972,3.4507,0.7852,1
5,346,4.9341,3.4646,0.0034,0
5,347,11.6850,3.3915,0.0031,0
5,348,5.0533,3.3004,0.0023,0
5,349,9.9853,2.9359,0.0025,0
5,350,4.4851,2.8506,0.6033,1
5,351,12.5280,3.3516,0.0019,0
5,352,5.3407,2.9493,0.0030,0
5,353,10.0001,3.2441,0.0027,0
5,354,4.5322,2.8366,0.0027,0
5,355,11.8458,2.9843,0.4976,1
5,356,4.5039,3.1885,0.0026,0
5,357,10.9582,3.1697,0.0026,0
5,358,5.1114,2.4730,0.0031,0
5,359,10.2922,3.3233,0.0030,0
5,360,4.6889,2.9944,0.5094,1
5,361,11.3595,2.8775,0.0019,0
5,362,4.2722,3.0585,0.0030,0
5,363,11.9287,3.0823,0.0028,0
5,364,4.5293,3.2028,0.0024,0
5,365,11.6415,3.1001,0.5837,1
5,366,15.5930,3.8040,0.0028,0
5,367,4.7981,3.1964,0.0028,0
5,368,11.0267,3.5151,0.0033,0
5,369,4.7673,3.2708,0.0026,0
5,370,11.5648,3.9310,0.5628,1
5,371,4.9595,3.4269,0.0028,0
5,372,10.9452,3.4497,0.0030,0
5,373,5.4127,2.7701,0.0027,0
5,374,10.4354,3.3577,0.0031,0
5,375,4.8680,2.7586,0.4893,1
5,376,11.7048,3.3333,0.0034,0
5,377,4.5440,2.9710,0.0030,0
5,378,10.4944,3.4130,0.0030,0
5,379,5.1948,3.5461,0.0025,0
5,380,10.8135,2.7245,0.5666,1
5,381,5.0509,2.8500,0.0028,0
5,382,10.5611,3.3545,0.0021,0
5,383,4.5851,2.9206,0.0025,0
5,384,12.1264,2.6093,0.0039,0
5,385,4.5799,2.1930,0.5191,1
5,386,11.0724,2.9678,0.0026,0
5,387,4.4632,2.7173,0.0021,0
5,388,10.8135,2.6906,0.0026,0
5,389,4.4007,2.5509,0.0023,0
5,390,11.6018,3.2354,0.5648,1
5,391,4.3980,3.3843,0.0020,0
5,392,11.7834,3.2112,0.0030,0
5,393,4.7873,3.1689,0.0023,0
5,394,11.5929,3.5489,0.0028,0
5,395,15.6391,3.3317,0.5438,1
5,396,4.5459,2.9196,0.0025,0
5,397,11.2278,2.7934,0.0027,0
5,398,4.8822,4.1817,0.0034,0
5,399,11.0278,2.7866,0.0027,0
5,400,4.3474,2.2608,0.6109,1
5,401,11.2893,2.7752,0.0018,0
5,402,4.5263,2.8432,0.0026,0
5,403,11.5202,3.4102,0.0023,0
5,404,4.5419,2.6668,0.0025,0
5,405,13.0280,3.0696,0.5359,1
5,406,4.7645,2.4096,0.0026,0
5,407,9.5221,2.9940,0.0028,0
5,408,4.7029,2.6269,0.0029,0
5,409,10.6586,2.7736,0.0025,0
5,410,4.3584,3.2918,0.5735,1
5,411,12.5200,3.0578,0.0028,0
5,412,4.9684,3.1214,0.0025,0
5,413,10.3268,3.0817,0.0021,0
5,414,5.1172,3.4783,0.0025,0
5,415,11.5571,3.7235,0.4789,1
5,416,5.0337,2.6811,0.0020,0
5,417,10.4588,3.2102,0.0027,0
5,418,4.7287,3.6816,0.0033,0
5,419,11.3296,3.3268,0.0026,0
5,420,4.9165,3.6113,0.5947,1
5,421,10.6147,2.1486,0.0021,0
5,422,16.4452,3.0297,0.0027,0
5,423,4.6574,1.6832,0.0033,0
5,424,10.7387,3.3420,0.0032,0
5,425,5.0274,2.4946,0.5645,1
5,426,10.8580,3.7161,0.0021,0
5,427,5.2237,2.4946,0.0018,0
5,428,10.4610,3.3425,0.0024,0
5,429,4.1910,2.7161,0.0019,0
5,430,11.7188,3.4080,0.4756,1
5,431,5.6026,3.1361,0.0033,0
5,432,10.5803,2.8490,0.0026,0
5,433,3.9566,1.5098,0.0028,0
5,434,11.7395,2.8589,0.0025,0
5,435,5.1457,1.8041,0.4550,1
5,436,10.2161,3.7682,0.0023,0
5,437,4.2450,4.0467,0.0027,0
5,438,14.0189,3.3612,0.0023,0
5,439,4.0618,3.5163,0.0036,0
5,440,11.8196,3.2275,1.0177,1
5,441,5.4019,3.3146,0.0030,0
5,442,10.2463,4.8379,0.0028,0
5,443,5.6700,2.5721,0.0024,0
5,444,9.7217,3.1455,0.0029,0
5,445,5.2362,3.6068,0.6923,1
5,446,10.3204,3.9174,0.0027,0
5,447,4.2534,2.7086,0.0021,0
5,448,13.0518,3.6225,0.0029,0
5,449,15.3606,4.0110,0.0028,0
5,450,5.2150,3.4085,0.7581,1
5,451,11.1245,4.2965,0.0029,0
5,452,5.5639,3.7911,0.0023,0
5,453,9.0937,3.6098,0.0034,0
5,454,5.5911,3.0829,0.0024,0
5,455,11.3257,2.8981,0.5587,1
5,456,5.1068,2.7110,0.0018,0
5,457,9.9223,3.3359,0.0030,0
5,458,5.3957,2.9552,0.0021,0
5,459,11.0266,3.4312,0.0026,0
5,460,4.6768,2.7353,0.5813,1
5,461,11.5875,3.4011,0.0030,0
5,462,5.2156,3.1776,0.0024,0
5,463,9.9609,4.7220,0.0028,0
5,464,5.6233,2.9057,0.0028,0
5,465,10.5637,3.4829,0.5492,1
5,466,5.7318,3.0351,0.0027,0
5,467,10.2211,6.1549,0.0025,0
5,468,6.0953,3.9744,0.0029,0
5,469,10.1167,4.1342,0.0030,0
5,470,5.0413,2.9099,0.5573,1
5,471,10.2303,2.8945,0.0030,0
5,472,4.6549,3.7698,0.0023,0
5,473,11.4765,3.2396,0.0027,0
5,474,5.3583,3.3840,0.0031,0
5,475,11.1556,3.0122,0.5395,1
5,476,15.8666,3.3931,0.0034,0
5,477,4.7679,2.9179,0.0026,0
5,478,11.0719,2.8803,0.0029,0
5,479,4.7250,2.5227,0.0027,0
5,480,11.0558,3.1544,0.5198,1
5,481,4.4547,3.1002,0.0028,0
5,482,11.4049,2.5261,0.0030,0
5,483,4.6326,2.8267,0.0030,0
5,484,11.5469,3.2347,0.0035,0
5,485,5.4265,2.8280,0.5833,1
5,486,10.4249,3.3681,0.0034,0
5,487,4.5531,2.7820,0.0019,0
5,488,11.4067,3.4289,0.0034,0
5,489,4.5300,2.8982,0.0031,0
5,490,11.7480,3.5267,0.5988,1
5,491,5.1091,3.4074,0.0024,0
5,492,9.9596,2.7318,0.0023,0
5,493,4.7412,3.4689,0.0027,0
5,494,11.3681,3.4002,0.0030,0
5,495,4.7200,3.6895,0.5124,1
5,496,11.3901,3.2534,0.0028,0
5,497,4.3668,3.2696,0.0023,0
5,498,11.2147,2.6837,0.0028,0
5,499,4.2950,3.3249,0.0030,0
