grid_x,grid_y,src_x,src_y,residual_px,max_residual_px,affine_residual_px
0,0,48.5066,56.9192,0.3263,0.4558,3.0828
10,0,59.8984,56.7224,0.4189,0.4851,2.5789
20,0,71.3899,56.3696,0.3668,0.4201,2.0475
30,0,83.1845,56.0562,0.3592,0.4651,1.6797
40,0,95.0674,55.8027,0.3311,0.4744,1.3909
50,0,106.9549,55.6148,0.3899,0.5328,1.1555
60,0,118.7163,55.3680,0.3833,0.5074,0.8537
70,0,130.4328,55.1088,0.3214,0.4456,0.6081
80,0,142.2475,54.9117,0.2303,0.3552,0.5344
90,0,154.1826,54.8062,0.1702,0.2645,0.5515
100,0,166.1748,54.7302,0.1557,0.2311,0.5777
110,0,178.1941,54.6500,0.1614,0.2237,0.6034
120,0,190.2821,54.5510,0.1920,0.2429,0.5912
130,0,202.4320,54.4098,0.2107,0.2840,0.5627
140,0,214.6238,54.2725,0.2432,0.3119,0.5497
150,0,226.7869,54.0980,0.1811,0.2490,0.6294
160,0,238.8967,53.9848,0.1464,0.1995,0.7237
170,0,250.9413,53.8916,0.0528,0.1014,0.8348
180,0,263.0829,53.8957,0.0365,0.0393,0.8406
190,0,275.3783,53.9351,0.0328,0.0642,0.7918
200,0,287.6808,53.9993,0.0201,0.0297,0.7621
210,0,299.8655,53.9696,0.0268,0.0434,0.8301
220,0,312.0158,54.0130,0.0707,0.1193,0.8396
230,0,324.2404,54.1323,0.1101,0.2163,0.8157
240,0,336.4915,54.3486,0.0880,0.1314,0.7616
250,0,348.7030,54.4800,0.0630,0.1031,0.7804
260,0,360.8345,54.5831,0.0315,0.0401,0.7805
270,0,372.9105,54.6060,0.0616,0.1030,0.7880
280,0,384.9741,54.6262,0.1140,0.2117,0.7892
290,0,397.1185,54.6425,0.1430,0.2018,0.8442
300,0,409.2878,54.7268,0.1734,0.1826,0.8835
310,0,421.3967,54.9093,0.2142,0.2810,0.8466
320,0,433.4048,55.1903,0.2225,0.2636,0.7229
330,0,445.3878,55.4539,0.2188,0.2405,0.6228
340,0,457.3576,55.6944,0.2449,0.2845,0.5613
350,0,469.3053,55.9790,0.2528,0.2899,0.5690
360,0,481.2365,56.2689,0.2284,0.2478,0.6590
370,0,493.0815,56.5167,0.2184,0.2846,0.7650
380,0,504.8548,56.6689,0.3069,0.3777,0.8617
390,0,516.5772,56.9051,0.3943,0.4509,1.1024
400,0,528.3111,57.2427,0.3314,0.3625,1.4508
410,0,540.0044,57.6052,0.2670,0.2797,1.8465
420,0,551.7045,57.8595,0.3261,0.3811,2.1753
430,0,563.3058,58.1307,0.4221,0.5703,2.5777
440,0,574.8555,58.4045,0.4630,0.5057,3.0227
450,0,586.1469,58.8247,0.5184,0.5520,3.7179
460,0,597.3539,59.3096,0.3969,0.3969,4.5103
0,10,48.0508,68.6718,0.3259,0.4373,2.6495
10,10,59.4134,68.4574,0.3736,0.4178,2.1365
20,10,70.9698,68.1280,0.3736,0.4045,1.6681
30,10,82.7194,67.7854,0.2723,0.3420,1.2764
40,10,94.5930,67.5827,0.2948,0.3829,1.0390
50,10,106.4221,67.3761,0.3396,0.4378,0.8131
60,10,118.2089,67.1347,0.3660,0.4371,0.6262
70,10,129.9871,66.8399,0.2689,0.3671,0.5712
80,10,141.8923,66.6691,0.1790,0.3046,0.6405
90,10,153.9181,66.6157,0.1627,0.2731,0.6728
100,10,165.9437,66.5634,0.1815,0.2727,0.7148
110,10,177.9704,66.4730,0.2418,0.2973,0.7687
120,10,190.0392,66.2867,0.2709,0.2786,0.8295
130,10,202.1479,66.0234,0.1974,0.2006,0.9353
140,10,214.3120,65.8228,0.0797,0.1380,1.0212
150,10,226.5379,65.8441,0.0914,0.1635,0.9586
160,10,238.6972,65.8249,0.1153,0.1535,0.9644
170,10,250.8399,65.7478,0.0884,0.1095,1.0267
180,10,263.0492,65.6806,0.0760,0.0910,1.0713
190,10,275.3769,65.7715,0.0332,0.0465,0.9878
200,10,287.6913,65.7915,0.0353,0.0499,1.0022
210,10,299.8554,65.7708,0.0501,0.0714,1.0607
220,10,311.9937,65.6994,0.0927,0.1791,1.1601
230,10,324.2443,65.8786,0.0979,0.1762,1.0845
240,10,336.5360,66.0548,0.1061,0.1623,1.0548
250,10,348.7260,66.2171,0.0577,0.0747,1.0219
260,10,360.8746,66.2917,0.0754,0.1255,1.0365
270,10,373.0135,66.4172,0.0536,0.0889,1.0195
280,10,385.1858,66.5061,0.0500,0.0556,1.0502
290,10,397.3203,66.5618,0.0483,0.0648,1.0786
300,10,409.4521,66.5937,0.0815,0.1019,1.1181
310,10,421.5440,66.6955,0.1182,0.1391,1.0979
320,10,433.5862,66.8346,0.2016,0.2462,1.0285
330,10,445.5850,67.0809,0.2550,0.3406,0.8906
340,10,457.5629,67.4214,0.2303,0.3371,0.7387
350,10,469.5211,67.7585,0.2205,0.3501,0.6433
360,10,481.4456,68.1086,0.1729,0.2385,0.6341
370,10,493.3661,68.3471,0.1242,0.1247,0.6645
380,10,505.2325,68.4718,0.1577,0.1648,0.6510
390,10,517.0281,68.6366,0.2533,0.3572,0.7246
400,10,528.6115,68.9938,0.2712,0.3010,1.0826
410,10,540.2841,69.2948,0.2553,0.2925,1.4344
420,10,552.0856,69.5130,0.2431,0.3114,1.6866
430,10,563.8762,69.6878,0.3124,0.3376,1.9227
440,10,575.3613,70.0254,0.3477,0.3734,2.4384
450,10,586.6989,70.3989,0.4343,0.6024,3.0782
460,10,597.7507,71.0012,0.3657,0.3657,4.0327
0,20,47.6135,80.4308,0.2617,0.3091,2.2335
10,20,58.9955,80.1217,0.3254,0.3501,1.6812
20,20,70.5653,79.8211,0.2538,0.2853,1.2629
30,20,82.3773,79.5987,0.1613,0.1791,1.0055
40,20,94.2100,79.4552,0.1808,0.2094,0.8495
50,20,105.9843,79.3029,0.2532,0.2636,0.7622
60,20,117.7718,79.0600,0.2715,0.2918,0.7288
70,20,129.6200,78.7682,0.2000,0.2124,0.7822
80,20,141.5877,78.5806,0.1315,0.1885,0.8533
90,20,153.6450,78.5060,0.1249,0.1839,0.8769
100,20,165.6711,78.4401,0.1674,0.2122,0.9340
110,20,177.6731,78.3176,0.2371,0.2636,1.0304
120,20,189.7606,78.1070,0.2476,0.2631,1.1074
130,20,201.9536,77.8439,0.1321,0.1690,1.1762
140,20,214.1740,77.6749,0.0152,0.0254,1.2225
150,20,226.3743,77.6799,0.0525,0.0794,1.1869
160,20,238.5437,77.7055,0.0560,0.1044,1.1575
170,20,250.7304,77.6979,0.0491,0.0907,1.1510
180,20,262.9883,77.6904,0.0641,0.0844,1.1338
190,20,275.3304,77.7341,0.0553,0.0865,1.0856
200,20,287.6414,77.7583,0.0473,0.0814,1.0944
210,20,299.8265,77.7450,0.0450,0.0747,1.1476
220,20,311.9874,77.7297,0.0588,0.0726,1.2043
230,20,324.2248,77.8023,0.0723,0.1076,1.2105
240,20,336.4862,77.9099,0.0996,0.1386,1.2132
250,20,348.6852,78.0485,0.0975,0.1312,1.1883
260,20,360.8494,78.1797,0.1033,0.1394,1.1647
270,20,373.0318,78.3191,0.0814,0.1182,1.1550
280,20,385.2301,78.4373,0.0577,0.0817,1.1789
290,20,397.3851,78.5190,0.0414,0.0582,1.2046
300,20,409.5132,78.5771,0.0468,0.0697,1.2278
310,20,421.6412,78.6468,0.0645,0.1019,1.2465
320,20,433.7431,78.7487,0.1601,0.2126,1.2340
330,20,445.7544,78.9613,0.2163,0.3129,1.1134
340,20,457.6865,79.2743,0.1860,0.3185,0.9105
350,20,469.6119,79.5927,0.1596,0.2986,0.7355
360,20,481.5529,79.8913,0.1455,0.2486,0.6339
370,20,493.4899,80.1399,0.1191,0.2074,0.5909
380,20,505.3831,80.3473,0.1100,0.2110,0.5699
390,20,517.1774,80.5583,0.1253,0.2462,0.6034
400,20,528.8529,80.8046,0.1704,0.2336,0.7945
410,20,540.5765,81.0382,0.1895,0.2199,1.0569
420,20,552.3970,81.2581,0.1914,0.2440,1.2957
430,20,564.1633,81.5021,0.2184,0.3435,1.5848
440,20,575.6833,81.8456,0.2576,0.4094,2.0791
450,20,586.9651,82.2550,0.2907,0.4454,2.7700
460,20,598.1164,82.7004,0.1792,0.1792,3.5800
0,30,47.3992,92.2472,0.3173,0.4472,1.9686
10,30,58.6454,91.8000,0.1575,0.2372,1.2682
20,30,70.2800,91.5628,0.1187,0.1410,0.9449
30,30,82.1983,91.4665,0.1540,0.2248,0.8224
40,30,94.0007,91.3834,0.1341,0.1873,0.7550
50,30,105.7207,91.3026,0.1706,0.2407,0.8112
60,30,117.5207,91.0619,0.1777,0.2948,0.8470
70,30,129.4076,90.7672,0.1242,0.1958,0.9179
80,30,141.3993,90.5714,0.0827,0.0892,0.9864
90,30,153.4611,90.4822,0.1007,0.1275,1.0145
100,30,165.4588,90.4083,0.1419,0.1560,1.1007
110,30,177.4095,90.2805,0.1564,0.1761,1.2433
120,30,189.5284,90.1044,0.1503,0.2038,1.2855
130,30,201.8585,89.9006,0.1052,0.1374,1.2280
140,30,214.1485,89.7632,0.0509,0.0690,1.2137
150,30,226.2949,89.7304,0.0501,0.0809,1.2290
160,30,238.4393,89.7496,0.0689,0.0856,1.2137
170,30,250.6397,89.8019,0.0412,0.0493,1.1548
180,30,262.9039,89.8351,0.0258,0.0399,1.0971
190,30,275.2440,89.8234,0.0733,0.1230,1.0838
200,30,287.5600,89.8471,0.1088,0.1953,1.0851
210,30,299.7518,89.8695,0.1024,0.1380,1.1065
220,30,311.9423,89.9364,0.0286,0.0526,1.0992
230,30,324.1878,89.9318,0.0097,0.0136,1.1701
240,30,336.4257,89.9454,0.0652,0.1186,1.2371
250,30,348.6214,90.0640,0.0806,0.1598,1.2214
260,30,360.7820,90.2238,0.0609,0.1196,1.1722
270,30,372.9872,90.3435,0.0544,0.1084,1.1828
280,30,385.1963,90.4519,0.0550,0.0985,1.2150
290,30,397.3604,90.5504,0.0619,0.1121,1.2349
300,30,409.4893,90.6625,0.0576,0.0941,1.2303
310,30,421.6684,90.7565,0.0777,0.1054,1.2730
320,30,433.8507,90.8620,0.1325,0.1783,1.3187
330,30,445.8741,91.0403,0.1784,0.2434,1.2257
340,30,457.7399,91.2837,0.1849,0.2372,0.9972
350,30,469.6326,91.5209,0.1763,0.2018,0.8007
360,30,481.5954,91.7226,0.2067,0.2442,0.6831
370,30,493.5207,91.9668,0.2347,0.3085,0.5629
380,30,505.3920,92.2753,0.1850,0.2751,0.5019
390,30,517.1818,92.5504,0.1104,0.1451,0.5394
400,30,528.9602,92.6955,0.1428,0.1791,0.6159
410,30,540.7357,92.8746,0.1913,0.2543,0.8048
420,30,552.5358,93.1289,0.1920,0.3132,1.0732
430,30,564.2567,93.4420,0.1851,0.3508,1.4295
440,30,575.7890,93.7928,0.2278,0.4026,1.9209
450,30,587.1013,94.1954,0.1883,0.2669,2.5892
460,30,598.2956,94.4623,0.1677,0.1677,3.2844
0,40,47.2119,103.9687,0.2142,0.3127,1.6564
10,40,58.5677,103.6560,0.1408,0.2399,1.0838
20,40,70.1390,103.4161,0.1114,0.1337,0.7491
30,40,81.9735,103.2824,0.1456,0.1972,0.6242
40,40,93.8133,103.1884,0.1316,0.1557,0.6073
50,40,105.6203,103.0809,0.1187,0.2080,0.6878
60,40,117.4600,102.8729,0.1334,0.2468,0.7941
70,40,129.3549,102.6261,0.0858,0.1593,0.9311
80,40,141.3230,102.4668,0.0426,0.0602,1.0467
90,40,153.3336,102.4066,0.0607,0.0754,1.1221
100,40,165.3029,102.3607,0.0871,0.0922,1.2295
110,40,177.2728,102.2787,0.0889,0.1042,1.3483
120,40,189.4316,102.1745,0.0795,0.1074,1.3368
130,40,201.7856,102.0671,0.0656,0.0893,1.2088
140,40,214.0795,101.9778,0.0547,0.0562,1.1487
150,40,226.2140,101.9217,0.0469,0.0908,1.1788
160,40,238.3537,101.9187,0.0643,0.0938,1.1767
170,40,250.5904,101.9534,0.0145,0.0172,1.1097
180,40,262.8639,101.9415,0.0515,0.0915,1.0789
190,40,275.1210,101.8500,0.0702,0.1003,1.1409
200,40,287.3647,101.8100,0.1464,0.2027,1.1861
210,40,299.6138,101.9002,0.1326,0.1356,1.1408
220,40,311.8897,102.0358,0.0387,0.0430,1.0800
230,40,324.1820,102.0788,0.0204,0.0265,1.1244
240,40,336.4376,102.0932,0.0677,0.0710,1.2011
250,40,348.6228,102.1642,0.0781,0.1074,1.2203
260,40,360.7798,102.2716,0.0568,0.0846,1.2080
270,40,372.9868,102.3561,0.0580,0.0793,1.2424
280,40,385.2078,102.4354,0.0834,0.1061,1.2969
290,40,397.3721,102.5416,0.0951,0.1395,1.3105
300,40,409.5104,102.6810,0.0930,0.1511,1.2961
310,40,421.7184,102.8321,0.1066,0.1563,1.3321
320,40,433.9375,102.9885,0.1283,0.1527,1.3880
330,40,445.9875,103.1412,0.1403,0.1466,1.3284
340,40,457.8725,103.2878,0.1485,0.1512,1.1470
350,40,469.7834,103.4336,0.1691,0.1828,0.9865
360,40,481.7646,103.5891,0.2293,0.2353,0.8806
370,40,493.6817,103.8124,0.2688,0.2941,0.7189
380,40,505.4868,104.1065,0.2071,0.2613,0.5016
390,40,517.2576,104.3678,0.1445,0.1809,0.3818
400,40,529.0667,104.5487,0.1620,0.1954,0.4194
410,40,540.8640,104.7442,0.2016,0.2600,0.5914
420,40,552.6066,105.0041,0.1911,0.3037,0.8851
430,40,564.2760,105.3079,0.1674,0.3165,1.2661
440,40,575.8420,105.6244,0.1988,0.3188,1.7265
450,40,587.2110,105.9432,0.2114,0.2454,2.3250
460,40,598.4633,106.1887,0.1467,0.1467,2.9853
0,50,47.0961,115.7252,0.1434,0.1446,1.4115
10,50,58.5260,115.5806,0.1533,0.2465,0.9653
20,50,70.0499,115.3341,0.1434,0.2200,0.6139
30,50,81.7762,115.1141,0.1103,0.1324,0.4955
40,50,93.6576,114.9817,0.1195,0.1512,0.5239
50,50,105.5909,114.8305,0.1226,0.1796,0.5853
60,50,117.4800,114.6508,0.1197,0.2016,0.7385
70,50,129.3673,114.4493,0.0721,0.1124,0.9359
80,50,141.2980,114.3368,0.0280,0.0483,1.0937
90,50,153.2581,114.3291,0.0363,0.0682,1.1992
100,50,165.2106,114.3248,0.0470,0.0639,1.3094
110,50,177.1992,114.2947,0.0359,0.0371,1.4001
120,50,189.3800,114.2601,0.0206,0.0260,1.3491
130,50,201.7436,114.2449,0.0407,0.0435,1.1682
140,50,214.0264,114.2069,0.0721,0.0803,1.0744
150,50,226.1232,114.1267,0.0449,0.0631,1.1328
160,50,238.2598,114.0999,0.0226,0.0377,1.1417
170,50,250.5732,114.1074,0.0321,0.0528,1.0506
180,50,262.8754,114.0546,0.0995,0.1957,1.0405
190,50,275.0207,113.8589,0.0748,0.1413,1.2110
200,50,287.1620,113.7176,0.0883,0.1670,1.3467
210,50,299.4843,113.8846,0.1160,0.2135,1.2199
220,50,311.8553,114.0981,0.0460,0.0871,1.0939
230,50,324.2085,114.1853,0.0331,0.0428,1.1211
240,50,336.5018,114.2281,0.0247,0.0270,1.1984
250,50,348.6716,114.2551,0.0405,0.0521,1.2476
260,50,360.8088,114.3073,0.0417,0.0469,1.2668
270,50,373.0236,114.3541,0.0435,0.0533,1.3309
280,50,385.2683,114.4075,0.0704,0.1162,1.4144
290,50,397.4227,114.5237,0.0902,0.1547,1.4156
300,50,409.5453,114.6784,0.1180,0.2013,1.3819
310,50,421.7753,114.8797,0.1355,0.2184,1.4089
320,50,434.0414,115.0981,0.1060,0.1366,1.4802
330,50,446.1215,115.2346,0.0752,0.0894,1.4522
340,50,458.0237,115.2956,0.0911,0.0919,1.3100
350,50,469.9662,115.3858,0.1226,0.1450,1.1904
360,50,482.0000,115.5308,0.1539,0.1954,1.1259
370,50,493.9251,115.7261,0.1790,0.2453,0.9685
380,50,505.6397,115.9715,0.1655,0.2136,0.6428
390,50,517.3656,116.1850,0.1677,0.2241,0.3588
400,50,529.1954,116.4091,0.1626,0.2193,0.2772
410,50,541.0071,116.6284,0.1838,0.2551,0.3936
420,50,552.6851,116.8835,0.2069,0.2727,0.6967
430,50,564.2942,117.1562,0.2063,0.2596,1.0992
440,50,575.9208,117.4158,0.1676,0.2393,1.5007
450,50,587.3883,117.6550,0.1805,0.3022,2.0073
460,50,598.6100,117.9572,0.1681,0.1681,2.7270
0,60,46.9539,127.6334,0.1209,0.1526,1.2469
10,60,58.4658,127.4808,0.1574,0.2125,0.8248
20,60,69.9831,127.2683,0.1326,0.1826,0.4944
30,60,81.6880,127.0857,0.0863,0.1173,0.4601
40,60,93.5698,126.9684,0.0906,0.1243,0.5341
50,60,105.5252,126.8442,0.1263,0.1708,0.6065
60,60,117.4421,126.6734,0.1448,0.1937,0.7502
70,60,129.3355,126.4797,0.1070,0.1143,0.9490
80,60,141.2497,126.3654,0.0566,0.0961,1.1227
90,60,153.1899,126.3482,0.0425,0.0765,1.2464
100,60,165.1468,126.3568,0.0235,0.0448,1.3489
110,60,177.1621,126.3590,0.0191,0.0294,1.4091
120,60,189.3540,126.3503,0.0300,0.0474,1.3408
130,60,201.7001,126.3378,0.0508,0.0655,1.1701
140,60,213.9625,126.3017,0.0633,0.0685,1.0861
150,60,226.0601,126.2435,0.0471,0.0717,1.1291
160,60,238.2221,126.2210,0.0253,0.0470,1.1190
170,60,250.5617,126.2246,0.0301,0.0528,1.0153
180,60,262.8721,126.1718,0.0904,0.1611,1.0034
190,60,275.0125,126.0107,0.0729,0.1102,1.1485
200,60,287.1525,125.9005,0.0795,0.1003,1.2594
210,60,299.4658,126.0008,0.0987,0.1562,1.1894
220,60,311.8602,126.1570,0.0553,0.0823,1.1168
230,60,324.2319,126.2393,0.0215,0.0329,1.1588
240,60,336.5242,126.2722,0.0117,0.0177,1.2469
250,60,348.7005,126.2899,0.0206,0.0334,1.3065
260,60,360.8453,126.3233,0.0290,0.0578,1.3428
270,60,373.0572,126.3811,0.0478,0.0882,1.3993
280,60,385.2928,126.4693,0.0750,0.1376,1.4578
290,60,397.4484,126.6068,0.0955,0.1729,1.4494
300,60,409.5800,126.7797,0.1067,0.2003,1.4148
310,60,421.8280,126.9800,0.1140,0.1978,1.4610
320,60,434.1169,127.1778,0.0961,0.1238,1.5625
330,60,446.2109,127.3016,0.0677,0.0692,1.5504
340,60,458.1156,127.3678,0.0669,0.1081,1.4080
350,60,470.0665,127.4759,0.0914,0.1732,1.2898
360,60,482.1124,127.6491,0.1181,0.2046,1.2311
370,60,494.0378,127.8537,0.1279,0.2059,1.0776
380,60,505.7570,128.0596,0.1204,0.1667,0.7656
390,60,517.4769,128.2264,0.1179,0.1540,0.4702
400,60,529.3013,128.3804,0.1370,0.1846,0.2964
410,60,541.1196,128.5650,0.1796,0.2551,0.2705
420,60,552.8262,128.8201,0.2212,0.2747,0.5185
430,60,564.4471,129.0948,0.2286,0.2466,0.9078
440,60,576.0168,129.3414,0.1811,0.2431,1.3386
450,60,587.4471,129.5845,0.1676,0.2865,1.8771
460,60,598.7781,129.8709,0.1371,0.1371,2.5158
0,70,46.8647,139.6465,0.1663,0.2529,1.1745
10,70,58.3636,139.3936,0.1386,0.1593,0.6770
20,70,69.9004,139.2343,0.1013,0.1188,0.4059
30,70,81.6328,139.1504,0.0672,0.0807,0.4664
40,70,93.5130,139.0967,0.0525,0.0541,0.5678
50,70,105.4435,139.0458,0.1120,0.1626,0.6619
60,70,117.3460,138.8832,0.1638,0.2129,0.7919
70,70,129.2359,138.6703,0.1560,0.1762,0.9759
80,70,141.1536,138.5344,0.1064,0.1582,1.1449
90,70,153.1135,138.4797,0.0396,0.0721,1.2641
100,70,165.1020,138.4727,0.0067,0.0073,1.3474
110,70,177.1327,138.4800,0.0124,0.0227,1.3940
120,70,189.3066,138.4572,0.0610,0.0618,1.3425
130,70,201.6347,138.3954,0.1139,0.1661,1.2034
140,70,213.8940,138.3336,0.1108,0.1929,1.1349
150,70,225.9884,138.3048,0.0516,0.0934,1.1634
160,70,238.1751,138.2950,0.0172,0.0225,1.1308
170,70,250.5544,138.3175,0.0125,0.0230,0.9956
180,70,262.8919,138.3195,0.0500,0.0536,0.9365
190,70,275.0481,138.2659,0.0236,0.0260,0.9943
200,70,287.2112,138.2399,0.0089,0.0127,1.0352
210,70,299.5070,138.2526,0.0230,0.0416,1.0471
220,70,311.8884,138.2942,0.0275,0.0452,1.0822
230,70,324.2421,138.3394,0.0088,0.0146,1.1584
240,70,336.5185,138.3423,0.0253,0.0267,1.2652
250,70,348.6928,138.3690,0.0332,0.0388,1.3183
260,70,360.8452,138.3967,0.0675,0.0899,1.3627
270,70,373.0645,138.4866,0.0789,0.1373,1.4043
280,70,385.3053,138.6239,0.0858,0.1502,1.4414
290,70,397.4666,138.7742,0.1101,0.1728,1.4352
300,70,409.5932,138.9469,0.1066,0.1566,1.4039
310,70,421.8583,139.1035,0.0900,0.1347,1.4894
320,70,434.1852,139.2382,0.0673,0.1099,1.6456
330,70,446.2800,139.3481,0.0684,0.1070,1.6386
340,70,458.1412,139.4551,0.1120,0.1662,1.4507
350,70,470.0762,139.6213,0.1484,0.2336,1.3055
360,70,482.1440,139.8548,0.1396,0.2350,1.2596
370,70,494.0876,140.0899,0.1160,0.1781,1.1302
380,70,505.8312,140.2679,0.1132,0.1285,0.8535
390,70,517.5587,140.3964,0.0808,0.1238,0.5757
400,70,529.3907,140.4341,0.1111,0.1166,0.3791
410,70,541.2237,140.5507,0.1821,0.2692,0.2444
420,70,552.9939,140.8199,0.2000,0.2933,0.3920
430,70,564.6577,141.1132,0.1790,0.2388,0.7369
440,70,576.1360,141.3519,0.1925,0.2489,1.2046
450,70,587.4958,141.6008,0.1935,0.2465,1.7926
460,70,598.9152,141.8473,0.1320,0.1320,2.3519
0,80,46.7850,151.6019,0.1244,0.2052,1.0761
10,80,58.2458,151.3967,0.1532,0.1778,0.5853
20,80,69.7816,151.2680,0.1077,0.1617,0.3893
30,80,81.5521,151.2144,0.0615,0.1012,0.4905
40,80,93.4589,151.1926,0.0443,0.0618,0.5898
50,80,105.3821,151.1658,0.0835,0.1244,0.6934
60,80,117.2312,151.0414,0.1424,0.1746,0.8611
70,80,129.0597,150.8669,0.1668,0.2170,1.0756
80,80,140.9955,150.7503,0.1177,0.1842,1.2144
90,80,153.0414,150.6992,0.0374,0.0474,1.2589
100,80,165.0958,150.6719,0.0292,0.0315,1.2938
110,80,177.1347,150.6404,0.0352,0.0480,1.3438
120,80,189.2466,150.5923,0.0621,0.0665,1.3448
130,80,201.4686,150.5259,0.1398,0.2153,1.2767
140,80,213.7011,150.4615,0.1515,0.2571,1.2148
150,80,225.8951,150.4156,0.0590,0.0915,1.1837
160,80,238.1633,150.3891,0.0137,0.0148,1.1109
170,80,250.5314,150.4039,0.0416,0.0430,0.9872
180,80,262.8455,150.4440,0.0751,0.1003,0.9053
190,80,275.0269,150.4940,0.0678,0.0842,0.8729
200,80,287.2162,150.5454,0.0348,0.0553,0.8458
210,80,299.5114,150.5597,0.0249,0.0377,0.8605
220,80,311.8785,150.5718,0.0366,0.0402,0.9306
230,80,324.2274,150.6049,0.0223,0.0244,1.0296
240,80,336.4947,150.6250,0.0177,0.0199,1.1303
250,80,348.6540,150.6449,0.0331,0.0478,1.1849
260,80,360.8001,150.6633,0.0763,0.0860,1.2348
270,80,373.0441,150.7299,0.0763,0.1053,1.3127
280,80,385.3267,150.8352,0.0755,0.1182,1.4048
290,80,397.5140,150.9535,0.0925,0.1246,1.4404
300,80,409.6499,151.0780,0.0789,0.0995,1.4439
310,80,421.9036,151.1776,0.0601,0.0822,1.5488
320,80,434.2100,151.2598,0.0514,0.0957,1.7071
330,80,446.3099,151.3555,0.0776,0.1361,1.7072
340,80,458.1989,151.4916,0.1403,0.2071,1.5328
350,80,470.1395,151.6987,0.1788,0.2656,1.3817
360,80,482.1883,151.9642,0.1493,0.2330,1.3179
370,80,494.1414,152.1972,0.1077,0.1463,1.2003
380,80,505.9291,152.3435,0.1039,0.1104,0.9606
390,80,517.6825,152.4409,0.0955,0.1357,0.6974
400,80,529.4963,152.4963,0.1126,0.1254,0.4844
410,80,541.3187,152.6217,0.1516,0.2375,0.3171
420,80,553.1006,152.8592,0.1464,0.2480,0.3456
430,80,564.7770,153.1073,0.1221,0.1940,0.6075
440,80,576.2722,153.3013,0.1627,0.1924,1.0283
450,80,587.6362,153.4937,0.2018,0.2030,1.5915
460,80,599.0471,153.6967,0.0950,0.0950,2.1454
0,90,46.7414,163.5043,0.0953,0.1178,0.9785
10,90,58.0680,163.4316,0.1246,0.1448,0.4981
20,90,69.6199,163.3273,0.0991,0.1243,0.4271
30,90,81.4510,163.2534,0.0536,0.0805,0.5213
40,90,93.3971,163.2267,0.0609,0.0898,0.5993
50,90,105.3396,163.1946,0.1080,0.1369,0.6924
60,90,117.1210,163.1154,0.1197,0.1344,0.9256
70,90,128.8427,163.0103,0.0760,0.0844,1.2229
80,90,140.8113,162.9427,0.0328,0.0556,1.3221
90,90,152.9939,162.9327,0.0418,0.0473,1.2430
100,90,165.1227,162.8965,0.0571,0.0854,1.2146
110,90,177.1572,162.8111,0.0389,0.0610,1.2770
120,90,189.1887,162.7502,0.0355,0.0440,1.3407
130,90,201.2533,162.7232,0.0647,0.0913,1.3714
140,90,213.4440,162.6851,0.0855,0.0940,1.3134
150,90,225.8036,162.6082,0.0541,0.0611,1.1641
160,90,238.1759,162.5471,0.0224,0.0243,1.0381
170,90,250.4883,162.5267,0.0492,0.0677,0.9614
180,90,262.7452,162.5575,0.1191,0.1289,0.8999
190,90,274.9427,162.6864,0.1066,0.1248,0.7958
200,90,287.1609,162.8112,0.0442,0.0452,0.6976
210,90,299.4737,162.8544,0.0299,0.0373,0.6828
220,90,311.8384,162.8916,0.0339,0.0556,0.7423
230,90,324.2031,162.9473,0.0427,0.0812,0.8531
240,90,336.4791,163.0285,0.0086,0.0111,0.9398
250,90,348.6062,163.0396,0.0187,0.0235,0.9860
260,90,360.7141,163.0535,0.0365,0.0430,1.0189
270,90,372.9968,163.0835,0.0410,0.0473,1.1553
280,90,385.3594,163.1182,0.0500,0.0656,1.3538
290,90,397.5745,163.1837,0.0320,0.0529,1.4423
300,90,409.7081,163.2366,0.0231,0.0406,1.4784
310,90,421.9416,163.2772,0.0222,0.0355,1.5942
320,90,434.2171,163.3127,0.0419,0.0761,1.7456
330,90,446.3290,163.3887,0.0778,0.1401,1.7605
340,90,458.2725,163.5289,0.1171,0.2032,1.6270
350,90,470.2314,163.7321,0.1515,0.2637,1.4910
360,90,482.2538,163.9957,0.1249,0.2100,1.4041
370,90,494.2105,164.2057,0.0733,0.1034,1.2870
380,90,506.0394,164.3091,0.0703,0.0890,1.0779
390,90,517.8182,164.3981,0.1083,0.1618,0.8292
400,90,529.5961,164.5600,0.1152,0.1798,0.5888
410,90,541.3844,164.7398,0.1118,0.1850,0.4020
420,90,553.1453,164.9248,0.0994,0.1698,0.3424
430,90,564.8273,165.0945,0.0792,0.1171,0.5068
440,90,576.4052,165.2116,0.0899,0.1023,0.8342
450,90,587.8368,165.3139,0.1305,0.1621,1.3222
460,90,599.1422,165.4760,0.0928,0.0928,1.9533
0,100,46.6236,175.4463,0.0887,0.1512,0.8569
10,100,57.9231,175.4202,0.1019,0.1357,0.3981
20,100,69.4956,175.3520,0.0699,0.0796,0.4446
30,100,81.3705,175.2918,0.0247,0.0250,0.5424
40,100,93.3073,175.2674,0.0526,0.0817,0.6358
50,100,105.2027,175.2439,0.1233,0.1945,0.7738
60,100,116.9866,175.1917,0.1044,0.1374,1.0102
70,100,128.7583,175.1203,0.0374,0.0479,1.2648
80,100,140.7556,175.0724,0.0195,0.0304,1.3369
90,100,152.9466,175.0638,0.0521,0.0745,1.2489
100,100,165.0938,175.0340,0.0812,0.0965,1.2021
110,100,177.1403,174.9682,0.0482,0.0516,1.2473
120,100,189.1447,174.9234,0.0119,0.0125,1.3253
130,100,201.1620,174.9121,0.0141,0.0198,1.3862
140,100,213.3499,174.9036,0.0341,0.0349,1.3141
150,100,225.7564,174.8704,0.0290,0.0454,1.0933
160,100,238.1516,174.8250,0.0311,0.0477,0.9186
170,100,250.4207,174.7773,0.0350,0.0679,0.8622
180,100,262.6359,174.7794,0.1101,0.1165,0.8239
190,100,274.8543,174.8960,0.0905,0.1230,0.7137
200,100,287.1158,175.0190,0.0278,0.0484,0.5970
210,100,299.4511,175.0674,0.0218,0.0379,0.5737
220,100,311.8263,175.1053,0.0401,0.0657,0.6494
230,100,324.1988,175.1710,0.0597,0.0975,0.7791
240,100,336.4729,175.2685,0.0391,0.0516,0.8728
250,100,348.5827,175.3201,0.0407,0.0630,0.8891
260,100,360.6711,175.3831,0.0423,0.0817,0.8859
270,100,372.9495,175.4648,0.0506,0.0677,1.0141
280,100,385.3250,175.5325,0.0504,0.0651,1.2325
290,100,397.5634,175.5683,0.0328,0.0538,1.3592
300,100,409.7137,175.5565,0.0215,0.0330,1.4296
310,100,421.9505,175.5464,0.0101,0.0105,1.5675
320,100,434.2248,175.5569,0.0344,0.0520,1.7293
330,100,446.3445,175.6090,0.0576,0.0994,1.7592
340,100,458.3036,175.7083,0.0784,0.1463,1.6506
350,100,470.2708,175.8547,0.1076,0.1974,1.5385
360,100,482.2935,176.0521,0.0932,0.1828,1.4659
370,100,494.2537,176.2350,0.0727,0.1352,1.3527
380,100,506.0909,176.3701,0.0691,0.1309,1.1477
390,100,517.8730,176.5011,0.0984,0.1781,0.9012
400,100,529.6466,176.6792,0.0887,0.1734,0.6619
410,100,541.4231,176.8526,0.0856,0.1548,0.4661
420,100,553.1744,177.0074,0.0733,0.1259,0.3595
430,100,564.8685,177.1333,0.0516,0.0751,0.4487
440,100,576.4827,177.2083,0.0487,0.0681,0.7203
450,100,587.9357,177.2764,0.0826,0.1357,1.1838
460,100,599.2350,177.4121,0.0746,0.0746,1.8176
0,110,46.4724,187.4704,0.0729,0.0889,0.7487
10,110,57.7875,187.4136,0.0424,0.0426,0.3165
20,110,69.4160,187.3711,0.0286,0.0303,0.4446
30,110,81.3454,187.3442,0.0267,0.0432,0.5284
40,110,93.2256,187.3340,0.0233,0.0463,0.6731
50,110,105.0081,187.3336,0.0342,0.0373,0.9083
60,110,116.8492,187.3024,0.0477,0.0633,1.0985
70,110,128.7853,187.2391,0.0489,0.0514,1.2149
80,110,140.7860,187.1877,0.0690,0.0951,1.2828
90,110,152.8721,187.1447,0.0812,0.1490,1.2837
100,110,164.9972,187.1312,0.0746,0.1370,1.2520
110,110,177.0886,187.1434,0.0375,0.0623,1.2454
120,110,189.1323,187.1307,0.0145,0.0251,1.2825
130,110,201.1818,187.1056,0.0232,0.0330,1.3184
140,110,213.3848,187.1190,0.0545,0.0752,1.2251
150,110,225.7690,187.1943,0.0198,0.0233,0.9755
160,110,238.1372,187.2176,0.0346,0.0665,0.7603
170,110,250.3527,187.1511,0.0274,0.0401,0.7112
180,110,262.5323,187.1110,0.0340,0.0538,0.6931
190,110,274.7963,187.1648,0.0314,0.0609,0.5877
200,110,287.1087,187.2257,0.0165,0.0262,0.4902
210,110,299.4568,187.2519,0.0007,0.0010,0.4925
220,110,311.8409,187.2529,0.0290,0.0549,0.6211
230,110,324.2208,187.3078,0.0430,0.0638,0.7799
240,110,336.4995,187.3716,0.0812,0.1087,0.9023
250,110,348.6010,187.4803,0.0939,0.1348,0.8901
260,110,360.6683,187.6152,0.1083,0.1861,0.8469
270,110,372.9160,187.8012,0.1000,0.1918,0.9400
280,110,385.2599,187.9930,0.0139,0.0232,1.1363
290,110,397.5096,188.0162,0.0341,0.0672,1.2791
300,110,409.6807,187.9489,0.0255,0.0348,1.3665
310,110,421.9408,187.9141,0.0239,0.0254,1.5253
320,110,434.2415,187.9395,0.0313,0.0461,1.7090
330,110,446.3604,187.9856,0.0268,0.0452,1.7415
340,110,458.2931,188.0307,0.0367,0.0719,1.6220
350,110,470.2530,188.1027,0.0481,0.0886,1.5211
360,110,482.2971,188.1913,0.0818,0.1452,1.4873
370,110,494.2638,188.3365,0.1220,0.2257,1.3857
380,110,506.0837,188.5622,0.0961,0.1874,1.1672
390,110,517.8544,188.7496,0.0524,0.1045,0.9253
400,110,529.6506,188.8541,0.0602,0.1109,0.7101
410,110,541.4395,188.9651,0.0770,0.1428,0.5144
420,110,553.1953,189.1078,0.0644,0.1212,0.3926
430,110,564.8967,189.2290,0.0499,0.0769,0.4425
440,110,576.5121,189.3059,0.0500,0.0842,0.6901
450,110,587.9651,189.3901,0.0710,0.1349,1.1487
460,110,599.3096,189.5251,0.0156,0.0156,1.7422
0,120,46.3834,199.5998,0.0512,0.0799,0.7328
10,120,57.7452,199.5199,0.0687,0.0717,0.3384
20,120,69.3857,199.4541,0.0259,0.0467,0.4450
30,120,81.3022,199.4074,0.0520,0.0956,0.5323
40,120,93.1793,199.3990,0.0311,0.0355,0.6820
50,120,104.9709,199.4257,0.0606,0.1091,0.9140
60,120,116.8170,199.4378,0.0365,0.0557,1.1021
70,120,128.7390,199.4206,0.0761,0.1295,1.2277
80,120,140.6909,199.3978,0.1187,0.2061,1.3309
90,120,152.7231,199.3666,0.1033,0.2029,1.3700
100,120,164.8602,199.3703,0.0954,0.1520,1.3228
110,120,177.0264,199.4091,0.0248,0.0450,1.2502
120,120,189.1362,199.4137,0.0181,0.0183,1.2264
130,120,201.2148,199.3954,0.0247,0.0324,1.2316
140,120,213.4185,199.4277,0.0596,0.1156,1.1296
150,120,225.7853,199.5433,0.0359,0.0646,0.8844
160,120,238.1345,199.6079,0.0277,0.0431,0.6592
170,120,250.3381,199.5648,0.0343,0.0472,0.5714
180,120,262.5180,199.5176,0.0327,0.0572,0.5188
190,120,274.7945,199.5258,0.0258,0.0348,0.3953
200,120,287.1155,199.5426,0.0114,0.0130,0.2934
210,120,299.4563,199.5524,0.0119,0.0167,0.3233
220,120,311.8378,199.5452,0.0406,0.0461,0.5020
230,120,324.2429,199.5803,0.0249,0.0369,0.7267
240,120,336.5531,199.6172,0.0698,0.0952,0.9015
250,120,348.6541,199.7124,0.0863,0.1297,0.9028
260,120,360.6988,199.8421,0.1112,0.1881,0.8540
270,120,372.9242,200.0303,0.1131,0.1938,0.9508
280,120,385.2552,200.2240,0.0294,0.0404,1.1544
290,120,397.5106,200.2424,0.0550,0.0665,1.3009
300,120,409.6969,200.1759,0.0374,0.0603,1.3931
310,120,421.9631,200.1615,0.0548,0.0644,1.5518
320,120,434.2582,200.2258,0.0419,0.0824,1.7294
330,120,446.3687,200.3082,0.0397,0.0631,1.7543
340,120,458.2946,200.3713,0.0316,0.0554,1.6275
350,120,470.2455,200.4267,0.0248,0.0413,1.5219
360,120,482.2787,200.4680,0.0695,0.1026,1.4846
370,120,494.2455,200.5706,0.1256,0.2040,1.3918
380,120,506.0789,200.7745,0.0845,0.1677,1.1978
390,120,517.8546,200.9422,0.0471,0.0700,0.9713
400,120,529.6412,201.0122,0.0540,0.0804,0.7492
410,120,541.4283,201.0926,0.0881,0.1270,0.5501
420,120,553.2029,201.2196,0.0650,0.1170,0.4311
430,120,564.9196,201.3366,0.0493,0.0832,0.4527
440,120,576.5278,201.4198,0.0539,0.1003,0.6801
450,120,587.9722,201.5201,0.0934,0.1521,1.1382
460,120,599.3252,201.6722,0.0563,0.0563,1.7243
0,130,46.3610,211.7664,0.0290,0.0570,0.7838
10,130,57.8169,211.7094,0.0609,0.1168,0.4366
20,130,69.3907,211.5926,0.0786,0.1161,0.4506
30,130,81.2067,211.4764,0.0510,0.0858,0.5795
40,130,93.1438,211.4602,0.0596,0.0681,0.6819
50,130,105.0800,211.5114,0.0406,0.0666,0.7993
60,130,116.8728,211.5779,0.0497,0.0660,1.0361
70,130,128.6095,211.6439,0.0642,0.0950,1.3190
80,130,140.4848,211.6774,0.0606,0.0995,1.4849
90,130,152.5203,211.6991,0.0399,0.0617,1.5183
100,130,164.7083,211.7172,0.0220,0.0338,1.4260
110,130,176.9814,211.7275,0.0109,0.0159,1.2630
120,130,189.1542,211.7334,0.0023,0.0028,1.1826
130,130,201.2319,211.7361,0.0253,0.0422,1.1812
140,130,213.4221,211.7784,0.0389,0.0710,1.0886
150,130,225.7781,211.8493,0.0344,0.0597,0.8608
160,130,238.1220,211.9090,0.0191,0.0261,0.6441
170,130,250.3595,211.9212,0.0132,0.0244,0.5103
180,130,262.5752,211.9232,0.0159,0.0221,0.3934
190,130,274.8293,211.9011,0.0071,0.0105,0.2459
200,130,287.1285,211.9116,0.0139,0.0243,0.0724
210,130,299.4396,211.9359,0.0203,0.0394,0.1395
220,130,311.7917,211.9753,0.0212,0.0305,0.3607
230,130,324.2300,211.9872,0.0533,0.0773,0.6595
240,130,336.5975,212.0165,0.0625,0.0982,0.8988
250,130,348.6970,212.0432,0.0647,0.0752,0.9175
260,130,360.7331,212.0974,0.0572,0.0914,0.8817
270,130,372.9567,212.1888,0.0315,0.0593,0.9991
280,130,385.2957,212.2481,0.0092,0.0152,1.2144
290,130,397.5541,212.2633,0.0231,0.0247,1.3642
300,130,409.7573,212.2385,0.0290,0.0304,1.4703
310,130,422.0084,212.2690,0.0672,0.1078,1.6138
320,130,434.2567,212.3768,0.0844,0.1383,1.7518
330,130,446.3524,212.5150,0.0994,0.1464,1.7658
340,130,458.3024,212.6614,0.0859,0.0961,1.6636
350,130,470.2538,212.7575,0.0569,0.0637,1.5630
360,130,482.2423,212.8076,0.0448,0.0598,1.4902
370,130,494.1982,212.8674,0.0499,0.0698,1.3918
380,130,506.0802,212.9372,0.0781,0.0849,1.2350
390,130,517.8789,213.0221,0.0894,0.0934,1.0164
400,130,529.6135,213.1074,0.0844,0.0928,0.7572
410,130,541.3792,213.2002,0.0777,0.1042,0.5519
420,130,553.1900,213.3044,0.0746,0.0990,0.4423
430,130,564.9351,213.4034,0.0692,0.0730,0.4355
440,130,576.5204,213.4763,0.0900,0.1003,0.6521
450,130,587.9374,213.5766,0.1230,0.1609,1.1314
460,130,599.2689,213.7375,0.1157,0.1157,1.7388
0,140,46.3620,223.8186,0.0176,0.0262,0.7904
10,140,57.8119,223.8096,0.0860,0.1040,0.4577
20,140,69.3497,223.7056,0.0971,0.1246,0.4748
30,140,81.1209,223.5809,0.0371,0.0620,0.6280
40,140,93.0757,223.5688,0.0799,0.1007,0.7159
50,140,105.0652,223.6280,0.1224,0.1728,0.7909
60,140,116.8394,223.7000,0.1069,0.1357,1.0430
70,140,128.5145,223.7782,0.0423,0.0584,1.3772
80,140,140.3853,223.8366,0.0613,0.0630,1.5491
90,140,152.4586,223.8962,0.0894,0.1452,1.5556
100,140,164.6745,223.9299,0.0635,0.1268,1.4422
110,140,176.9655,223.9299,0.0060,0.0115,1.2629
120,140,189.1524,223.9415,0.0339,0.0478,1.1701
130,140,201.2402,223.9614,0.0246,0.0369,1.1596
140,140,213.4289,223.9983,0.0359,0.0434,1.0687
150,140,225.7690,224.0267,0.0195,0.0353,0.8534
160,140,238.0960,224.0620,0.0396,0.0539,0.6511
170,140,250.3351,224.0874,0.0572,0.0817,0.5191
180,140,262.5655,224.1202,0.0513,0.0958,0.3972
190,140,274.8256,224.1134,0.0460,0.0579,0.2428
200,140,287.1320,224.1476,0.0334,0.0517,0.0985
210,140,299.4409,224.1993,0.0526,0.0694,0.1879
220,140,311.7611,224.2686,0.0249,0.0398,0.3798
230,140,324.1527,224.2786,0.0734,0.1179,0.6260
240,140,336.4993,224.3075,0.1519,0.2856,0.8450
250,140,348.6218,224.3258,0.1141,0.1890,0.8798
260,140,360.7102,224.3650,0.0419,0.0520,0.8882
270,140,372.9605,224.4170,0.0065,0.0093,1.0311
280,140,385.2924,224.4206,0.0395,0.0748,1.2390
290,140,397.5327,224.4248,0.0618,0.1097,1.3723
300,140,409.7296,224.4108,0.0839,0.1289,1.4707
310,140,421.9819,224.4498,0.1085,0.1110,1.6149
320,140,434.2260,224.5558,0.1051,0.1411,1.7524
330,140,446.3000,224.6970,0.1306,0.1637,1.7524
340,140,458.2267,224.8607,0.1441,0.1796,1.6376
350,140,470.1900,224.9694,0.1013,0.1550,1.5523
360,140,482.2126,225.0169,0.0145,0.0209,1.5081
370,140,494.1681,225.0378,0.0147,0.0175,1.4054
380,140,506.0089,225.0260,0.0926,0.1545,1.2043
390,140,517.7855,225.0567,0.1648,0.2456,0.9582
400,140,529.5375,225.1408,0.1005,0.1077,0.7093
410,140,541.3279,225.2341,0.0451,0.0780,0.5168
420,140,553.1397,225.3121,0.0766,0.0826,0.3834
430,140,564.8696,225.3826,0.1088,0.1668,0.3584
440,140,576.4407,225.4333,0.1179,0.1582,0.6167
450,140,587.8524,225.5110,0.1399,0.1487,1.1237
460,140,599.1532,225.6421,0.1396,0.1396,1.7602
0,150,46.3357,235.7373,0.0469,0.0563,0.7203
10,150,57.7439,235.7936,0.0264,0.0351,0.3738
20,150,69.2802,235.7759,0.0295,0.0518,0.4926
30,150,81.0589,235.7241,0.0105,0.0178,0.6690
40,150,92.9750,235.7273,0.0387,0.0520,0.7866
50,150,104.8924,235.7793,0.0579,0.0942,0.9178
60,150,116.7037,235.8010,0.0392,0.0695,1.1306
70,150,128.4883,235.7921,0.0353,0.0397,1.3647
80,150,140.4483,235.8317,0.0994,0.1172,1.4618
90,150,152.6038,235.9133,0.1055,0.1570,1.4027
100,150,164.8013,235.9672,0.0661,0.1169,1.3066
110,150,176.9650,235.9826,0.0259,0.0302,1.2334
120,150,189.1046,236.0128,0.0407,0.0558,1.1819
130,150,201.2525,236.0686,0.0190,0.0299,1.1270
140,150,213.4723,236.0985,0.0078,0.0152,1.0101
150,150,225.7652,236.0980,0.0088,0.0121,0.8291
160,150,238.0421,236.0924,0.0148,0.0157,0.6604
170,150,250.2534,236.1081,0.0354,0.0561,0.5482
180,150,262.4697,236.1229,0.0685,0.0806,0.4319
190,150,274.7677,236.1793,0.0535,0.0571,0.2585
200,150,287.1169,236.2364,0.0428,0.0793,0.1020
210,150,299.4767,236.3158,0.0439,0.0573,0.2516
220,150,311.8009,236.3731,0.0267,0.0276,0.4426
230,150,324.0349,236.3989,0.0415,0.0611,0.5630
240,150,336.2137,236.4207,0.1196,0.1456,0.6412
250,150,348.4328,236.5143,0.1082,0.1273,0.7644
260,150,360.6783,236.6416,0.0485,0.0932,0.9160
270,150,372.9511,236.7347,0.0338,0.0586,1.0830
280,150,385.2176,236.7933,0.0187,0.0328,1.2378
290,150,397.4230,236.7887,0.0456,0.0681,1.3328
300,150,409.6007,236.7657,0.0514,0.0991,1.4052
310,150,421.8709,236.7694,0.0780,0.1141,1.5590
320,150,434.1569,236.8113,0.0977,0.1159,1.7303
330,150,446.2025,236.8909,0.1130,0.1400,1.7072
340,150,458.0471,236.9768,0.1201,0.1743,1.5211
350,150,470.0350,237.0428,0.0875,0.1418,1.4511
360,150,482.2044,237.0760,0.0243,0.0434,1.5244
370,150,494.1855,237.0709,0.0178,0.0198,1.4391
380,150,505.8544,237.0511,0.0586,0.1033,1.0967
390,150,517.5399,237.0651,0.1138,0.1519,0.7729
400,150,529.4299,237.1407,0.0770,0.0797,0.6288
410,150,541.3156,237.2149,0.0369,0.0386,0.4900
420,150,553.0571,237.2501,0.0588,0.0917,0.2633
430,150,564.7028,237.2761,0.0966,0.1519,0.2749
440,150,576.2825,237.3174,0.1018,0.1561,0.6376
450,150,587.7037,237.3649,0.1018,0.1475,1.1684
460,150,599.0136,237.4211,0.1867,0.1867,1.7998
0,160,46.3731,247.7106,0.0749,0.1063,0.7347
10,160,57.7088,247.8168,0.0517,0.0663,0.3275
20,160,69.2730,247.8538,0.0524,0.0948,0.4761
30,160,81.0767,247.8437,0.0865,0.1564,0.6442
40,160,92.9495,247.8602,0.0799,0.1128,0.7946
50,160,104.7983,247.9072,0.0147,0.0221,0.9778
60,160,116.6342,247.9000,0.0427,0.0561,1.1641
70,160,128.5193,247.8439,0.0646,0.1154,1.3102
80,160,140.5655,247.8576,0.1061,0.1348,1.3344
90,160,152.7608,247.9351,0.0744,0.0789,1.2411
100,160,164.9182,248.0139,0.0449,0.0635,1.1806
110,160,176.9867,248.0774,0.0449,0.0702,1.1916
120,160,189.0790,248.1476,0.0411,0.0804,1.1846
130,160,201.2444,248.2280,0.0241,0.0266,1.1210
140,160,213.4875,248.2546,0.0105,0.0135,0.9858
150,160,225.7772,248.2471,0.0211,0.0330,0.8063
160,160,238.0280,248.2379,0.0394,0.0431,0.6576
170,160,250.1973,248.2735,0.0077,0.0152,0.5838
180,160,262.3891,248.2887,0.0488,0.0746,0.4878
190,160,274.7178,248.3634,0.0300,0.0446,0.3108
200,160,287.1107,248.4079,0.0457,0.0785,0.1761
210,160,299.5071,248.4865,0.0282,0.0460,0.3371
220,160,311.8284,248.5324,0.0187,0.0274,0.5129
230,160,323.9738,248.5599,0.0211,0.0259,0.5601
240,160,336.0681,248.5762,0.1112,0.1287,0.5660
250,160,348.3436,248.7048,0.1210,0.1658,0.7444
260,160,360.6744,248.8707,0.0835,0.1074,0.9768
270,160,372.9602,248.9781,0.0596,0.0826,1.1572
280,160,385.1848,249.0607,0.0082,0.0156,1.2829
290,160,397.3549,249.0614,0.0088,0.0148,1.3440
300,160,409.5016,249.0466,0.0075,0.0088,1.3852
310,160,421.7568,249.0403,0.0322,0.0572,1.5181
320,160,434.0410,249.0475,0.1083,0.1846,1.6798
330,160,446.0625,249.0794,0.1135,0.2003,1.6324
340,160,457.8729,249.1061,0.0577,0.0923,1.4127
350,160,469.8932,249.1292,0.0295,0.0480,1.3629
360,160,482.1610,249.1402,0.0662,0.1137,1.5130
370,160,494.1696,249.1216,0.0704,0.1199,1.4487
380,160,505.7511,249.1006,0.0024,0.0045,1.0345
390,160,517.3879,249.1002,0.0549,0.0563,0.6684
400,160,529.3502,249.1538,0.0394,0.0419,0.5765
410,160,541.2770,249.1957,0.0519,0.0995,0.4555
420,160,552.9653,249.1915,0.0470,0.0911,0.1465
430,160,564.5508,249.1887,0.0597,0.0814,0.2988
440,160,576.1264,249.2267,0.0736,0.1169,0.7117
450,160,587.5562,249.2569,0.0892,0.1699,1.2473
460,160,598.8269,249.2654,0.1747,0.1747,1.9150
0,170,46.4167,259.7862,0.0841,0.1130,0.7921
10,170,57.7752,259.8992,0.0226,0.0420,0.3559
20,170,69.3677,259.9412,0.0370,0.0614,0.4089
30,170,81.2331,259.9286,0.0860,0.1590,0.5098
40,170,93.0623,259.9416,0.1035,0.1699,0.6827
50,170,104.8204,259.9786,0.0791,0.1319,0.9327
60,170,116.6636,260.0049,0.0629,0.1152,1.1186
70,170,128.6347,260.0154,0.0562,0.1067,1.2005
80,170,140.7003,260.0211,0.0494,0.0739,1.2058
90,170,152.8307,260.0461,0.0676,0.1032,1.1611
100,170,164.9445,260.1493,0.0909,0.1658,1.1413
110,170,177.0062,260.3152,0.0731,0.1248,1.1797
120,170,189.0808,260.4399,0.0394,0.0549,1.2042
130,170,201.2229,260.4948,0.0157,0.0172,1.1587
140,170,213.4739,260.5120,0.0092,0.0108,1.0188
150,170,225.8102,260.5197,0.0417,0.0457,0.8134
160,170,238.0712,260.5655,0.0666,0.0885,0.6845
170,170,250.1973,260.6540,0.0416,0.0813,0.6753
180,170,262.3662,260.7353,0.0128,0.0251,0.6409
190,170,274.7025,260.7357,0.0096,0.0135,0.4816
200,170,287.1235,260.7415,0.0204,0.0390,0.3880
210,170,299.5175,260.7805,0.0255,0.0507,0.4884
220,170,311.8185,260.8312,0.0135,0.0205,0.6246
230,170,323.9997,260.8517,0.0316,0.0372,0.6838
240,170,336.1618,260.8776,0.0735,0.0752,0.7368
250,170,348.4197,260.9494,0.0771,0.0878,0.8805
260,170,360.7340,261.0372,0.0449,0.0541,1.0744
270,170,372.9969,261.0913,0.0159,0.0169,1.2201
280,170,385.2004,261.1063,0.0356,0.0475,1.3106
290,170,397.3578,261.1300,0.0362,0.0438,1.3687
300,170,409.5104,261.1585,0.0251,0.0273,1.4249
310,170,421.6996,261.1858,0.0476,0.0607,1.5107
320,170,433.8564,261.2202,0.0867,0.1418,1.5725
330,170,445.8622,261.2518,0.0903,0.1554,1.5127
340,170,457.7806,261.2769,0.0580,0.1038,1.3816
350,170,469.8452,261.2890,0.0523,0.0923,1.3648
360,170,482.0473,261.2768,0.0756,0.1259,1.4550
370,170,494.0497,261.2516,0.0669,0.1110,1.3833
380,170,505.7466,261.2288,0.0240,0.0373,1.0634
390,170,517.4442,261.2181,0.0049,0.0084,0.7461
400,170,529.3134,261.2166,0.0403,0.0763,0.5696
410,170,541.1775,261.2123,0.0687,0.1240,0.3887
420,170,552.8742,261.1988,0.0586,0.1051,0.0726
430,170,564.4694,261.1867,0.0520,0.0670,0.3346
440,170,576.0095,261.2237,0.0459,0.0624,0.7800
450,170,587.3863,261.2532,0.0423,0.0831,1.3608
460,170,598.6522,261.2517,0.1507,0.1507,2.0338
0,180,46.4718,271.7719,0.0924,0.1508,0.8402
10,180,57.7721,271.9227,0.0285,0.0522,0.3266
20,180,69.4291,271.9750,0.0083,0.0085,0.3335
30,180,81.3920,271.9665,0.0250,0.0254,0.3632
40,180,93.2322,271.9919,0.0922,0.1309,0.5201
50,180,104.9523,272.0454,0.1591,0.2496,0.7997
60,180,116.7787,272.1140,0.1356,0.1974,1.0062
70,180,128.7414,272.1878,0.0376,0.0415,1.1057
80,180,140.7742,272.2215,0.0167,0.0174,1.1406
90,180,152.8627,272.2389,0.0640,0.1178,1.1275
100,180,164.9603,272.3567,0.1185,0.2093,1.1293
110,180,177.0276,272.5660,0.0860,0.1330,1.1867
120,180,189.1047,272.6990,0.0392,0.0576,1.2202
130,180,201.2371,272.7198,0.0426,0.0836,1.1729
140,180,213.4847,272.7183,0.0423,0.0815,1.0328
150,180,225.8479,272.7214,0.0433,0.0732,0.8161
160,180,238.1158,272.7946,0.0832,0.1259,0.7124
170,180,250.1992,272.9204,0.0799,0.1340,0.7607
180,180,262.3411,273.0544,0.0265,0.0415,0.7888
190,180,274.6890,273.0129,0.0188,0.0280,0.6220
200,180,287.1252,273.0032,0.0347,0.0386,0.5407
210,180,299.5173,273.0340,0.0485,0.0747,0.6215
220,180,311.8250,273.1086,0.0214,0.0334,0.7599
230,180,324.0369,273.1421,0.0230,0.0327,0.8354
240,180,336.2370,273.1748,0.0282,0.0286,0.9100
250,180,348.4861,273.2034,0.0256,0.0312,1.0217
260,180,360.7697,273.2234,0.0347,0.0651,1.1625
270,180,372.9800,273.2277,0.0746,0.1202,1.2493
280,180,385.1529,273.1987,0.1121,0.1888,1.3018
290,180,397.3140,273.2340,0.1040,0.1610,1.3655
300,180,409.4874,273.2810,0.0604,0.0872,1.4423
310,180,421.6389,273.3146,0.0558,0.0749,1.4987
320,180,433.7146,273.3514,0.0676,0.1036,1.4960
330,180,445.7068,273.3829,0.0735,0.1093,1.4258
340,180,457.6768,273.4206,0.0589,0.0935,1.3398
350,180,469.7528,273.4449,0.0612,0.1105,1.3341
360,180,481.9213,273.4330,0.0976,0.1692,1.3939
370,180,493.9388,273.4071,0.1018,0.1757,1.3318
380,180,505.7094,273.3791,0.0593,0.1004,1.0711
390,180,517.4359,273.3610,0.0515,0.0858,0.7770
400,180,529.2371,273.3438,0.0942,0.1769,0.5434
410,180,541.0535,273.3324,0.1207,0.2379,0.3240
420,180,552.7691,273.3289,0.0874,0.1385,0.0734
430,180,564.4025,273.2926,0.0187,0.0355,0.3635
440,180,575.9471,273.2945,0.0312,0.0485,0.8054
450,180,587.3032,273.2807,0.0699,0.0993,1.4044
460,180,598.5015,273.2402,0.0881,0.0881,2.1354
0,190,46.4377,283.5990,0.1550,0.1997,0.8187
10,190,57.7768,283.7986,0.0753,0.1226,0.2322
20,190,69.4372,283.9213,0.0414,0.0450,0.2236
30,190,81.4167,283.9662,0.0445,0.0537,0.2843
40,190,93.3631,284.0200,0.0848,0.0893,0.3810
50,190,105.2019,284.1093,0.1339,0.1795,0.5765
60,190,116.9762,284.1977,0.1237,0.1623,0.8256
70,190,128.7830,284.2828,0.0755,0.0979,1.0508
80,190,140.7582,284.3806,0.0628,0.1107,1.1464
90,190,152.8729,284.4914,0.0774,0.1163,1.1376
100,190,164.9879,284.6077,0.0787,0.1125,1.1342
110,190,177.0665,284.7201,0.0585,0.0726,1.1603
120,190,189.1624,284.7928,0.0377,0.0630,1.1601
130,190,201.3207,284.8052,0.0525,0.0872,1.0909
140,190,213.5662,284.7874,0.0471,0.0726,0.9471
150,190,225.8613,284.7659,0.0240,0.0384,0.7686
160,190,238.0753,284.8043,0.0781,0.1195,0.6785
170,190,250.1734,284.9238,0.0731,0.0993,0.7109
180,190,262.3296,285.0230,0.0407,0.0421,0.7048
190,190,274.6610,285.0625,0.0288,0.0359,0.5975
200,190,287.0866,285.0843,0.0565,0.0699,0.5411
210,190,299.4951,285.1541,0.0690,0.0955,0.6542
220,190,311.8155,285.2496,0.0638,0.0898,0.8100
230,190,324.0236,285.3394,0.0673,0.0695,0.9134
240,190,336.2093,285.4089,0.0591,0.0906,0.9944
250,190,348.4549,285.4364,0.0422,0.0781,1.0940
260,190,360.7047,285.4427,0.0442,0.0745,1.1950
270,190,372.8597,285.4567,0.0704,0.1161,1.2386
280,190,384.9641,285.4815,0.1052,0.1866,1.2513
290,190,397.1530,285.5053,0.0942,0.1761,1.3264
300,190,409.4003,285.5177,0.0697,0.1200,1.4442
310,190,421.5640,285.4983,0.0686,0.0996,1.4921
320,190,433.6110,285.4607,0.0482,0.0962,1.4466
330,190,445.5975,285.4610,0.0625,0.0807,1.3643
340,190,457.5833,285.5052,0.0595,0.0764,1.2927
350,190,469.6423,285.5478,0.0636,0.1088,1.2784
360,190,481.7521,285.5663,0.0889,0.1596,1.2975
370,190,493.7630,285.5480,0.1118,0.1744,1.2299
380,190,505.6089,285.4988,0.0822,0.1352,1.0246
390,190,517.3500,285.4696,0.0757,0.1279,0.7408
400,190,529.0601,285.4932,0.1217,0.2020,0.4530
410,190,540.8156,285.5346,0.1359,0.2593,0.2499
420,190,552.6306,285.5471,0.1065,0.1807,0.2054
430,190,564.3670,285.5148,0.1185,0.1336,0.3879
440,190,575.8986,285.3812,0.1405,0.1530,0.8189
450,190,587.2039,285.2281,0.1124,0.1389,1.4691
460,190,598.4135,285.1423,0.2026,0.2026,2.1956
0,200,46.5481,295.4329,0.2416,0.2608,0.9639
10,200,57.8048,295.6937,0.2555,0.3449,0.2602
20,200,69.4751,295.8598,0.1360,0.1993,0.1000
30,200,81.4520,295.9326,0.0442,0.0608,0.1859
40,200,93.4433,295.9933,0.0607,0.1055,0.2582
50,200,105.3814,296.0988,0.0609,0.1128,0.3861
60,200,117.1384,296.2116,0.0941,0.1264,0.6558
70,200,128.8362,296.3380,0.1585,0.1644,0.9774
80,200,140.7731,296.5024,0.1587,0.1713,1.1212
90,200,152.9114,296.6737,0.0861,0.0924,1.1186
100,200,165.0329,296.7661,0.0311,0.0399,1.1071
110,200,177.1109,296.7884,0.0277,0.0295,1.1000
120,200,189.2253,296.8143,0.0324,0.0423,1.0679
130,200,201.4079,296.8369,0.0388,0.0665,0.9855
140,200,213.6388,296.8481,0.0328,0.0582,0.8654
150,200,225.8710,296.8407,0.0111,0.0222,0.7381
160,200,238.0385,296.8629,0.0861,0.1203,0.6703
170,200,250.1264,296.9831,0.0553,0.0699,0.7080
180,200,262.2875,297.0531,0.0514,0.0844,0.6783
190,200,274.6251,297.1375,0.0278,0.0328,0.5950
200,200,287.0436,297.1703,0.0619,0.0909,0.5453
210,200,299.4525,297.2612,0.0800,0.0984,0.6694
220,200,311.7777,297.3596,0.1093,0.1198,0.8258
230,200,323.9585,297.4794,0.1037,0.1069,0.9311
240,200,336.1187,297.5863,0.0631,0.0877,1.0175
250,200,348.3768,297.6248,0.0428,0.0717,1.1220
260,200,360.6302,297.6388,0.0434,0.0499,1.2204
270,200,372.7436,297.6757,0.0552,0.0676,1.2423
280,200,384.7775,297.7433,0.0274,0.0363,1.2265
290,200,396.9769,297.7617,0.0527,0.0945,1.2971
300,200,409.2802,297.7507,0.1132,0.1649,1.4339
310,200,421.4644,297.6894,0.1298,0.1582,1.4749
320,200,433.5148,297.5880,0.0706,0.1048,1.4093
330,200,445.5169,297.5515,0.0468,0.0593,1.3288
340,200,457.5069,297.5858,0.0375,0.0430,1.2582
350,200,469.5334,297.6288,0.0479,0.0601,1.2188
360,200,481.5926,297.6645,0.0745,0.1394,1.2027
370,200,493.5887,297.6548,0.1227,0.1746,1.1248
380,200,505.4737,297.5840,0.1050,0.1502,0.9440
390,200,517.2221,297.5243,0.0759,0.1360,0.6588
400,200,528.8582,297.5401,0.1036,0.1542,0.3183
410,200,540.5563,297.5931,0.0885,0.1688,0.2004
420,200,552.4500,297.6014,0.1075,0.2136,0.2653
430,200,564.2635,297.6000,0.2365,0.2554,0.4455
440,200,575.7707,297.3823,0.2576,0.2821,0.9018
450,200,587.0650,297.1492,0.2377,0.3518,1.5772
460,200,598.2109,297.0256,0.3073,0.3073,2.3607
0,210,46.7704,307.4258,0.2556,0.2728,1.1857
10,210,58.1497,307.6643,0.2213,0.2696,0.5844
20,210,69.6743,307.8373,0.1267,0.1783,0.1131
30,210,81.4795,307.9124,0.0325,0.0429,0.1162
40,210,93.4274,307.9344,0.0269,0.0392,0.2244
50,210,105.3723,307.9736,0.0936,0.1732,0.3346
60,210,117.2002,308.1468,0.1526,0.2596,0.5500
70,210,128.9888,308.4064,0.1691,0.2054,0.8292
80,210,140.9192,308.6118,0.1366,0.1517,0.9942
90,210,152.9910,308.7333,0.0799,0.1057,1.0287
100,210,165.0728,308.7875,0.0280,0.0480,1.0316
110,210,177.1404,308.7955,0.0182,0.0324,1.0268
120,210,189.2676,308.8279,0.0431,0.0807,0.9877
130,210,201.4744,308.9086,0.0699,0.0945,0.9125
140,210,213.6970,309.0031,0.0849,0.1056,0.8424
150,210,225.8710,309.1086,0.0674,0.1033,0.8211
160,210,237.9865,309.2119,0.0508,0.0958,0.8394
170,210,250.0858,309.3077,0.0409,0.0706,0.8645
180,210,262.2691,309.3784,0.0274,0.0374,0.8366
190,210,274.6022,309.4158,0.0179,0.0197,0.7470
200,210,287.0107,309.4355,0.0243,0.0244,0.6981
210,210,299.3911,309.4599,0.0519,0.0547,0.7466
220,210,311.6788,309.5090,0.0868,0.0940,0.8380
230,210,323.8578,309.6030,0.0954,0.0967,0.9231
240,210,336.0310,309.6997,0.0816,0.1059,1.0084
250,210,348.3051,309.7570,0.0525,0.0772,1.1280
260,210,360.5803,309.7848,0.0295,0.0320,1.2424
270,210,372.7009,309.8118,0.0304,0.0318,1.2630
280,210,384.7412,309.8436,0.0344,0.0410,1.2341
290,210,396.8825,309.8713,0.0499,0.0937,1.2692
300,210,409.1153,309.8773,0.1005,0.1596,1.3588
310,210,421.3062,309.8359,0.1172,0.1621,1.4054
320,210,433.4100,309.7635,0.0828,0.1128,1.3834
330,210,445.4576,309.7108,0.0437,0.0704,1.3301
340,210,457.4749,309.6938,0.0319,0.0528,1.2661
350,210,469.4733,309.7048,0.0481,0.0771,1.1959
360,210,481.4532,309.7239,0.0765,0.1422,1.1136
370,210,493.4141,309.7132,0.1209,0.1869,1.0079
380,210,505.3235,309.6582,0.1358,0.1763,0.8496
390,210,517.0861,309.5629,0.1325,0.1459,0.5664
400,210,528.7040,309.4438,0.1124,0.1519,0.1639
410,210,540.3876,309.3709,0.0948,0.1804,0.1763
420,210,552.2363,309.3802,0.1149,0.2113,0.3662
430,210,564.0081,309.3616,0.1739,0.2534,0.6243
440,210,575.4886,309.2672,0.2192,0.2870,1.1314
450,210,586.7132,309.1158,0.2159,0.2920,1.8556
460,210,597.9036,308.9760,0.3063,0.3063,2.6054
0,220,47.0432,319.4385,0.1562,0.2298,1.4440
10,220,58.4192,319.6683,0.1171,0.1672,0.8419
20,220,69.8526,319.8355,0.0878,0.0923,0.2993
30,220,81.5225,319.9279,0.0676,0.1077,0.0747
40,220,93.4128,319.9553,0.0411,0.0768,0.2186
50,220,105.3582,319.9500,0.1319,0.2182,0.3347
60,220,117.2458,320.1682,0.1957,0.3337,0.4796
70,220,129.1214,320.5019,0.1438,0.1967,0.7075
80,220,141.0710,320.6986,0.0923,0.1107,0.8611
90,220,153.0967,320.7725,0.0760,0.0951,0.9125
100,220,165.1208,320.8294,0.0426,0.0435,0.9584
110,220,177.1444,320.8711,0.0438,0.0716,0.9987
120,220,189.2731,320.9427,0.0857,0.1464,0.9746
130,220,201.5197,321.0891,0.0911,0.1569,0.9098
140,220,213.7612,321.2460,0.1333,0.2000,0.8811
150,220,225.9025,321.4460,0.1205,0.1599,0.9568
160,220,237.9808,321.6059,0.0713,0.0751,1.0415
170,220,250.0748,321.6733,0.0506,0.0597,1.0547
180,220,262.2517,321.7330,0.0123,0.0188,1.0329
190,220,274.5861,321.7273,0.0058,0.0087,0.9289
200,220,286.9866,321.7302,0.0338,0.0349,0.8760
210,220,299.3363,321.6953,0.0265,0.0372,0.8597
220,220,311.5992,321.6795,0.0535,0.0602,0.8807
230,220,323.7638,321.7397,0.0647,0.0731,0.9321
240,220,335.9251,321.8129,0.0583,0.0586,0.9933
250,220,348.2279,321.8714,0.0607,0.0916,1.1226
260,220,360.5484,321.9013,0.0672,0.1239,1.2618
270,220,372.6720,321.9118,0.0552,0.1017,1.2753
280,220,384.7002,321.9030,0.0602,0.0914,1.2178
290,220,396.7888,321.9319,0.0740,0.1194,1.2189
300,220,408.9557,321.9605,0.0855,0.1589,1.2724
310,220,421.1441,321.9484,0.0958,0.1561,1.3252
320,220,433.2972,321.9130,0.0824,0.1132,1.3484
330,220,445.3871,321.8613,0.0779,0.1017,1.3238
340,220,457.4221,321.8072,0.0805,0.1376,1.2601
350,220,469.3963,321.7839,0.0816,0.1595,1.1608
360,220,481.3109,321.7801,0.0847,0.1513,1.0215
370,220,493.2271,321.7621,0.1100,0.1817,0.8792
380,220,505.1472,321.7236,0.1844,0.2640,0.7335
390,220,516.9401,321.6188,0.2456,0.2795,0.4705
400,220,528.5521,321.4072,0.1727,0.1819,0.0851
410,220,540.2072,321.2253,0.0584,0.0931,0.3784
420,220,552.0250,321.2490,0.1228,0.1946,0.5668
430,220,563.7547,321.1980,0.1475,0.2819,0.8605
440,220,575.2016,321.1849,0.1587,0.2260,1.3691
450,220,586.4212,321.0935,0.1509,0.1595,2.0843
460,220,597.5973,320.9340,0.1014,0.1014,2.8491
0,230,47.1258,331.3629,0.1842,0.2144,1.5710
10,230,58.4863,331.5773,0.1161,0.2063,0.9624
20,230,69.9358,331.7836,0.1278,0.1621,0.4306
30,230,81.6302,331.9458,0.1632,0.1712,0.1198
40,230,93.4895,332.1010,0.1631,0.1636,0.1198
50,230,105.4037,332.2637,0.1386,0.1592,0.2721
60,230,117.3034,332.4229,0.1191,0.1494,0.4467
70,230,129.2123,332.5723,0.1090,0.1353,0.6125
80,230,141.1817,332.7076,0.1107,0.1248,0.7293
90,230,153.1919,332.8323,0.1226,0.1347,0.8135
100,230,165.1643,332.9670,0.1132,0.1477,0.9294
110,230,177.1284,333.1147,0.0702,0.1378,1.0574
120,230,189.2482,333.2525,0.0772,0.1278,1.0782
130,230,201.5449,333.3803,0.0882,0.1490,0.9979
140,230,213.8277,333.5293,0.1169,0.1684,0.9724
150,230,225.9835,333.6977,0.0923,0.1166,1.0378
160,230,238.0560,333.8143,0.0535,0.0809,1.0977
170,230,250.1163,333.8404,0.0358,0.0595,1.0928
180,230,262.2705,333.8525,0.0322,0.0331,1.0470
190,230,274.5774,333.8857,0.0212,0.0253,0.9884
200,230,286.9539,333.9110,0.0119,0.0191,0.9593
210,230,299.2992,333.8919,0.0109,0.0185,0.9502
220,230,311.5524,333.8734,0.0108,0.0203,0.9584
230,230,323.7076,333.8936,0.0401,0.0453,0.9739
240,230,335.8672,333.9389,0.0640,0.0824,1.0127
250,230,348.1364,333.9845,0.0751,0.1174,1.1107
260,230,360.4244,334.0175,0.0698,0.1307,1.2253
270,230,372.5703,334.0264,0.0613,0.1189,1.2492
280,230,384.6088,334.0227,0.0572,0.1078,1.2007
290,230,396.6693,334.0293,0.0598,0.1120,1.1715
300,230,408.7968,334.0369,0.0798,0.1443,1.1862
310,230,420.9880,334.0217,0.0947,0.1541,1.2355
320,230,433.1840,333.9863,0.0881,0.1340,1.2867
330,230,445.2854,333.9442,0.0967,0.1545,1.2726
340,230,457.2845,333.9054,0.1217,0.2105,1.1857
350,230,469.2368,333.8726,0.1270,0.2223,1.0659
360,230,481.1596,333.8409,0.1141,0.1950,0.9243
370,230,493.0455,333.8078,0.1357,0.2230,0.7541
380,230,504.8832,333.7594,0.2021,0.3237,0.5427
390,230,516.6606,333.6788,0.2255,0.3508,0.2753
400,230,528.3886,333.5785,0.1562,0.2366,0.0509
410,230,540.1141,333.5026,0.0916,0.1406,0.3495
420,230,551.8304,333.4601,0.1392,0.2028,0.6569
430,230,563.4728,333.3845,0.2182,0.2706,1.0300
440,230,574.9756,333.2186,0.2089,0.2123,1.5340
450,230,586.2789,333.0063,0.1265,0.1538,2.2082
460,230,597.4959,332.8525,0.1548,0.1548,2.9378
0,240,47.2799,343.1765,0.2668,0.2843,1.7931
10,240,58.5121,343.4259,0.2643,0.2872,1.0873
20,240,70.0292,343.6673,0.2414,0.2549,0.6063
30,240,81.8014,343.8952,0.2741,0.2799,0.3118
40,240,93.6531,344.1751,0.2859,0.3341,0.0441
50,240,105.5217,344.5092,0.1353,0.1668,0.2657
60,240,117.3922,344.6130,0.0749,0.1255,0.4152
70,240,129.2950,344.5887,0.1007,0.1160,0.5040
80,240,141.2783,344.6741,0.1479,0.1775,0.5910
90,240,153.3023,344.8516,0.1621,0.2040,0.6872
100,240,165.2431,345.0556,0.1801,0.2434,0.8585
110,240,177.1310,345.2990,0.1558,0.1940,1.0863
120,240,189.2215,345.4930,0.0927,0.0936,1.1635
130,240,201.5724,345.5847,0.0699,0.1140,1.0485
140,240,213.8931,345.6987,0.0628,0.1086,1.0020
150,240,226.0514,345.8073,0.0442,0.0688,1.0302
160,240,238.1368,345.8762,0.0180,0.0263,1.0506
170,240,250.1758,345.8499,0.0381,0.0573,1.0098
180,240,262.3019,345.8309,0.0926,0.0980,0.9499
190,240,274.5946,345.9182,0.0641,0.0745,0.9427
200,240,286.9491,345.9927,0.0127,0.0200,0.9625
210,240,299.2958,345.9982,0.0104,0.0208,0.9782
220,240,311.5511,345.9982,0.0092,0.0173,1.0030
230,240,323.6728,345.9994,0.0270,0.0295,0.9913
240,240,335.7847,346.0238,0.0614,0.0946,0.9941
250,240,348.0190,346.0521,0.0860,0.1341,1.0586
260,240,360.2938,346.0899,0.0767,0.1408,1.1631
270,240,372.4513,346.1025,0.0582,0.1093,1.1938
280,240,384.5010,346.1096,0.0380,0.0602,1.1578
290,240,396.5573,346.0937,0.0385,0.0546,1.1131
300,240,408.6525,346.0713,0.0527,0.0743,1.0901
310,240,420.8339,346.0401,0.0833,0.1241,1.1233
320,240,433.0500,345.9977,0.1203,0.2050,1.1854
330,240,445.1309,345.9620,0.1373,0.2520,1.1589
340,240,457.0740,345.9394,0.1446,0.2556,1.0356
350,240,469.0145,345.9059,0.1485,0.2487,0.9065
360,240,480.9646,345.8576,0.1414,0.2437,0.7797
370,240,492.8224,345.8185,0.1663,0.2762,0.5865
380,240,504.5595,345.7621,0.2037,0.3415,0.3006
390,240,516.3098,345.6962,0.1932,0.3776,0.0837
400,240,528.1520,345.6874,0.1864,0.3517,0.2215
410,240,539.9735,345.7084,0.2001,0.3073,0.4309
420,240,551.6276,345.6155,0.1523,0.2349,0.7860
430,240,563.2022,345.5459,0.2582,0.3156,1.2111
440,240,574.7700,345.2303,0.3108,0.3452,1.6876
450,240,586.1798,344.8851,0.2877,0.3843,2.3129
460,240,597.3411,344.6941,0.3591,0.3591,3.0926
0,250,47.5641,354.9650,0.3200,0.3973,2.1322
10,250,58.7993,355.2076,0.2806,0.2861,1.4413
20,250,70.2841,355.4828,0.2691,0.2839,0.9284
30,250,82.0696,355.7372,0.2901,0.3096,0.6286
40,250,93.8907,356.0078,0.2668,0.2678,0.3430
50,250,105.6884,356.2756,0.1874,0.2083,0.0439
60,250,117.5178,356.4421,0.1390,0.1864,0.1887
70,250,129.4110,356.5338,0.1367,0.1636,0.3467
80,250,141.3967,356.6436,0.1473,0.1499,0.4393
90,250,153.4226,356.7883,0.1712,0.1818,0.5173
100,250,165.3600,356.9701,0.1951,0.2210,0.6785
110,250,177.2486,357.1911,0.1840,0.2041,0.8932
120,250,189.3151,357.3952,0.1442,0.1540,0.9868
130,250,201.5981,357.5492,0.0950,0.1191,0.9431
140,250,213.8760,357.6683,0.0419,0.0755,0.9139
150,250,226.0319,357.7438,0.0363,0.0431,0.9151
160,250,238.1271,357.7869,0.0294,0.0387,0.9124
170,250,250.2330,357.8071,0.0285,0.0309,0.8890
180,250,262.3998,357.8380,0.0673,0.0717,0.8601
190,250,274.6482,357.9008,0.0437,0.0589,0.8540
200,250,286.9691,357.9597,0.0192,0.0320,0.8744
210,250,299.3166,357.9917,0.0117,0.0168,0.9259
220,250,311.5684,358.0085,0.0211,0.0350,0.9718
230,250,323.6433,358.0158,0.0169,0.0267,0.9470
240,250,335.6902,358.0229,0.0628,0.1116,0.9101
250,250,347.8849,358.0368,0.0731,0.1244,0.9449
260,250,360.1530,358.0586,0.0754,0.1269,1.0344
270,250,372.3420,358.0825,0.0696,0.1282,1.0907
280,250,384.4408,358.0936,0.0584,0.0900,1.0875
290,250,396.5027,358.0667,0.0618,0.0753,1.0416
300,250,408.5782,358.0184,0.0538,0.0774,0.9954
310,250,420.7098,357.9881,0.0620,0.1075,1.0000
320,250,432.8450,357.9718,0.1113,0.1829,1.0178
330,250,444.8789,357.9320,0.1502,0.2386,0.9554
340,250,456.8184,357.8701,0.1550,0.2608,0.8160
350,250,468.7658,357.8209,0.1449,0.2634,0.6877
360,250,480.7209,357.7945,0.1278,0.2347,0.5729
370,250,492.5463,357.7736,0.1397,0.2337,0.3598
380,250,504.2181,357.7279,0.2045,0.3016,0.0745
390,250,515.9323,357.6205,0.2656,0.3794,0.3122
400,250,527.8002,357.4687,0.2470,0.3832,0.5250
410,250,539.6663,357.3579,0.2091,0.3688,0.7370
420,250,551.3926,357.3086,0.1816,0.3070,1.0324
430,250,563.0013,357.2523,0.2138,0.2485,1.4234
440,250,574.4936,357.0733,0.3018,0.3220,1.9411
450,250,585.7955,356.7916,0.3576,0.4116,2.6363
460,250,596.9820,356.4881,0.4772,0.4772,3.4272
0,260,47.9614,366.6906,0.2613,0.2893,2.5832
10,260,59.0854,366.9799,0.3154,0.3211,1.8021
20,260,70.5680,367.2896,0.2441,0.2501,1.2741
30,260,82.3792,367.5396,0.1722,0.2070,0.9930
40,260,94.1566,367.7466,0.1670,0.1801,0.7154
50,260,105.8967,367.9005,0.2576,0.2733,0.4672
60,260,117.7042,368.1423,0.2821,0.2886,0.2384
70,260,129.5746,368.4180,0.2145,0.2549,0.1694
80,260,141.5466,368.5922,0.1474,0.2009,0.2607
90,260,153.5832,368.6861,0.1299,0.1457,0.3073
100,260,165.5291,368.8002,0.1504,0.1548,0.4319
110,260,177.4125,368.9550,0.1920,0.1962,0.6180
120,260,189.4496,369.1512,0.2085,0.2306,0.7120
130,260,201.6691,369.3818,0.1426,0.1547,0.7296
140,260,213.8844,369.5365,0.0693,0.0784,0.7427
150,260,226.0023,369.5966,0.0459,0.0515,0.7420
160,260,238.0885,369.6368,0.0633,0.0926,0.7391
170,260,250.2591,369.7294,0.0588,0.0911,0.7500
180,260,262.4716,369.8205,0.0507,0.0685,0.7628
190,260,274.6768,369.8534,0.0354,0.0411,0.7455
200,260,286.9627,369.8830,0.0383,0.0485,0.7501
210,260,299.3232,369.9315,0.0476,0.0565,0.8335
220,260,311.6034,369.9702,0.0576,0.0884,0.9204
230,260,323.6166,369.9970,0.0173,0.0345,0.8804
240,260,335.5786,369.9972,0.0094,0.0160,0.8015
250,260,347.7604,370.0000,0.0246,0.0469,0.8219
260,260,360.0261,369.9977,0.0876,0.1407,0.8962
270,260,372.2138,370.0321,0.1127,0.2029,0.9596
280,260,384.3508,370.0546,0.1400,0.2433,0.9878
290,260,396.4274,370.0179,0.1413,0.2015,0.9487
300,260,408.5008,369.9368,0.0775,0.1253,0.8912
310,260,420.6023,369.9072,0.0535,0.0907,0.8809
320,260,432.6621,369.9234,0.0700,0.0901,0.8585
330,260,444.6404,369.8736,0.1250,0.1334,0.7525
340,260,456.5576,369.7569,0.1332,0.1989,0.5830
350,260,468.5024,369.6894,0.1140,0.2279,0.4552
360,260,480.4862,369.6894,0.1200,0.2277,0.3731
370,260,492.3126,369.6771,0.1253,0.2020,0.1622
380,260,503.9164,369.6286,0.1601,0.1670,0.2420
390,260,515.5529,369.4616,0.2635,0.3555,0.6447
400,260,527.4170,369.1060,0.3031,0.3272,0.9624
410,260,539.2974,368.8271,0.2190,0.4286,1.2564
420,260,551.0856,368.8365,0.2127,0.4089,1.4592
430,260,562.7527,368.8199,0.1989,0.3777,1.7689
440,260,574.1716,368.7997,0.2479,0.3406,2.2751
450,260,585.3839,368.6445,0.3896,0.4338,2.9973
460,260,596.5048,368.2107,0.3358,0.3358,3.8795
0,270,48.1946,378.4089,0.2677,0.3517,2.9238
10,270,59.4065,378.7606,0.2955,0.3862,2.1840
20,270,70.8061,379.1468,0.2270,0.2974,1.5639
30,270,82.5167,379.4442,0.1237,0.1729,1.1940
40,270,94.3367,379.6170,0.1364,0.1496,0.9623
50,270,106.1701,379.7403,0.2688,0.2923,0.7748
60,270,117.9927,379.9856,0.3145,0.3205,0.5133
70,270,129.8295,380.3061,0.2394,0.2564,0.2152
80,270,141.7475,380.5285,0.1512,0.1970,0.0781
90,270,153.7288,380.6340,0.1092,0.1444,0.1391
100,270,165.6751,380.7079,0.1218,0.1434,0.2501
110,270,177.6004,380.8080,0.1810,0.1863,0.3833
120,270,189.6361,380.9944,0.2143,0.2547,0.4567
130,270,201.7997,381.2491,0.1585,0.1797,0.5084
140,270,213.9629,381.4287,0.0805,0.0993,0.5625
150,270,226.0539,381.4905,0.0536,0.0660,0.5733
160,270,238.1225,381.5316,0.0752,0.1013,0.5776
170,270,250.2325,381.6329,0.0659,0.0981,0.6120
180,270,262.4031,381.7311,0.0729,0.0913,0.6325
190,270,274.6357,381.7856,0.0434,0.0467,0.6238
200,270,286.9346,381.8257,0.0477,0.0575,0.6399
210,270,299.2666,381.8832,0.0720,0.0791,0.7304
220,270,311.5150,381.9481,0.0839,0.1056,0.8249
230,270,323.5822,382.0103,0.0333,0.0372,0.8341
240,270,335.5945,382.0398,0.0265,0.0383,0.7959
250,270,347.7136,382.0251,0.0140,0.0223,0.7781
260,270,359.8853,382.0028,0.0715,0.1086,0.7890
270,270,372.0109,382.0371,0.1171,0.1973,0.8133
280,270,384.1075,382.0739,0.1633,0.2815,0.8224
290,270,396.2259,382.0289,0.1783,0.2538,0.8020
300,270,408.3755,381.9261,0.1162,0.1728,0.7872
310,270,420.5115,381.8664,0.0757,0.1346,0.7960
320,270,432.5720,381.8495,0.0787,0.1003,0.7662
330,270,444.5069,381.7924,0.1108,0.1182,0.6295
340,270,456.3586,381.6891,0.1310,0.1975,0.4231
350,270,468.2745,381.6245,0.1238,0.2343,0.2899
360,270,480.2585,381.6112,0.1355,0.2195,0.2265
370,270,492.1106,381.5598,0.1560,0.1815,0.1654
380,270,503.7632,381.4293,0.1706,0.2259,0.4500
390,270,515.3815,381.2034,0.2027,0.3039,0.8843
400,270,527.0898,380.8995,0.2399,0.2592,1.3006
410,270,538.8688,380.6788,0.2193,0.4037,1.6288
420,270,550.6768,380.6440,0.2130,0.3929,1.8440
430,270,562.3751,380.6110,0.2467,0.3755,2.1380
440,270,573.8311,380.4932,0.2820,0.3162,2.6478
450,270,585.0384,380.2455,0.3017,0.3380,3.3969
460,270,596.1689,379.9075,0.3257,0.3257,4.2391
0,280,48.3783,390.1563,0.2861,0.4391,3.2237
10,280,59.6113,390.5954,0.2967,0.4551,2.4623
20,280,70.9627,391.0505,0.2597,0.3573,1.7773
30,280,82.5911,391.4078,0.1896,0.2176,1.3237
40,280,94.4863,391.5694,0.1695,0.2352,1.1440
50,280,106.4624,391.6732,0.2308,0.2420,1.0464
60,280,118.3013,391.9152,0.2634,0.3216,0.7880
70,280,130.0859,392.2368,0.2068,0.2450,0.4515
80,280,141.9445,392.4818,0.1432,0.1489,0.2037
90,280,153.8732,392.6194,0.1162,0.1611,0.0759
100,280,165.8185,392.6907,0.1149,0.1671,0.1144
110,280,177.7760,392.7533,0.1668,0.1779,0.2052
120,280,189.8100,392.9313,0.2087,0.2933,0.2534
130,280,201.9370,393.2246,0.1377,0.2071,0.3536
140,280,214.0622,393.4317,0.0322,0.0564,0.4592
150,280,226.1199,393.4880,0.0191,0.0244,0.4778
160,280,238.1716,393.5019,0.0652,0.0992,0.4664
170,280,250.1989,393.6011,0.0546,0.0720,0.5289
180,280,262.3118,393.6731,0.0797,0.0897,0.5404
190,280,274.5890,393.7428,0.0490,0.0540,0.5234
200,280,286.8966,393.7869,0.0347,0.0671,0.5434
210,280,299.1876,393.8540,0.0648,0.0798,0.6327
220,280,311.4094,393.9338,0.0878,0.1035,0.7260
230,280,323.5450,394.0374,0.0622,0.0740,0.7965
240,280,335.6328,394.1114,0.0227,0.0265,0.8236
250,280,347.7078,394.0849,0.0364,0.0522,0.7784
260,280,359.7767,394.0327,0.0493,0.0508,0.7155
270,280,371.8136,394.0804,0.0722,0.0834,0.6976
280,280,383.8260,394.1414,0.0780,0.0972,0.6778
290,280,395.9722,394.0825,0.1441,0.1518,0.6506
300,280,408.2028,393.9461,0.1561,0.2243,0.6612
310,280,420.3769,393.8582,0.1612,0.2740,0.6914
320,280,432.4716,393.8098,0.1822,0.3113,0.6855
330,280,444.3887,393.7567,0.1835,0.2894,0.5410
340,280,456.1611,393.6791,0.1407,0.2133,0.2856
350,280,468.0402,393.6110,0.1203,0.2035,0.1698
360,280,480.0390,393.5739,0.1892,0.2656,0.1926
370,280,491.9291,393.4610,0.2578,0.2935,0.3281
380,280,503.6479,393.2390,0.2541,0.2705,0.6628
390,280,515.2801,393.0014,0.1923,0.2379,1.0801
400,280,526.8306,392.8546,0.1518,0.1805,1.5125
410,280,538.4651,392.7315,0.1177,0.1641,1.8902
420,280,550.2838,392.6602,0.1821,0.2571,2.1205
430,280,561.9996,392.5531,0.3036,0.3063,2.4397
440,280,573.5148,392.2520,0.3597,0.3910,2.9845
450,280,584.7729,391.8611,0.2968,0.3680,3.7502
460,280,595.8433,391.6354,0.4196,0.4196,4.5868
0,290,48.5114,402.0327,0.3811,0.4739,3.4322
10,290,59.7495,402.5066,0.2852,0.4091,2.6591
20,290,71.1247,402.9157,0.2723,0.2848,2.0149
30,290,82.8087,403.2005,0.2787,0.3613,1.6367
40,290,94.7215,403.3966,0.2711,0.3476,1.4485
50,290,106.6819,403.5912,0.2572,0.2643,1.2903
60,290,118.5065,403.8413,0.2511,0.2812,1.0180
70,290,130.2546,404.1225,0.2104,0.2525,0.6825
80,290,142.0934,404.3751,0.1800,0.1931,0.4186
90,290,154.0343,404.5681,0.1587,0.2101,0.2485
100,290,165.9856,404.6755,0.1414,0.2065,0.1426
110,290,177.9317,404.7518,0.1824,0.1994,0.1095
120,290,189.9341,404.9512,0.2218,0.3195,0.1151
130,290,202.0054,405.2707,0.1634,0.2451,0.2886
140,290,214.0703,405.5158,0.0575,0.0848,0.4521
150,290,226.0954,405.6006,0.0163,0.0313,0.5008
160,290,238.1405,405.6319,0.0305,0.0518,0.5040
170,290,250.2362,405.6837,0.0807,0.1192,0.5074
180,290,262.4015,405.7260,0.1047,0.1932,0.4875
190,290,274.6430,405.7420,0.0698,0.1205,0.4552
200,290,286.8989,405.7612,0.0455,0.0545,0.4692
210,290,299.1379,405.8157,0.0580,0.0881,0.5421
220,290,311.3373,405.9038,0.0848,0.0991,0.6341
230,290,323.4945,406.0029,0.0846,0.0902,0.7136
240,290,335.6140,406.0820,0.0429,0.0804,0.7604
250,290,347.6873,406.0875,0.0410,0.0704,0.7363
260,290,359.7259,406.0758,0.0393,0.0434,0.6826
270,290,371.7302,406.1110,0.0293,0.0352,0.6390
280,290,383.7288,406.1461,0.0376,0.0698,0.5959
290,290,395.8203,406.0763,0.1105,0.1323,0.5310
300,290,407.9785,405.9440,0.1590,0.2318,0.4895
310,290,420.1029,405.8578,0.1852,0.3382,0.4804
320,290,432.1603,405.8257,0.2238,0.4134,0.4483
330,290,444.0993,405.7914,0.2260,0.3889,0.3251
340,290,455.9478,405.7283,0.1811,0.2711,0.1453
350,290,467.8367,405.6372,0.1877,0.2556,0.1669
360,290,479.7734,405.5174,0.2611,0.3542,0.3290
370,290,491.6356,405.3495,0.3127,0.4124,0.5679
380,290,503.3773,405.1365,0.2981,0.4276,0.9047
390,290,515.0422,404.9678,0.2318,0.3773,1.2684
400,290,526.6501,404.8815,0.1748,0.2454,1.6374
410,290,538.3010,404.7772,0.1700,0.1765,1.9972
420,290,550.0267,404.6007,0.2583,0.2983,2.3396
430,290,561.6933,404.3824,0.3328,0.3683,2.7419
440,290,573.1863,404.0851,0.3744,0.4151,3.3005
450,290,584.4050,403.7514,0.3394,0.4094,4.0695
460,290,595.4236,403.4820,0.5607,0.5607,4.9606
0,300,48.7998,413.8066,0.4832,0.5402,3.7955
10,300,59.9109,414.3469,0.3838,0.5117,2.9077
20,300,71.3846,414.6027,0.3177,0.4867,2.4122
30,300,83.1700,414.7513,0.3497,0.4617,2.1759
40,300,95.0692,414.9890,0.3818,0.4105,1.9554
50,300,106.9463,415.3422,0.3213,0.3722,1.6552
60,300,118.7276,415.6126,0.2973,0.3630,1.3459
70,300,130.4229,415.8442,0.3164,0.3853,1.0142
80,300,142.2603,416.0916,0.3015,0.3403,0.7564
90,300,154.2444,416.3543,0.2034,0.2448,0.5635
100,300,166.1921,416.5163,0.1480,0.2000,0.4169
110,300,178.0970,416.6122,0.2201,0.2335,0.3033
120,300,190.0582,416.8457,0.2803,0.3466,0.1218
130,300,202.0872,417.1923,0.2439,0.2833,0.1350
140,300,214.1005,417.4756,0.1501,0.2182,0.3429
150,300,226.0967,417.5575,0.1552,0.2338,0.3959
160,300,238.1314,417.6341,0.1220,0.2424,0.4375
170,300,250.3554,417.6325,0.1120,0.1673,0.3691
180,300,262.5947,417.6892,0.0788,0.1000,0.3854
190,300,274.7635,417.6316,0.0380,0.0716,0.3327
200,300,286.9354,417.6359,0.0326,0.0346,0.3511
210,300,299.1100,417.6665,0.0642,0.0980,0.4021
220,300,311.2668,417.7644,0.0766,0.1015,0.4828
230,300,323.4044,417.8160,0.1163,0.1526,0.5272
240,300,335.5337,417.8960,0.1053,0.1818,0.5808
250,300,347.6169,417.9248,0.1088,0.1618,0.5786
260,300,359.6825,417.9806,0.0631,0.1261,0.5780
270,300,371.7068,417.9807,0.0419,0.0766,0.5223
280,300,383.7234,417.9879,0.0756,0.0889,0.4655
290,300,395.7316,417.8990,0.1082,0.1109,0.3565
300,300,407.7466,417.7881,0.1327,0.1908,0.2594
310,300,419.7647,417.7136,0.1271,0.2518,0.2058
320,300,431.7469,417.7112,0.1537,0.2790,0.1420
330,300,443.7104,417.6828,0.1807,0.3001,0.1302
340,300,455.6766,417.6214,0.2283,0.3467,0.2207
350,300,467.5811,417.5116,0.3098,0.4015,0.3946
360,300,479.4192,417.2936,0.3186,0.4478,0.6832
370,300,491.2232,417.1042,0.3288,0.4846,0.9735
380,300,502.9497,416.9311,0.2805,0.4715,1.3012
390,300,514.6650,416.8416,0.2726,0.4579,1.5960
400,300,526.4047,416.7543,0.2872,0.4580,1.8812
410,300,538.1375,416.6380,0.4405,0.5209,2.1887
420,300,549.7284,416.2779,0.4354,0.5691,2.7094
430,300,561.3250,415.9761,0.4186,0.6364,3.1982
440,300,572.7712,415.7753,0.3727,0.5898,3.7418
450,300,583.9956,415.6198,0.4961,0.5801,4.4274
460,300,594.8629,415.2076,0.5421,0.5421,5.4847
0,310,49.2260,425.3136,0.4148,0.4148,4.3846
10,310,60.4226,425.7284,0.2374,0.2374,3.6250
20,310,71.8713,425.9658,0.1280,0.1280,3.1343
30,310,83.6317,426.0938,0.2794,0.2794,2.9014
40,310,95.4797,426.3733,0.3974,0.3974,2.6267
50,310,107.3184,426.7706,0.3311,0.3311,2.2743
60,310,119.0906,427.1017,0.2483,0.2483,1.9256
70,310,130.8082,427.3500,0.2307,0.2307,1.6013
80,310,142.6006,427.5806,0.2330,0.2330,1.3340
90,310,154.4892,427.8137,0.2033,0.2033,1.1143
100,310,166.3921,428.0169,0.1925,0.1925,0.9239
110,310,178.3037,428.2094,0.2599,0.2599,0.7488
120,310,190.2722,428.4693,0.3011,0.3011,0.5456
130,310,202.2917,428.7704,0.2041,0.2041,0.3316
140,310,214.3187,428.9745,0.0659,0.0659,0.1971
150,310,226.3305,429.0404,0.0493,0.0493,0.1469
160,310,238.3738,429.0897,0.0630,0.0630,0.1271
170,310,250.5227,429.1528,0.0865,0.0865,0.1454
180,310,262.6948,429.2393,0.0335,0.0335,0.1941
190,310,274.8351,429.2728,0.0328,0.0328,0.2450
200,310,286.9701,429.3056,0.0527,0.0527,0.2921
210,310,299.0796,429.3583,0.0532,0.0532,0.3151
220,310,311.1653,429.4115,0.0393,0.0393,0.3193
230,310,323.2518,429.4508,0.0420,0.0420,0.3263
240,310,335.3518,429.4928,0.0588,0.0588,0.3440
250,310,347.4551,429.5516,0.0466,0.0466,0.3628
260,310,359.5564,429.5982,0.0169,0.0169,0.3814
270,310,371.6302,429.5813,0.0507,0.0507,0.3845
280,310,383.6612,429.5306,0.0615,0.0615,0.3705
290,310,395.6262,429.4691,0.0665,0.0665,0.3401
300,310,407.5558,429.4026,0.0815,0.0815,0.3470
310,310,419.5129,429.3211,0.0859,0.0859,0.4264
320,310,431.4680,429.2352,0.0783,0.0783,0.5365
330,310,443.4102,429.1569,0.0693,0.0693,0.6576
340,310,455.3299,429.0876,0.1161,0.1161,0.7890
350,310,467.1796,428.9714,0.1909,0.1909,0.9919
360,310,478.9714,428.7805,0.1869,0.1869,1.2825
370,310,490.7386,428.5936,0.1490,0.1490,1.5886
380,310,502.4782,428.4446,0.1038,0.1038,1.8910
390,310,514.2071,428.3409,0.0996,0.0996,2.1791
400,310,525.9467,428.2412,0.2075,0.2075,2.4643
410,310,537.6165,428.0337,0.4062,0.4062,2.8545
420,310,549.1593,427.6275,0.3592,0.3592,3.4315
430,310,560.6887,427.2683,0.1571,0.1571,3.9922
440,310,572.1814,427.1112,0.1604,0.1604,4.4745
450,310,583.4155,426.9508,0.3704,0.3704,5.1408
460,310,594.3208,426.5804,0.0000,0.0000,6.1424
