round,frame_idx,process_ms,during_switch
1,1,1.6064,0
1,2,1.9951,0
1,3,1.405,0
1,4,1.7509,0
1,5,1.3262,0
1,6,1.3446,0
1,7,1.6843,0
1,8,2.1197,0
1,9,2.0315,0
1,10,1.7247,0
1,11,1.5511,0
1,12,1.4951,0
1,13,1.3773,0
1,14,1.4545,0
1,15,1.4083,0
1,16,1.8763,0
1,17,1.6465,0
1,18,1.8431,0
1,19,2.1354,0
1,20,2.1895,0
1,21,2.2908,0
1,22,1.7734,0
1,23,1.9027,0
1,24,2.409,0
1,25,1.7607,0
1,26,1.8478,0
1,27,1.9501,0
1,28,1.8068,0
1,29,1.7478,0
1,30,1.9864,0
1,31,1.7647,0
1,32,1.4452,0
1,33,1.4921,0
1,34,1.431,0
1,35,1.7551,0
1,36,1.4041,0
1,37,1.377,0
1,38,1.6722,0
1,40,3.0672,0
1,41,1.8817,0
1,42,2.0021,0
1,43,1.4006,0
1,44,1.554,0
1,45,1.6722,0
1,46,1.4162,0
1,47,1.3519,0
1,48,1.3295,0
1,49,1.5347,0
1,50,2.9407,0
1,51,2.0596,0
1,52,2.1115,0
1,53,1.8379,0
1,54,1.5225,0
1,55,2.1712,0
1,56,1.6864,0
1,57,2.3203,0
1,58,1.7143,0
1,59,2.0614,0
1,60,1.5768,0
1,61,1.4107,0
1,62,1.442,0
1,63,1.4671,0
1,64,1.4088,0
1,65,2.0274,0
1,66,1.4638,0
1,67,1.595,0
1,68,2.4236,0
1,69,1.9143,0
1,70,2.0528,0
1,71,1.4454,0
1,72,1.698,0
1,73,1.8061,0
1,74,1.5278,0
1,75,1.6156,0
1,76,1.2826,0
1,77,1.2962,0
1,78,2.1931,0
1,79,1.6192,0
1,80,3.0215,0
1,81,1.7974,0
1,82,1.5812,0
1,83,1.4336,0
1,84,2.1284,0
1,85,3.7297,0
1,86,2.2755,0
1,87,2.5797,0
1,88,2.1927,0
1,89,2.2374,0
1,90,1.7297,0
1,91,3.1503,0
1,92,2.68,0
1,93,2.857,0
1,94,2.628,0
1,95,2.3154,0
1,96,1.8555,0
1,97,1.4046,0
1,98,1.6192,0
1,99,1.3295,0
1,100,2.5319,0
1,101,1.5366,0
1,102,1.5545,0
1,103,1.4137,0
1,104,1.3955,0
1,105,1.5634,0
1,106,1.3771,0
1,107,1.3089,0
1,108,1.4023,0
1,109,1.3883,0
1,110,1.5249,0
1,111,1.8604,0
1,112,1.2988,0
1,113,1.1969,0
1,114,1.3541,0
1,115,1.345,0
1,116,1.5023,0
1,117,1.5498,0
1,118,1.2682,0
1,119,1.2905,0
1,120,1.2742,0
1,121,1.5291,0
1,122,2.2156,0
1,123,2.0779,0
1,124,1.6846,0
1,125,2.2326,0
1,126,2.246,0
1,127,2.4081,0
1,128,1.5734,0
1,129,2.419,0
1,130,2.0863,0
1,131,1.8041,0
1,132,1.6455,0
1,133,1.3731,0
1,134,1.3672,0
1,135,1.35,0
1,136,1.3265,0
1,137,1.4664,0
1,138,1.7254,0
1,139,1.6832,0
1,140,1.3321,0
1,141,1.2532,0
1,142,1.3162,0
1,143,2.1537,0
1,144,2.4116,0
1,145,2.1344,0
1,146,1.6717,0
1,147,1.4813,0
1,148,1.8692,0
1,149,1.2899,0
1,150,1.872,0
1,151,1.699,0
1,152,1.2516,0
1,153,1.3282,0
1,154,1.3446,0
1,155,1.3742,0
1,156,1.6696,0
1,157,1.2457,0
1,158,1.3991,0
1,159,2.0231,0
1,160,1.3722,0
1,161,1.3135,0
1,162,2.1024,0
1,163,2.3313,0
1,164,2.7472,0
1,165,2.2286,0
1,166,2.8954,0
1,167,1.7674,0
1,168,1.8106,0
1,169,1.4183,0
1,170,2.1308,0
1,171,2.325,0
1,173,3.4418,0
1,174,3.0428,0
1,175,1.8071,0
1,176,1.5258,0
1,177,1.6917,0
1,178,2.7036,0
1,179,2.0413,0
1,180,1.9529,0
1,181,1.7615,0
1,182,1.401,0
1,183,1.4087,0
1,184,1.476,0
1,185,1.398,0
1,186,2.2978,0
1,187,2.4426,0
1,188,2.378,0
1,189,2.6844,0
1,190,2.2847,0
1,191,2.0168,0
1,192,1.4194,0
1,193,1.8332,0
1,194,2.8698,0
1,195,2.4545,0
1,196,2.5256,0
1,197,1.4114,0
1,198,1.5108,0
1,199,1.4619,0
1,200,2.0733,0
1,201,1.5408,0
1,202,1.4762,0
1,203,1.4712,0
1,204,1.5134,0
1,205,2.3057,0
1,206,1.4482,0
1,207,1.3068,0
1,208,1.3391,0
1,209,1.3385,0
1,210,1.4382,0
1,211,1.6035,0
1,212,3.5632,0
1,213,2.5037,0
1,214,2.2374,0
1,215,2.56,0
1,216,2.6648,0
1,217,1.8013,0
1,218,3.2796,0
1,219,1.9065,0
1,220,1.7276,0
1,221,1.78,0
1,222,2.3154,0
1,223,2.9994,0
1,224,1.7231,0
1,225,1.4791,0
1,226,1.5196,0
1,227,1.4688,0
1,228,1.5126,0
1,229,1.6395,0
1,230,1.7078,0
1,231,3.2323,0
1,232,2.5123,0
1,233,1.4436,0
1,234,1.3997,0
1,235,1.4468,0
1,236,1.4585,0
1,237,1.4379,0
1,238,2.0863,0
1,239,2.6954,0
1,240,2.5728,0
1,241,2.3349,0
1,242,2.2786,0
1,243,2.4518,0
1,244,1.8174,0
1,245,1.7794,0
1,246,1.4158,0
1,247,1.5371,0
1,248,1.3171,0
1,249,1.3058,0
1,250,2.0036,0
1,251,1.307,0
1,252,1.2654,0
1,253,1.2931,0
1,254,1.2717,0
1,255,2.2993,0
1,256,1.4563,0
1,257,1.4945,0
1,258,1.3784,0
1,259,2.0841,0
1,260,1.4202,0
1,261,1.8021,0
1,262,1.3917,0
1,263,1.313,0
1,264,1.3907,0
1,265,2.0522,0
1,266,1.4917,0
1,267,1.1586,0
1,268,0.987,0
1,269,1.6182,0
1,270,1.5912,0
1,271,1.5424,0
1,272,1.2797,0
1,273,1.3551,0
1,274,1.2738,0
1,275,1.2527,0
1,276,1.2283,0
1,277,2.2685,0
1,278,2.1034,0
1,279,2.1263,0
1,280,1.3437,0
1,281,1.2815,0
1,282,1.2775,0
1,283,1.4998,0
1,284,1.3285,0
1,285,1.2145,0
1,286,1.2191,0
1,287,2.1139,0
1,288,1.4778,0
1,289,1.2447,0
1,290,1.2127,0
1,291,1.2959,0
1,292,1.2278,0
1,293,1.3161,0
1,294,1.2703,0
1,295,1.2087,0
1,296,1.3011,0
1,297,1.1838,0
1,298,1.268,0
1,299,1.8071,0
1,300,1.9215,0
1,301,2.3305,0
1,302,1.6052,0
1,303,1.7684,0
1,304,1.5744,0
1,305,1.833,0
1,306,1.7041,0
1,307,1.7741,0
1,308,1.2767,0
1,309,1.2664,0
1,310,1.2195,0
1,311,1.2229,0
1,312,3.6844,0
1,313,1.9248,0
1,314,1.2463,0
1,315,1.2487,0
1,316,1.5351,0
1,317,1.5247,0
1,318,1.2486,0
1,319,1.2624,0
1,320,2.1068,0
1,321,2.1003,0
1,322,2.7929,0
1,323,2.7302,0
1,324,1.4091,0
1,325,2.3544,0
1,326,1.4179,0
1,327,1.4094,0
1,328,2.0325,0
1,329,2.657,0
1,330,2.8524,0
1,331,2.7623,0
1,332,3.5677,0
1,333,2.6627,0
1,334,2.3303,0
1,335,2.125,0
1,336,2.4556,0
1,338,1.8138,0
1,339,1.7294,0
1,340,1.5216,0
1,341,1.5139,0
1,342,1.7566,0
1,343,2.0718,0
1,344,1.9025,0
1,345,2.3907,0
1,346,2.8621,0
1,347,2.7069,0
1,348,1.6033,0
1,349,1.5148,0
1,350,1.8807,0
1,351,1.7261,0
1,352,1.3753,0
1,353,1.6114,0
1,354,2.0571,0
1,355,2.1081,0
1,356,1.8838,0
1,357,1.488,0
1,358,1.4997,0
1,359,1.735,0
1,360,1.7068,0
1,361,1.43,0
1,362,1.3357,0
1,363,1.5786,0
1,364,2.0127,0
1,365,1.3989,0
1,366,1.417,0
1,367,1.4236,0
1,368,1.3767,0
1,369,1.4325,0
1,370,1.4443,0
1,371,2.1491,0
1,372,1.3388,0
1,373,1.1804,0
1,374,1.2667,0
1,375,3.337,0
1,376,1.8912,0
1,377,1.2834,0
1,378,1.372,0
1,379,1.35,0
1,380,1.3617,0
1,381,2.3563,0
1,382,2.333,0
1,383,2.7238,0
1,384,1.7467,0
1,385,1.3012,0
1,386,1.3095,0
1,387,1.4936,0
1,388,1.9062,0
1,389,2.2921,0
1,390,2.635,0
1,391,1.936,0
1,392,1.7304,0
1,393,1.6188,0
1,394,1.6338,0
1,395,1.783,0
1,396,1.5306,0
1,397,1.3792,0
1,398,1.8981,0
1,399,2.3121,0
1,400,2.2853,0
1,401,1.4372,0
1,402,1.261,0
1,403,1.3606,0
1,404,1.644,0
1,405,2.1235,0
1,406,2.9837,0
1,407,2.3808,0
1,408,2.5493,0
1,409,2.76,0
1,410,2.7932,0
1,411,2.1059,0
1,412,2.1837,0
1,413,2.4281,0
1,414,1.7941,0
1,415,2.2481,0
1,416,1.5803,0
1,417,1.966,0
1,418,1.4253,0
1,419,1.4638,0
1,420,1.3317,0
1,421,1.3104,0
1,422,1.3975,0
1,423,1.2873,0
1,424,1.4092,0
1,425,1.8619,0
1,426,1.3244,0
1,427,1.3637,0
1,428,1.4042,0
1,429,1.1991,0
1,430,1.1694,0
1,431,1.2155,0
1,432,1.2631,0
1,433,1.2571,0
1,434,1.24,0
1,435,1.31,0
1,436,1.2432,0
1,437,1.2046,0
1,438,1.5093,0
1,439,0.9033,0
1,440,0.9451,0
1,441,1.3343,0
1,442,1.2209,0
1,443,1.1812,0
1,444,1.2359,0
1,445,1.786,0
1,446,1.7611,0
1,447,2.583,0
1,448,1.3076,0
1,449,1.993,0
1,450,1.8064,0
1,451,1.244,0
1,452,1.2632,0
1,453,1.2972,0
1,454,1.1934,0
1,455,1.2774,0
1,456,1.325,0
1,457,1.9349,0
1,458,1.2985,0
1,459,1.629,0
1,460,1.4531,0
1,461,1.4032,0
1,462,1.4047,0
1,463,1.671,0
1,464,1.8983,0
1,465,2.253,0
1,466,1.9941,0
1,467,2.1217,0
1,468,1.8679,0
1,469,1.4105,0
1,470,1.3309,0
1,471,2.5208,0
1,472,1.411,0
1,473,1.2587,0
1,474,1.2874,0
1,475,1.2387,0
1,476,1.2278,0
1,477,1.6252,0
1,478,1.9977,0
1,479,1.6816,0
1,480,1.0823,0
1,481,1.5524,0
1,482,1.2921,0
1,483,1.257,0
1,484,1.516,0
1,485,2.9984,0
1,486,2.3848,0
1,487,2.6115,0
1,488,2.7611,0
1,489,2.7124,0
1,490,2.6568,0
1,491,3.077,0
1,492,1.9186,0
1,493,1.623,0
1,494,1.9747,0
1,495,1.5407,0
1,496,1.2935,0
1,497,2.2159,0
1,498,2.859,0
1,499,2.1224,0
2,0,1.7447,0
2,1,1.9155,0
2,2,2.2291,0
2,3,1.5933,0
2,4,2.2869,0
2,5,2.4399,0
2,6,1.8873,0
2,7,1.3092,0
2,8,1.2884,0
2,9,1.6496,0
2,10,1.4333,0
2,11,2.1865,0
2,12,2.2838,0
2,13,2.3017,0
2,14,2.0008,0
2,15,1.5687,0
2,16,1.4163,0
2,17,1.467,0
2,18,1.9815,0
2,19,1.9929,0
2,20,1.5051,0
2,21,1.9059,0
2,22,1.4185,0
2,23,1.3923,0
2,24,1.6459,0
2,25,1.8608,0
2,26,1.3426,0
2,27,1.9055,0
2,28,1.3698,0
2,29,1.968,0
2,30,1.1111,0
2,31,0.9859,0
2,32,1.2376,0
2,33,1.4224,0
2,34,1.3863,0
2,35,1.7909,0
2,36,2.5371,0
2,37,1.8416,0
2,38,1.4904,0
2,39,1.9975,0
2,40,1.8333,0
2,41,2.0727,0
2,42,1.5763,0
2,43,1.5112,0
2,44,1.3003,0
2,45,1.2242,0
2,46,1.676,0
2,47,1.3561,0
2,48,1.9639,0
2,49,2.1304,0
2,50,2.5326,0
2,51,2.1121,0
2,52,2.0456,0
2,53,3.4345,0
2,54,3.1167,0
2,55,2.3962,0
2,56,1.9747,0
2,57,1.9181,0
2,58,1.8929,0
2,59,1.8597,0
2,60,2.9614,0
2,61,2.9107,0
2,62,3.5003,0
2,63,2.6979,0
2,64,1.4058,0
2,65,2.7175,0
2,66,3.129,0
2,67,3.4944,0
2,68,3.3197,0
2,69,2.5132,0
2,70,1.5447,0
2,71,1.793,0
2,72,1.6599,0
2,73,1.5647,0
2,74,1.4164,0
2,75,1.4117,0
2,76,3.078,0
2,77,2.4854,0
2,78,2.0902,0
2,79,2.5766,0
2,80,2.1834,0
2,81,1.5904,0
2,82,1.4744,0
2,83,2.7354,0
2,84,2.4004,0
2,85,1.6974,0
2,86,1.5999,0
2,87,1.9112,0
2,88,1.3927,0
2,89,1.4362,0
2,90,1.4339,0
2,91,1.501,0
2,92,1.9315,0
2,93,1.4998,0
2,94,1.4675,0
2,95,2.4696,0
2,96,2.215,0
2,97,2.41,0
2,98,1.7347,0
2,99,1.3593,0
2,100,2.2619,0
2,101,1.328,0
2,102,1.5089,0
2,103,1.4131,0
2,104,1.3828,0
2,105,1.3478,0
2,106,1.5167,0
2,107,1.386,0
2,108,1.3441,0
2,109,1.3308,0
2,110,1.3377,0
2,111,1.4461,0
2,112,1.6296,0
2,113,1.2035,0
2,114,1.9512,0
2,115,1.8418,0
2,116,1.3276,0
2,117,2.2747,0
2,118,1.3838,0
2,119,1.4126,0
2,120,1.2549,0
2,121,1.9021,0
2,122,1.3697,0
2,123,2.1858,0
2,124,2.3619,0
2,125,1.4575,0
2,126,1.3674,0
2,127,1.7173,0
2,128,1.3891,0
2,129,1.3954,0
2,130,1.3371,0
2,131,2.1197,0
2,132,1.3461,0
2,133,2.0038,0
2,134,2.8725,0
2,135,1.7516,0
2,136,1.3238,0
2,137,1.4094,0
2,138,1.371,0
2,139,1.2666,0
2,140,1.4257,0
2,141,1.5212,0
2,142,1.8002,0
2,143,1.7322,0
2,144,1.7755,0
2,145,1.2879,0
2,146,1.2194,0
2,147,1.283,0
2,148,1.2534,0
2,149,1.2761,0
2,150,2.4219,0
2,151,1.4276,0
2,152,2.0169,0
2,153,2.123,0
2,154,2.3737,0
2,155,2.0449,0
2,156,1.6062,0
2,157,1.3133,0
2,158,1.2891,0
2,159,1.3369,0
2,160,1.8084,0
2,161,1.3151,0
2,162,1.2524,0
2,163,3.454,0
2,164,2.5979,0
2,165,2.3305,0
2,166,2.5773,0
2,167,3.3302,0
2,168,2.166,0
2,169,3.1954,0
2,170,2.2884,0
2,171,1.4516,0
2,172,1.4388,0
2,173,1.372,0
2,174,1.6461,0
2,175,1.5959,0
2,176,1.3905,0
2,177,1.6515,0
2,178,1.3219,0
2,179,1.4445,0
2,180,1.4386,0
2,181,1.428,0
2,182,1.4168,0
2,183,1.4775,0
2,184,1.4787,0
2,185,1.6276,0
2,186,1.4494,0
2,187,1.6454,0
2,188,3.2083,0
2,189,2.7704,0
2,190,2.9779,0
2,191,2.0394,0
2,192,2.4009,0
2,193,2.0695,0
2,194,2.1983,0
2,195,1.3357,0
2,196,2.3566,0
2,197,2.7493,0
2,198,1.8204,0
2,199,1.9779,0
2,200,1.8885,0
2,201,1.5294,0
2,202,1.4184,0
2,203,1.4313,0
2,204,3.2486,0
2,205,1.9739,0
2,206,1.5751,0
2,207,1.3758,0
2,208,1.8445,0
2,209,1.4384,0
2,210,1.577,0
2,211,1.4057,0
2,212,1.5046,0
2,213,2.8861,0
2,214,2.3248,0
2,215,2.374,0
2,216,2.6815,0
2,217,2.6732,0
2,218,1.8252,0
2,219,2.1009,0
2,220,2.041,0
2,221,1.8873,0
2,222,2.032,0
2,223,1.4155,0
2,224,1.529,0
2,225,1.8659,0
2,226,1.5186,0
2,227,1.3939,0
2,228,1.5056,0
2,229,1.2711,0
2,230,1.3673,0
2,231,1.3683,0
2,232,1.7762,0
2,233,1.436,0
2,234,1.3619,0
2,235,1.4251,0
2,236,1.1828,0
2,237,1.2052,0
2,238,1.2596,0
2,239,1.2347,0
2,240,1.2758,0
2,241,1.2601,0
2,242,1.2748,0
2,243,1.3304,0
2,244,1.4443,0
2,245,1.1349,0
2,246,1.1679,0
2,247,1.182,0
2,248,1.6448,0
2,249,1.1343,0
2,250,1.8762,0
2,251,2.6143,0
2,252,1.9045,0
2,253,1.7783,0
2,254,1.2194,0
2,255,1.1884,0
2,256,1.2297,0
2,257,1.2243,0
2,258,1.3941,0
2,259,1.1825,0
2,260,1.2787,0
2,261,1.4385,0
2,262,1.2228,0
2,263,1.1586,0
2,264,1.2016,0
2,265,1.2698,0
2,266,1.1413,0
2,267,1.2076,0
2,268,1.2023,0
2,269,1.2537,0
2,270,1.0532,0
2,271,1.6957,0
2,272,0.9533,0
2,273,1.0513,0
2,274,1.7897,0
2,275,1.5095,0
2,276,2.4133,0
2,277,1.4244,0
2,278,1.5352,0
2,279,1.8654,0
2,280,1.4577,0
2,281,2.13,0
2,282,1.395,0
2,283,1.4947,0
2,284,1.672,0
2,285,1.3257,0
2,286,1.6592,0
2,287,1.2991,0
2,288,1.3088,0
2,289,1.3346,0
2,290,1.265,0
2,291,1.2902,0
2,292,1.6419,0
2,293,1.254,0
2,294,1.3344,0
2,295,1.7221,0
2,296,2.1679,0
2,297,3.1695,0
2,298,1.3461,0
2,299,1.3968,0
2,300,2.1612,0
2,301,1.3725,0
2,302,1.3775,0
2,303,1.3708,0
2,304,1.3377,0
2,305,1.3773,0
2,306,1.4777,0
2,307,2.7196,0
2,308,2.4157,0
2,309,2.9362,0
2,310,1.7555,0
2,311,1.7778,0
2,312,1.8165,0
2,313,1.9558,0
2,314,2.2267,0
2,315,2.1045,0
2,316,1.3331,0
2,317,1.3008,0
2,318,1.7443,0
2,319,1.351,0
2,320,1.2325,0
2,321,1.3306,0
2,322,1.4456,0
2,323,1.6392,0
2,324,2.9294,0
2,325,2.1892,0
2,326,2.0412,0
2,327,2.0084,0
2,328,2.012,0
2,329,1.2816,0
2,330,1.6003,0
2,331,1.4171,0
2,332,1.2355,0
2,333,1.4239,0
2,334,1.3042,0
2,335,1.343,0
2,336,1.3213,0
2,337,1.4799,0
2,338,1.6042,0
2,339,1.2443,0
2,340,1.2483,0
2,341,1.739,0
2,342,1.4098,0
2,343,1.5403,0
2,344,1.3428,0
2,345,1.1917,0
2,346,1.1853,0
2,347,1.3777,0
2,348,1.1844,0
2,349,0.9661,0
2,350,2.8766,0
2,351,1.4385,0
2,352,1.2336,0
2,353,1.2458,0
2,354,1.2195,0
2,355,1.2542,0
2,356,1.1936,0
2,357,1.2333,0
2,358,1.2328,0
2,359,1.7772,0
2,360,1.254,0
2,361,1.4308,0
2,362,2.0527,0
2,363,2.6548,0
2,364,2.8342,0
2,365,3.3107,0
2,366,1.4491,0
2,367,1.8708,0
2,368,1.7051,0
2,369,2.0895,0
2,370,1.9184,0
2,371,1.4244,0
2,372,1.3771,0
2,373,1.3815,0
2,374,1.3819,0
2,375,1.3299,0
2,376,1.395,0
2,377,2.0795,0
2,378,1.9021,0
2,379,1.3532,0
2,380,1.3931,0
2,381,1.322,0
2,382,1.331,0
2,383,1.3406,0
2,384,1.3136,0
2,385,1.3192,0
2,386,1.4566,0
2,387,1.2613,0
2,388,1.6704,0
2,389,2.2357,0
2,390,1.266,0
2,391,1.4477,0
2,392,1.2656,0
2,393,1.2489,0
2,394,1.2528,0
2,395,1.2565,0
2,396,1.3735,0
2,397,1.7312,0
2,398,2.0651,0
2,399,1.9199,0
2,400,1.7575,0
2,401,1.8267,0
2,402,2.071,0
2,403,2.7734,0
2,404,2.5928,0
2,405,3.5471,0
2,407,3.6823,0
2,408,2.3951,0
2,409,2.7036,0
2,410,1.9553,0
2,411,1.4941,0
2,412,1.3285,0
2,413,1.5346,0
2,414,3.2223,0
2,415,2.0386,0
2,416,1.4889,0
2,417,1.467,0
2,418,1.2739,0
2,419,1.8269,0
2,420,1.6196,0
2,421,1.2595,0
2,422,1.4662,0
2,423,2.8925,0
2,424,2.1876,0
2,425,1.5287,0
2,426,1.4818,0
2,427,1.4849,0
2,428,1.4544,0
2,429,2.5134,0
2,430,2.3893,0
2,431,1.9003,0
2,432,1.819,0
2,433,2.7062,0
2,434,1.4823,0
2,435,1.6475,0
2,436,1.5809,0
2,437,3.161,0
2,439,1.4784,0
2,440,1.2839,0
2,441,1.4138,0
2,442,1.3802,0
2,443,1.6225,0
2,444,1.3722,0
2,445,2.8539,0
2,446,2.2253,0
2,447,2.3436,0
2,448,2.0267,0
2,449,2.3362,0
2,450,2.3692,0
2,451,3.3586,0
2,452,1.9643,0
2,453,1.8988,0
2,454,2.3384,0
2,455,2.4184,0
2,456,2.2757,0
2,457,1.456,0
2,458,1.5314,0
2,459,1.862,0
2,460,1.416,0
2,461,1.4194,0
2,462,1.4015,0
2,463,1.6163,0
2,464,1.3962,0
2,465,1.4815,0
2,466,1.5,0
2,467,1.2353,0
2,468,1.3202,0
2,469,1.224,0
2,470,1.8924,0
2,471,1.3576,0
2,472,1.2856,0
2,473,1.2451,0
2,474,1.2858,0
2,475,1.2872,0
2,476,1.2571,0
2,477,1.4599,0
2,478,1.3101,0
2,479,1.2009,0
2,480,1.2451,0
2,481,1.1889,0
2,482,1.2931,0
2,483,1.284,0
2,484,1.2279,0
2,485,1.2462,0
2,486,1.3006,0
2,487,1.2337,0
2,488,1.2409,0
2,489,1.4076,0
2,490,1.198,0
2,491,1.1925,0
2,492,1.1784,0
2,493,2.4933,0
2,494,2.2826,0
2,495,1.9306,0
2,496,1.2201,0
2,497,1.293,0
2,498,1.3241,0
2,499,2.3662,0
3,0,1.3238,0
3,1,1.483,0
3,2,1.2816,0
3,3,1.2678,0
3,4,2.2455,0
3,5,1.4649,0
3,6,1.6066,0
3,7,1.3276,0
3,8,1.4466,0
3,9,1.4536,0
3,10,1.2037,0
3,11,1.7658,0
3,12,1.2567,0
3,13,1.2116,0
3,14,1.2439,0
3,15,1.7926,0
3,16,1.3104,0
3,17,1.2553,0
3,18,1.5506,0
3,19,1.2609,0
3,20,1.3361,0
3,21,1.5171,0
3,22,1.2179,0
3,23,1.3363,0
3,24,1.2312,0
3,25,1.2572,0
3,26,1.2766,0
3,27,1.4472,0
3,28,1.2299,0
3,29,1.2171,0
3,30,1.1867,0
3,31,1.235,0
3,32,1.2216,0
3,33,1.2269,0
3,34,1.2025,0
3,35,1.2223,0
3,36,1.4943,0
3,37,2.1658,0
3,38,2.5787,0
3,39,1.6396,0
3,40,1.8959,0
3,41,1.7976,0
3,42,1.7141,0
3,43,2.45,0
3,44,1.7194,0
3,45,1.4261,0
3,46,1.5499,0
3,47,2.5323,0
3,48,2.0421,0
3,49,1.8871,0
3,50,1.6698,0
3,51,1.2881,0
3,52,1.2207,0
3,53,1.2244,0
3,54,2.9038,0
3,55,3.1924,0
3,56,2.4646,0
3,57,1.4215,0
3,58,1.3243,0
3,59,1.2875,0
3,60,1.2789,0
3,61,1.2722,0
3,62,1.2567,0
3,63,1.2646,0
3,64,1.3254,0
3,65,2.3113,0
3,66,1.5495,0
3,67,1.9924,0
3,68,1.9013,0
3,69,2.1297,0
3,70,1.5947,0
3,71,2.0203,0
3,72,1.4641,0
3,73,1.3481,0
3,74,1.6575,0
3,75,1.3944,0
3,76,2.2834,0
3,77,1.5457,0
3,78,1.4222,0
3,79,2.2533,0
3,80,1.8265,0
3,81,1.6294,0
3,82,1.8968,0
3,83,1.8708,0
3,84,1.5643,0
3,85,1.409,0
3,86,1.3597,0
3,87,1.3773,0
3,88,1.3636,0
3,89,1.4188,0
3,90,1.383,0
3,91,1.3821,0
3,92,1.3895,0
3,93,1.3584,0
3,94,1.3808,0
3,95,1.6102,0
3,96,0.9903,0
3,97,1.1057,0
3,98,1.3907,0
3,99,1.3388,0
3,100,1.6472,0
3,101,1.2728,0
3,102,1.4133,0
3,103,1.2847,0
3,104,1.4295,0
3,105,2.8035,0
3,106,1.8381,0
3,107,1.7527,0
3,108,2.0829,0
3,109,2.0366,0
3,110,3.0186,0
3,111,2.3755,0
3,112,2.4785,0
3,113,2.2497,0
3,114,1.7588,0
3,115,2.7827,0
3,116,1.3366,0
3,117,1.5633,0
3,118,1.2731,0
3,119,1.3474,0
3,120,1.7715,0
3,121,1.7748,0
3,122,2.6607,0
3,123,1.8925,0
3,125,2.0655,0
3,126,2.1865,0
3,127,2.5993,0
3,128,2.4571,0
3,129,1.8816,0
3,130,2.7388,0
3,131,2.1946,0
3,132,2.2184,0
3,133,2.253,0
3,134,2.1924,0
3,135,2.6179,0
3,136,2.6432,0
3,137,2.5446,0
3,138,2.9075,0
3,139,2.7219,0
3,140,2.9667,0
3,141,2.6463,0
3,142,1.7602,0
3,143,1.6195,0
3,144,1.5514,0
3,145,1.6582,0
3,146,2.1973,0
3,147,2.3015,0
3,148,2.5521,0
3,149,2.4684,0
3,150,2.0979,0
3,151,1.64,0
3,152,2.0912,0
3,153,2.8802,0
3,154,2.4323,0
3,155,2.6024,0
3,156,2.3992,0
3,157,3.0538,0
3,158,1.9338,0
3,159,2.3488,0
3,160,2.1154,0
3,161,2.2179,0
3,162,2.8451,0
3,163,2.3865,0
3,164,1.7859,0
3,165,1.9324,0
3,166,1.8854,0
3,167,1.4316,0
3,168,1.683,0
3,169,1.3082,0
3,170,1.8286,0
3,171,1.8638,0
3,172,1.2881,0
3,173,1.3247,0
3,174,1.8105,0
3,175,2.1752,0
3,176,1.3727,0
3,177,1.4301,0
3,178,1.4318,0
3,179,1.9333,0
3,180,1.5985,0
3,181,1.3829,0
3,182,1.4489,0
3,183,1.5665,0
3,184,1.728,0
3,185,2.3416,0
3,186,2.9056,0
3,187,3.3195,0
3,188,1.6804,0
3,189,2.0029,0
3,190,1.7211,0
3,191,1.7378,0
3,192,1.7116,0
3,193,1.7136,0
3,194,1.7914,0
3,195,1.5215,0
3,196,1.4624,0
3,197,2.6326,0
3,198,2.3307,0
3,199,1.9165,0
3,200,2.5872,0
3,201,1.6125,0
3,202,1.3513,0
3,203,1.5075,0
3,204,1.9854,0
3,205,1.485,0
3,206,2.1814,0
3,207,2.3862,0
3,208,2.591,0
3,209,2.4489,0
3,210,3.4495,0
3,211,3.617,0
3,212,3.183,0
3,213,2.8761,0
3,214,2.4127,0
3,216,3.0223,0
3,217,3.0326,0
3,218,2.9751,0
3,219,3.0633,0
3,220,2.495,0
3,221,3.4708,0
3,222,2.7816,0
3,223,2.5012,0
3,224,2.5232,0
3,225,3.4947,0
3,226,3.3997,0
3,227,2.9882,0
3,228,2.9724,0
3,229,3.0719,0
3,231,3.5937,0
3,232,2.7668,0
3,233,2.5255,0
3,234,2.5347,0
3,235,2.4862,0
3,236,2.5084,0
3,237,3.0526,0
3,238,2.8944,0
3,239,3.0549,0
3,240,2.9616,0
3,241,2.4708,0
3,242,2.5622,0
3,243,2.6693,0
3,244,2.7078,0
3,245,2.5435,0
3,246,2.3942,0
3,247,2.6293,0
3,248,2.9704,0
3,249,2.6999,0
3,250,2.6442,0
3,251,2.3992,0
3,252,2.4574,0
3,253,2.458,0
3,254,2.5716,0
3,255,2.6161,0
3,256,2.9035,0
3,257,2.9225,0
3,258,2.8284,0
3,259,2.7829,0
3,260,3.1463,0
3,261,3.0372,0
3,262,3.1162,0
3,263,2.4971,0
3,264,2.6388,0
3,265,2.5255,0
3,266,2.8785,0
3,267,2.636,0
3,268,2.2107,0
3,269,2.0255,0
3,270,1.8761,0
3,271,1.8489,0
3,272,1.7513,0
3,273,1.6831,0
3,274,2.0262,0
3,275,1.4536,0
3,276,1.4225,0
3,277,1.4244,0
3,278,1.3863,0
3,279,1.3974,0
3,280,1.6473,0
3,281,1.578,0
3,282,1.3549,0
3,283,1.4991,0
3,284,1.4047,0
3,285,1.756,0
3,286,1.4321,0
3,287,1.4357,0
3,288,1.4008,0
3,289,1.4137,0
3,290,1.6167,0
3,291,1.4359,0
3,292,1.3964,0
3,293,1.3985,0
3,294,1.8351,0
3,295,3.021,0
3,296,2.6422,0
3,297,1.6565,0
3,298,1.8647,0
3,299,1.6668,0
3,300,2.3153,0
3,301,1.7096,0
3,302,1.6307,0
3,303,1.8661,0
3,304,3.3188,0
3,305,1.5583,0
3,306,1.3795,0
3,307,1.394,0
3,308,1.3881,0
3,309,1.4719,0
3,310,1.4136,0
3,311,2.4811,0
3,312,2.6553,0
3,313,2.252,0
3,314,3.5856,0
3,315,1.4112,0
3,316,1.4185,0
3,317,1.4347,0
3,318,1.4317,0
3,319,1.5566,0
3,320,1.7281,0
3,321,2.4391,0
3,322,3.2572,0
3,323,2.9592,0
3,324,1.4174,0
3,325,1.4593,0
3,326,1.3623,0
3,327,1.4919,0
3,328,1.6004,0
3,329,1.439,0
3,330,3.4981,0
3,331,2.4543,0
3,332,1.4725,0
3,333,1.4132,0
3,334,1.4345,0
3,335,1.3501,0
3,336,1.5087,0
3,337,1.928,0
3,339,1.4986,0
3,340,1.7528,0
3,341,1.3013,0
3,342,1.267,0
3,343,1.2514,0
3,344,1.2256,0
3,345,1.2322,0
3,346,1.786,0
3,347,1.8687,0
3,348,2.2736,0
3,349,1.449,0
3,350,2.0902,0
3,351,2.215,0
3,352,1.49,0
3,353,1.5776,0
3,354,2.2096,0
3,355,2.356,0
3,356,1.5513,0
3,357,1.3931,0
3,358,1.5313,0
3,359,1.8236,0
3,360,1.7158,0
3,361,2.1235,0
3,362,2.0926,0
3,363,1.7809,0
3,364,1.3629,0
3,365,1.2084,0
3,366,1.4606,0
3,367,1.3419,0
3,368,1.5523,0
3,369,1.5515,0
3,370,1.2727,0
3,371,1.4368,0
3,372,1.4474,0
3,373,1.9481,0
3,374,1.6865,0
3,375,1.341,0
3,376,1.4117,0
3,377,1.3189,0
3,378,1.4301,0
3,379,1.0819,0
3,380,1.0859,0
3,381,1.0674,0
3,382,1.0495,0
3,383,1.0755,0
3,384,1.1761,0
3,385,1.0536,0
3,386,2.1219,0
3,387,1.7096,0
3,388,2.182,0
3,389,2.5886,0
3,390,1.6271,0
3,391,1.4073,0
3,392,1.3786,0
3,393,1.5475,0
3,394,1.9527,0
3,395,1.7756,0
3,396,2.2552,0
3,397,2.0118,0
3,398,1.7895,0
3,399,2.2297,0
3,400,2.0048,0
3,401,1.9692,0
3,402,1.8191,0
3,403,2.1951,0
3,404,1.4084,0
3,405,1.3645,0
3,406,1.5609,0
3,407,1.9675,0
3,408,1.4145,0
3,409,1.5198,0
3,410,1.3267,0
3,411,2.7509,0
3,412,2.2312,0
3,413,2.6248,0
3,414,1.9973,0
3,415,3.0416,0
3,416,1.3726,0
3,417,1.5206,0
3,418,1.9888,0
3,419,2.6845,0
3,420,2.5765,0
3,421,2.4782,0
3,422,2.2724,0
3,423,2.541,0
3,424,3.6415,0
3,425,3.127,0
3,426,2.0221,0
3,427,1.606,0
3,428,3.4412,0
3,429,2.6538,0
3,430,3.1359,0
3,431,2.9903,0
3,432,2.9159,0
3,433,2.1807,0
3,434,1.6948,0
3,435,1.3922,0
3,436,2.0782,0
3,437,1.5825,0
3,438,2.1048,0
3,439,1.6492,0
3,440,1.5545,0
3,441,1.6024,0
3,442,1.4969,0
3,443,1.809,0
3,444,2.6332,0
3,445,2.8235,0
3,446,1.8967,0
3,447,1.6149,0
3,448,1.4795,0
3,449,1.4865,0
3,450,2.0485,0
3,451,1.3557,0
3,452,1.5537,0
3,453,1.344,0
3,454,1.2243,0
3,455,1.3222,0
3,456,1.9763,0
3,457,1.2647,0
3,458,1.386,0
3,459,1.245,0
3,460,1.2484,0
3,461,1.3544,0
3,462,1.2686,0
3,463,1.3811,0
3,464,1.2503,0
3,465,1.2458,0
3,466,1.3179,0
3,467,1.2475,0
3,468,1.4376,0
3,469,1.2935,0
3,470,3.6212,0
3,471,1.4335,0
3,472,2.2167,0
3,473,1.5652,0
3,474,1.5644,0
3,475,1.3486,0
3,476,1.3924,0
3,477,1.8724,0
3,478,1.8703,0
3,479,1.9095,0
3,480,1.224,0
3,481,1.9866,0
3,482,2.2777,0
3,483,2.3766,0
3,484,1.6532,0
3,485,1.6474,0
3,486,1.8782,0
3,487,1.6048,0
3,488,1.6129,0
3,489,1.7686,0
3,490,2.1226,0
3,491,1.411,0
3,492,1.1977,0
3,493,1.2313,0
3,494,1.2585,0
3,495,1.2721,0
3,496,1.512,0
3,497,1.2481,0
3,498,1.2875,0
3,499,1.2231,0
4,0,1.3661,0
4,1,1.3199,0
4,2,1.5137,0
4,3,3.3708,0
4,4,2.8261,0
4,5,2.6483,0
4,6,1.5964,0
4,7,1.5978,0
4,8,1.6443,0
4,9,2.3748,0
4,11,3.0453,0
4,12,2.3444,0
4,13,2.5183,0
4,14,2.2568,0
4,15,3.2992,0
4,16,2.111,0
4,17,2.1636,0
4,18,2.6336,0
4,19,1.5719,0
4,20,1.5978,0
4,21,1.601,0
4,22,2.0557,0
4,23,2.998,0
4,24,2.4616,0
4,25,2.6041,0
4,26,1.4564,0
4,27,1.4306,0
4,28,1.5495,0
4,29,1.3813,0
4,30,1.3343,0
4,31,1.2536,0
4,33,2.2465,0
4,34,2.3694,0
4,35,2.1965,0
4,37,1.5678,0
4,38,2.48,0
4,39,1.3741,0
4,40,1.4567,0
4,41,2.0648,0
4,42,1.5134,0
4,43,2.2837,0
4,45,2.7131,0
4,46,1.9017,0
4,47,1.8422,0
4,48,2.0935,0
4,49,1.9357,0
4,50,3.0489,0
4,51,2.2563,0
4,52,1.8353,0
4,53,1.9559,0
4,54,1.8638,0
4,55,2.6225,0
4,57,1.7911,0
4,58,1.6793,0
4,59,1.5375,0
4,60,1.7366,0
4,61,1.4905,0
4,62,2.752,0
4,63,3.7279,0
4,64,2.4544,0
4,65,1.737,0
4,66,1.396,0
4,67,1.6007,0
4,68,1.4119,0
4,69,1.3936,0
4,70,3.3414,0
4,71,2.9295,0
4,72,2.5741,0
4,73,2.467,0
4,74,2.6898,0
4,75,2.6695,0
4,76,3.1364,0
4,77,2.998,0
4,78,2.8115,0
4,79,2.7571,0
4,81,3.2704,0
4,82,2.7461,0
4,83,2.4275,0
4,84,2.5706,0
4,85,2.4369,0
4,86,2.537,0
4,87,3.0798,0
4,88,3.5219,0
4,89,1.5313,0
4,90,1.5706,0
4,91,1.6501,0
4,92,1.7886,0
4,93,3.1971,0
4,94,3.0327,0
4,95,2.6411,0
4,96,2.5827,0
4,97,2.8058,0
4,98,3.0572,0
4,99,2.0918,0
4,100,2.3482,0
4,101,1.5005,0
4,102,2.0747,0
4,103,2.2223,0
4,104,3.1556,0
4,105,2.8255,0
4,106,1.6475,0
4,107,2.0831,0
4,108,1.5934,0
4,109,1.5789,0
4,110,1.5155,0
4,111,1.2906,0
4,112,1.5118,0
4,113,1.8084,0
4,114,2.5248,0
4,115,3.2247,0
4,116,2.4983,0
4,117,2.8554,0
4,118,2.9323,0
4,119,2.3343,0
4,120,2.5662,0
4,121,3.2509,0
4,122,2.4365,0
4,123,1.7596,0
4,124,1.5988,0
4,125,1.5268,0
4,126,1.9826,0
4,127,2.5047,0
4,128,2.9095,0
4,129,3.5866,0
4,130,1.659,0
4,131,1.4102,0
4,132,2.0229,0
4,133,1.3854,0
4,134,1.3829,0
4,135,2.7083,0
4,136,3.5391,0
4,137,1.7213,0
4,138,1.4339,0
4,139,1.4692,0
4,140,1.7954,0
4,141,1.3376,0
4,142,1.4086,0
4,143,2.5093,0
4,144,2.4497,0
4,145,1.8256,0
4,146,1.4948,0
4,147,1.456,0
4,148,1.4502,0
4,149,1.7593,0
4,150,1.9489,0
4,151,2.1699,0
4,152,3.3503,0
4,153,1.6625,0
4,154,2.2112,0
4,155,3.0639,0
4,156,2.7061,0
4,157,2.1654,0
4,158,2.7248,0
4,159,2.5607,0
4,160,1.8223,0
4,161,1.7456,0
4,162,2.0639,0
4,163,1.829,0
4,164,2.7009,0
4,165,1.4669,0
4,166,1.4037,0
4,167,1.8987,0
4,168,1.401,0
4,169,1.3967,0
4,170,1.4557,0
4,171,1.3991,0
4,172,1.3264,0
4,173,1.3209,0
4,174,1.6833,0
4,175,1.8809,0
4,176,1.4384,0
4,177,1.5076,0
4,178,1.5458,0
4,179,0.9098,0
4,180,1.0125,0
4,181,1.29,0
4,182,1.3824,0
4,183,1.3238,0
4,184,1.3587,0
4,185,1.7778,0
4,186,2.5914,0
4,187,1.8762,0
4,188,2.2235,0
4,189,2.2909,0
4,190,1.6955,0
4,191,1.2445,0
4,192,1.2047,0
4,193,1.3392,0
4,194,1.2345,0
4,195,2.4378,0
4,196,3.4237,0
4,197,2.3039,0
4,198,2.0657,0
4,199,1.5806,0
4,200,1.6258,0
4,201,1.3283,0
4,202,1.3266,0
4,203,1.1401,0
4,204,1.1968,0
4,205,3.0756,0
4,206,2.119,0
4,207,1.4006,0
4,208,1.2471,0
4,209,2.625,0
4,210,1.5431,0
4,211,3.5662,0
4,212,3.2727,0
4,213,3.2054,0
4,214,1.7425,0
4,215,1.5058,0
4,216,1.5871,0
4,217,1.546,0
4,218,1.6901,0
4,219,2.78,0
4,220,2.9991,0
4,221,2.4655,0
4,222,2.4862,0
4,223,2.5552,0
4,224,2.5783,0
4,225,1.5631,0
4,226,1.4828,0
4,227,2.0365,0
4,228,1.6966,0
4,229,1.3505,0
4,230,1.3369,0
4,231,2.4524,0
4,232,2.5713,0
4,233,2.0662,0
4,234,1.5137,0
4,235,1.4525,0
4,236,2.1116,0
4,237,1.3847,0
4,238,1.4891,0
4,239,1.4331,0
4,240,1.4651,0
4,241,2.5496,0
4,242,2.6221,0
4,243,1.3418,0
4,244,1.3529,0
4,245,1.5741,0
4,246,1.5286,0
4,247,1.2664,0
4,248,1.1366,0
4,249,1.1902,0
4,250,1.7572,0
4,251,1.3067,0
4,252,1.2747,0
4,253,1.2644,0
4,254,1.2054,0
4,255,1.4377,0
4,256,1.9464,0
4,257,1.2375,0
4,258,1.1725,0
4,259,1.2415,0
4,260,2.4911,0
4,261,1.2057,0
4,262,1.258,0
4,263,1.7144,0
4,264,1.3884,0
4,265,1.4507,0
4,266,1.455,0
4,267,1.7946,0
4,268,0.9934,0
4,269,1.3892,0
4,270,0.9114,0
4,271,0.928,0
4,272,1.0375,0
4,273,0.9067,0
4,274,1.4928,0
4,275,0.9666,0
4,276,1.9489,0
4,277,1.7794,0
4,278,2.0361,0
4,279,1.9508,0
4,280,1.2926,0
4,281,1.2944,0
4,282,1.3081,0
4,283,2.7991,0
4,284,2.4235,0
4,285,1.2756,0
4,286,1.4209,0
4,287,1.141,0
4,288,1.2793,0
4,289,1.783,0
4,290,1.2924,0
4,291,1.3348,0
4,292,1.3445,0
4,293,1.164,0
4,294,1.4171,0
4,295,1.2583,0
4,296,2.347,0
4,297,1.8076,0
4,298,1.2547,0
4,300,1.7935,0
4,301,1.2254,0
4,302,1.2348,0
4,303,2.1123,0
4,304,3.3765,0
4,305,3.2198,0
4,306,2.5761,0
4,307,1.862,0
4,308,0.989,0
4,309,1.2668,0
4,310,0.9656,0
4,311,1.9576,0
4,312,2.1726,0
4,313,1.0706,0
4,314,2.6526,0
4,315,2.7386,0
4,316,2.5075,0
4,317,2.2164,0
4,318,1.9107,0
4,319,1.5036,0
4,320,1.4667,0
4,321,1.3757,0
4,322,1.3444,0
4,323,2.242,0
4,324,1.7021,0
4,325,1.383,0
4,326,2.8863,0
4,327,2.106,0
4,328,2.9819,0
4,329,2.468,0
4,330,2.2511,0
4,331,1.8002,0
4,332,1.6664,0
4,333,3.2151,0
4,334,2.2402,0
4,335,1.5848,0
4,336,1.7052,0
4,337,3.2597,0
4,338,3.0762,0
4,339,3.2061,0
4,340,2.3997,0
4,341,2.1794,0
4,342,1.9397,0
4,343,2.4618,0
4,344,3.13,0
4,345,2.584,0
4,346,1.7081,0
4,347,1.617,0
4,348,1.6243,0
4,349,1.6754,0
4,350,2.0954,0
4,351,2.2021,0
4,352,1.6995,0
4,353,1.6596,0
4,354,2.9853,0
4,355,3.4811,0
4,356,1.6377,0
4,357,1.3926,0
4,358,1.5209,0
4,359,1.5835,0
4,360,1.4046,0
4,361,2.1304,0
4,362,2.1551,0
4,363,3.0304,0
4,364,2.7903,0
4,365,1.604,0
4,366,1.6586,0
4,367,1.3722,0
4,368,1.8382,0
4,369,2.28,0
4,370,2.2223,0
4,371,3.1994,0
4,372,2.0237,0
4,373,1.6117,0
4,374,1.9252,0
4,375,1.594,0
4,376,1.7964,0
4,377,1.3423,0
4,378,2.2816,0
4,379,1.4291,0
4,380,1.4457,0
4,381,1.5235,0
4,382,2.7797,0
4,383,2.6455,0
4,384,1.7141,0
4,385,1.9468,0
4,386,1.4716,0
4,387,3.2403,0
4,389,2.0624,0
4,390,2.8403,0
4,391,1.887,0
4,392,1.5451,0
4,393,1.3305,0
4,394,2.7095,0
4,395,2.7865,0
4,396,1.5753,0
4,397,2.0457,0
4,398,1.8052,0
4,399,1.4271,0
4,400,1.9834,0
4,401,1.5927,0
4,402,1.442,0
4,403,1.545,0
4,404,1.3833,0
4,405,1.3705,0
4,406,1.4178,0
4,407,2.8552,0
4,408,1.4299,0
4,409,1.7372,0
4,410,2.5817,0
4,411,2.9079,0
4,412,2.095,0
4,413,2.1824,0
4,414,2.9295,0
4,415,2.2495,0
4,416,3.2655,0
4,417,1.3831,0
4,418,2.4695,0
4,419,2.7353,0
4,420,2.7865,0
4,421,1.9258,0
4,422,1.6229,0
4,423,1.4419,0
4,424,1.4218,0
4,425,1.3796,0
4,426,1.725,0
4,427,1.4457,0
4,428,1.4638,0
4,429,1.9861,0
4,430,2.9574,0
4,431,2.904,0
4,432,1.9863,0
4,433,1.3154,0
4,434,1.5057,0
4,435,2.2472,0
4,436,2.3064,0
4,437,2.4046,0
4,438,2.7138,0
4,439,2.4893,0
4,440,2.6168,0
4,441,2.5049,0
4,442,2.531,0
4,443,1.9118,0
4,444,1.9499,0
4,445,1.5476,0
4,446,1.6522,0
4,447,1.5029,0
4,448,1.5435,0
4,449,1.4107,0
4,450,2.531,0
4,451,2.2171,0
4,452,1.3619,0
4,453,2.1563,0
4,454,1.3207,0
4,455,1.2605,0
4,456,1.279,0
4,457,1.3387,0
4,458,1.1943,0
4,459,1.3713,0
4,460,1.3718,0
4,461,1.2138,0
4,462,1.2487,0
4,463,1.2351,0
4,464,1.4338,0
4,465,0.9435,0
4,466,0.8779,0
4,467,0.942,0
4,468,1.2298,0
4,469,1.2214,0
4,470,1.2501,0
4,471,1.2493,0
4,472,1.3818,0
4,473,1.2865,0
4,474,1.202,0
4,475,1.2316,0
4,476,2.3001,0
4,477,2.0957,0
4,478,1.8232,0
4,479,1.7518,0
4,480,1.3089,0
4,481,1.2676,0
4,482,1.4959,0
4,483,1.6796,0
4,484,1.2646,0
4,485,1.4436,0
4,486,2.3192,0
4,487,1.8931,0
4,488,3.4594,0
4,489,1.8095,0
4,490,1.8647,0
4,491,1.8467,0
4,492,1.5131,0
4,493,1.5783,0
4,494,1.9863,0
4,495,3.4051,0
4,496,3.5157,0
4,497,2.2733,0
4,498,1.088,0
4,499,1.3372,0
5,0,1.4258,0
5,1,1.3819,0
5,2,1.6555,0
5,3,2.9973,0
5,4,2.8323,0
5,5,2.5424,0
5,6,2.5912,0
5,7,2.3545,0
5,8,2.0935,0
5,9,1.7666,0
5,10,1.3761,0
5,11,1.4469,0
5,12,1.419,0
5,13,1.7,0
5,14,1.4297,0
5,15,1.2767,0
5,16,1.4638,0
5,17,1.385,0
5,18,1.4192,0
5,19,1.3955,0
5,20,1.6473,0
5,21,1.2216,0
5,22,1.2419,0
5,23,1.3689,0
5,24,2.1359,0
5,25,2.498,0
5,26,1.4232,0
5,27,1.4416,0
5,28,1.3833,0
5,29,1.4747,0
5,30,2.2043,0
5,31,1.5515,0
5,32,1.6296,0
5,33,1.5905,0
5,34,1.691,0
5,35,2.1499,0
5,36,1.9229,0
5,37,1.3099,0
5,38,1.409,0
5,39,2.2395,0
5,40,2.1686,0
5,41,2.8983,0
5,42,1.917,0
5,43,1.4606,0
5,44,1.2711,0
5,45,1.3773,0
5,46,1.7714,0
5,47,1.5211,0
5,48,2.1438,0
5,49,1.2534,0
5,50,1.8822,0
5,51,1.2992,0
5,52,1.3186,0
5,53,1.1803,0
5,54,1.3108,0
5,55,1.1379,0
5,56,1.1989,0
5,57,1.5805,0
5,58,1.9952,0
5,59,1.4486,0
5,60,1.3245,0
5,61,1.1081,0
5,62,1.5295,0
5,63,1.6945,0
5,64,1.3023,0
5,65,1.6113,0
5,66,1.1693,0
5,67,1.6669,0
5,68,1.4415,0
5,69,3.1765,0
5,70,2.6366,0
5,71,3.488,0
5,72,2.2643,0
5,73,2.9061,0
5,74,2.6541,0
5,75,1.9579,0
5,76,1.254,0
5,77,1.718,0
5,78,1.3001,0
5,79,1.0159,0
5,80,0.9208,0
5,81,2.8665,0
5,84,2.8844,0
5,85,2.4208,0
5,86,2.4569,0
5,87,2.8877,0
5,88,2.741,0
5,89,1.8086,0
5,90,1.9184,0
5,91,2.46,0
5,92,1.7568,0
5,93,1.453,0
5,94,2.6675,0
5,95,3.1288,0
5,96,2.6647,0
5,97,1.5743,0
5,98,1.5658,0
5,99,1.5753,0
5,100,2.3584,0
5,101,2.2873,0
5,102,3.1462,0
5,103,1.5563,0
5,104,1.4435,0
5,105,1.3622,0
5,106,1.3533,0
5,107,1.4062,0
5,108,2.4243,0
5,109,2.8873,0
5,110,2.6539,0
5,111,3.6862,0
5,112,2.1061,0
5,113,2.5293,0
5,114,2.4488,0
5,115,2.9308,0
5,116,1.8456,0
5,117,1.8176,0
5,118,1.4992,0
5,119,1.4571,0
5,120,1.46,0
5,121,1.4566,0
5,122,1.4766,0
5,123,1.824,0
5,124,2.0737,0
5,125,2.1389,0
5,126,0.9748,0
5,127,1.5353,0
5,128,1.2772,0
5,129,1.2528,0
5,130,1.2755,0
5,131,1.2956,0
5,132,1.2575,0
5,133,1.2585,0
5,134,1.2719,0
5,135,1.3594,0
5,136,1.2622,0
5,137,1.8493,0
5,139,1.6254,0
5,140,1.228,0
5,141,1.2328,0
5,142,1.2365,0
5,143,1.344,0
5,144,1.6546,0
5,145,2.5565,0
5,146,1.4308,0
5,147,2.8707,0
5,148,1.4149,0
5,149,1.1588,0
5,150,2.7465,0
5,151,2.9087,0
5,152,2.4946,0
5,153,1.7798,0
5,154,2.1388,0
5,155,1.6738,0
5,156,1.4876,0
5,157,1.4453,0
5,158,1.4215,0
5,159,1.5816,0
5,160,1.5434,0
5,161,1.4454,0
5,162,1.2823,0
5,163,1.4157,0
5,164,1.8315,0
5,165,1.3556,0
5,166,1.2099,0
5,167,1.3395,0
5,168,1.3767,0
5,169,1.3681,0
5,170,1.6224,0
5,171,1.4647,0
5,172,1.9273,0
5,173,2.2961,0
5,174,2.4751,0
5,175,2.6206,0
5,176,1.2611,0
5,177,1.2196,0
5,178,1.2321,0
5,179,1.5463,0
5,180,1.3549,0
5,181,1.6583,0
5,182,1.281,0
5,183,1.4022,0
5,184,1.5203,0
5,185,1.6916,0
5,186,1.3433,0
5,187,1.2288,0
5,188,1.2164,0
5,189,1.2281,0
5,190,1.7463,0
5,191,1.2167,0
5,192,1.1812,0
5,193,1.2473,0
5,194,2.3698,0
5,195,2.9262,0
5,196,1.176,0
5,197,1.8963,0
5,198,1.2259,0
5,199,2.0962,0
5,200,2.2033,0
5,201,1.726,0
5,203,2.7372,0
5,204,1.7456,0
5,205,2.6136,0
5,206,2.4031,0
5,207,1.851,0
5,208,3.6746,0
5,209,2.1497,0
5,210,1.7442,0
5,211,1.6923,0
5,212,1.7937,0
5,213,1.5412,0
5,214,2.819,0
5,215,1.8595,0
5,216,2.8707,0
5,217,2.6412,0
5,218,1.5623,0
5,219,1.4457,0
5,220,1.4632,0
5,221,1.4325,0
5,222,2.8236,0
5,223,2.088,0
5,224,2.1539,0
5,225,1.6295,0
5,226,2.5715,0
5,227,2.3543,0
5,228,2.3341,0
5,229,1.914,0
5,230,1.5015,0
5,231,1.6136,0
5,232,1.6642,0
5,233,2.0519,0
5,234,1.8419,0
5,235,1.4031,0
5,236,1.4233,0
5,237,1.392,0
5,238,1.3878,0
5,239,1.395,0
5,240,1.3899,0
5,241,1.4152,0
5,242,1.3987,0
5,243,2.1819,0
5,244,1.2991,0
5,245,1.7868,0
5,246,1.2173,0
5,247,1.1887,0
5,248,1.2993,0
5,249,1.3379,0
5,250,1.6219,0
5,251,1.2834,0
5,252,1.2391,0
5,253,1.9458,0
5,254,1.3501,0
5,255,1.2743,0
5,256,1.3422,0
5,257,1.236,0
5,258,1.2071,0
5,259,1.1802,0
5,260,1.1871,0
5,261,1.1294,0
5,262,1.2079,0
5,263,1.1522,0
5,264,1.1613,0
5,265,1.1564,0
5,266,2.56,0
5,267,2.2848,0
5,268,2.5592,0
5,269,1.4057,0
5,270,1.6603,0
5,271,1.8775,0
5,272,1.2961,0
5,273,1.9268,0
5,274,2.3518,0
5,275,2.1806,0
5,276,1.5338,0
5,277,1.2545,0
5,278,1.2387,0
5,279,1.2213,0
5,280,1.1886,0
5,281,1.2521,0
5,282,1.2504,0
5,283,1.4746,0
5,284,1.4061,0
5,285,2.196,0
5,286,1.5863,0
5,287,1.5196,0
5,288,0.9692,0
5,289,0.9409,0
5,290,0.9442,0
5,291,0.9305,0
5,292,0.9418,0
5,293,0.9443,0
5,294,0.8978,0
5,295,0.9061,0
5,296,1.0274,0
5,297,1.0137,0
5,298,0.9002,0
5,299,1.5646,0
5,300,2.6914,0
5,301,1.2293,0
5,302,1.1839,0
5,303,1.1889,0
5,304,1.1632,0
5,305,1.1779,0
5,306,1.2036,0
5,307,1.1993,0
5,308,1.2252,0
5,309,3.2518,0
5,310,2.4652,0
5,311,2.5708,0
5,312,1.2522,0
5,313,1.2951,0
5,314,1.2632,0
5,315,1.249,0
5,316,1.4073,0
5,317,2.1488,0
5,318,2.4196,0
5,319,1.3264,0
5,320,3.0083,0
5,321,2.0241,0
5,322,2.9583,0
5,323,2.0264,0
5,324,1.8066,0
5,325,1.4699,0
5,326,1.6757,0
5,327,3.0482,0
5,328,2.1171,0
5,329,2.7288,0
5,330,2.9813,0
5,331,2.6475,0
5,332,3.2403,0
5,333,2.4387,0
5,334,2.9898,0
5,335,2.525,0
5,336,2.5789,0
5,337,2.7611,0
5,338,2.93,0
5,339,2.1276,0
5,340,1.6513,0
5,341,1.5245,0
5,342,1.5219,0
5,343,1.7423,0
5,344,1.8196,0
5,345,1.6131,0
5,346,2.0374,0
5,347,1.3875,0
5,348,1.3,0
5,349,3.5168,0
5,350,2.7284,0
5,351,2.0435,0
5,352,2.0537,0
5,353,2.1267,0
5,354,3.3269,0
5,355,2.4317,0
5,356,2.6876,0
5,357,2.7349,0
5,358,2.598,0
5,359,2.3465,0
5,360,2.9422,0
5,361,1.6332,0
5,362,1.841,0
5,363,1.5506,0
5,364,1.6522,0
5,365,2.8202,0
5,366,3.305,0
5,367,2.4497,0
5,368,1.7993,0
5,369,1.6026,0
5,370,1.8093,0
5,371,1.5438,0
5,372,1.8481,0
5,373,2.9777,0
5,374,2.6693,0
5,375,1.5,0
5,376,1.4775,0
5,377,1.4912,0
5,378,1.6062,0
5,379,1.5379,0
5,380,1.5448,0
5,381,3.2894,0
5,382,2.7187,0
5,383,2.7472,0
5,384,2.7878,0
5,385,1.8073,0
5,386,1.7123,0
5,387,1.696,0
5,388,1.5986,0
5,389,1.4712,0
5,390,2.2099,0
5,391,1.669,0
5,392,1.2808,0
5,393,1.4047,0
5,394,1.4113,0
5,395,1.2835,0
5,396,1.2993,0
5,397,1.3188,0
5,398,1.2612,0
5,399,1.2871,0
5,400,2.0289,0
5,401,1.5826,0
5,402,2.9923,0
5,403,1.3869,0
5,404,1.1991,0
5,405,1.1712,0
5,406,1.1644,0
5,407,1.3151,0
5,408,2.3438,0
5,409,1.3384,0
5,410,1.2723,0
5,411,1.6373,0
5,412,1.1362,0
5,413,1.183,0
5,414,1.5074,0
5,415,1.2615,0
5,416,1.2193,0
5,417,1.2795,0
5,418,2.9575,0
5,419,2.7174,0
5,420,2.8953,0
5,421,1.938,0
5,422,2.0723,0
5,423,1.5611,0
5,424,1.3593,0
5,425,1.3294,0
5,426,1.7138,0
5,427,1.3921,0
5,428,1.0983,0
5,429,1.3087,0
5,430,2.1255,0
5,431,1.8924,0
5,432,1.7087,0
5,433,1.4437,0
5,434,1.422,0
5,435,3.1437,0
5,437,3.0251,0
5,438,2.7171,0
5,439,1.4569,0
5,440,1.3987,0
5,441,1.315,0
5,442,1.3843,0
5,443,2.2269,0
5,444,1.9103,0
5,445,2.2575,0
5,446,2.7495,0
5,447,2.3348,0
5,448,2.3382,0
5,449,2.019,0
5,450,2.4051,0
5,451,1.3383,0
5,452,2.0149,0
5,453,1.416,0
5,454,1.3655,0
5,455,1.3862,0
5,456,1.7725,0
5,458,2.1336,0
5,459,1.392,0
5,460,2.1237,0
5,461,1.5884,0
5,462,1.6738,0
5,463,2.1357,0
5,464,3.2887,0
5,465,2.1883,0
5,466,1.5909,0
5,467,1.6353,0
5,468,2.3567,0
5,469,1.8923,0
5,470,2.0741,0
5,471,2.5188,0
5,472,2.1247,0
5,473,3.1544,0
5,474,2.5428,0
5,475,2.0165,0
5,476,1.566,0
5,477,1.6401,0
5,478,1.7067,0
5,479,1.7023,0
5,480,1.6043,0
5,481,1.6532,0
5,482,1.3888,0
5,483,1.8235,0
5,484,1.4683,0
5,485,1.6252,0
5,486,1.4819,0
5,487,1.3452,0
5,488,1.3699,0
5,489,1.4601,0
5,490,1.3851,0
5,491,1.2923,0
5,492,2.8419,0
5,493,2.0258,0
5,494,1.8775,0
5,495,2.0916,0
5,496,1.0627,0
5,497,1.1676,0
5,498,1.3419,0
5,499,1.4098,0
