round,frame_idx,queue_wait_ms,process_ms,fg_ms,total_ms,fg_sent
1,2,0.3055,3.7796,0.0,4.0851,0
1,3,0.2296,3.0245,0.0,3.2541,0
1,4,0.0997,3.2583,0.0,3.358,0
1,5,0.2495,3.9146,0.7945,4.958600000000001,1
1,6,0.4875,2.9598,0.0,3.4473,0
1,7,0.1649,3.0833,0.0,3.2481999999999998,0
1,8,0.2086,2.3597,0.0,2.5683000000000002,0
1,9,0.0693,2.9036,0.0,2.9729,0
1,10,0.0743,2.9588,0.4637,3.4968000000000004,1
1,11,0.0988,3.043,0.0,3.1418,0
1,12,0.0642,3.2136,0.0,3.2778,0
1,13,0.1019,3.0054,0.0,3.1073,0
1,14,0.076,3.0441,0.0,3.1201,0
1,15,0.1149,2.9394,0.3647,3.419,1
1,16,0.0802,2.0956,0.0,2.1758,0
1,17,0.0911,2.4601,0.0,2.5512,0
1,18,0.0734,3.4244,0.0,3.4978,0
1,19,0.1089,2.6758,0.0,2.7847,0
1,20,0.0958,3.5925,0.4431,4.1314,1
1,22,0.0846,2.6147,0.0,2.6993,0
1,23,0.1017,3.4802,0.0,3.5819,0
1,24,0.097,2.4071,0.0,2.5040999999999998,0
1,25,0.0772,3.5232,0.4181,4.0185,1
1,26,0.1883,2.9612,0.0,3.1494999999999997,0
1,27,0.0631,4.0338,0.0,4.096900000000001,0
1,28,0.0664,3.4466,0.0,3.513,0
1,29,0.0934,3.0854,0.0,3.1788,0
1,30,0.0816,1.9518,0.417,2.4503999999999997,1
1,31,0.0663,1.5795,0.0,1.6458,0
1,32,0.2551,2.293,0.0,2.5481000000000003,0
1,33,0.0643,1.4852,0.0,1.5495,0
1,34,0.0973,2.37,0.0,2.4673000000000003,0
1,35,0.2424,2.587,0.4068,3.2362,1
1,36,0.0706,2.4653,0.0,2.5359,0
1,37,0.0491,1.45,0.0,1.4990999999999999,0
1,38,0.1306,2.9869,0.0,3.1174999999999997,0
1,39,0.0558,2.175,0.0,2.2308,0
1,40,0.0954,2.6703,0.3391,3.1048000000000004,1
1,41,0.0411,1.3333,0.0,1.3743999999999998,0
1,42,0.0652,2.252,0.0,2.3171999999999997,0
1,43,0.0657,2.4986,0.0,2.5643000000000002,0
1,44,0.0794,2.1689,0.0,2.2483,0
1,45,0.0323,1.9793,0.3247,2.3363,1
1,46,0.064,2.4778,0.0,2.5418,0
1,47,0.0445,1.553,0.0,1.5975,0
1,48,0.0657,2.1403,0.0,2.206,0
1,49,0.0434,1.4694,0.0,1.5128000000000001,0
1,50,0.0964,2.771,0.5358,3.4032,1
1,51,0.069,2.4065,0.0,2.4755,0
1,52,0.0701,2.3747,0.0,2.4448,0
1,53,0.0396,1.6039,0.0,1.6435000000000002,0
1,54,0.2831,2.3313,0.0,2.6144000000000003,0
1,55,0.0518,2.8709,0.5616,3.4842999999999997,1
1,56,0.0927,2.3593,0.0,2.452,0
1,57,0.0803,1.9422,0.0,2.0225,0
1,58,0.0883,1.5544,0.0,1.6427,0
1,59,0.0862,3.7208,0.0,3.807,0
1,60,0.084,4.3918,0.4719,4.947699999999999,1
1,61,0.1134,2.5207,0.0,2.6341,0
1,62,0.0651,2.4071,0.0,2.4722,0
1,63,0.0989,3.0106,0.0,3.1095,0
1,64,0.0769,2.4376,0.0,2.5145000000000004,0
1,65,0.1321,3.0552,0.4495,3.6368,1
1,66,0.0834,2.5892,0.0,2.6726,0
1,67,0.0958,2.7214,0.0,2.8172,0
1,68,0.0867,2.3889,0.0,2.4756,0
1,69,0.1336,2.8839,0.0,3.0175,0
1,70,0.2466,2.8258,0.385,3.4574,1
1,71,0.114,2.6987,0.0,2.8127,0
1,72,0.1156,2.1514,0.0,2.2670000000000003,0
1,73,0.109,2.7072,0.0,2.8162,0
1,74,0.0535,3.1216,0.0,3.1751,0
1,75,0.1228,2.6973,0.3892,3.2093,1
1,76,0.0441,1.6575,0.0,1.7016,0
1,77,0.0711,2.5404,0.0,2.6115,0
1,78,0.252,1.8315,0.0,2.0835,0
1,79,0.0849,3.0724,0.0,3.1573,0
1,80,0.0528,2.5896,0.4214,3.0637999999999996,1
1,81,0.1148,2.3399,0.0,2.4547,0
1,82,0.0481,1.6497,0.0,1.6978,0
1,83,0.0928,2.473,0.0,2.5658,0
1,84,0.0744,1.654,0.0,1.7284,0
1,85,0.0701,1.702,0.2899,2.062,1
1,86,0.2371,2.5881,0.0,2.8251999999999997,0
1,87,0.0618,2.5521,0.0,2.6138999999999997,0
1,88,0.0791,2.3285,0.0,2.4076,0
1,89,0.0526,1.5361,0.0,1.5887,0
1,90,0.3273,3.6915,0.5844,4.603199999999999,1
1,91,0.3171,2.3511,0.0,2.6682,0
1,92,0.2164,2.6949,0.0,2.9113,0
1,93,0.044,1.4954,0.0,1.5394,0
1,94,0.0887,1.8742,0.0,1.9629,0
1,95,0.0865,2.7352,0.5064,3.3281,1
1,96,0.1059,2.6311,0.0,2.737,0
1,97,0.0605,2.5498,0.0,2.6102999999999996,0
1,98,0.0978,2.2167,0.0,2.3145,0
1,99,0.0926,2.2942,0.0,2.3868,0
1,101,0.0735,2.0224,0.0,2.0959000000000003,0
1,102,0.0857,2.245,0.0,2.3307,0
1,103,0.0594,2.0682,0.0,2.1276,0
1,104,0.0896,2.5105,0.0,2.6001,0
1,105,0.0455,1.6276,0.3786,2.0517,1
1,106,0.0736,2.1973,0.0,2.2708999999999997,0
1,107,0.0382,1.4373,0.0,1.4755,0
1,108,0.2946,2.1336,0.0,2.4282,0
1,109,0.0548,1.6792,0.0,1.734,0
1,110,0.2893,2.1203,0.3455,2.7550999999999997,1
1,111,0.0397,1.4536,0.0,1.4933,0
1,112,0.0909,2.0372,0.0,2.1281,0
1,113,0.0492,1.5199,0.0,1.5691,0
1,114,0.0592,1.9942,0.0,2.0534,0
1,115,0.0799,1.9494,0.2795,2.3088,1
1,116,0.0434,1.3372,0.0,1.3806,0
1,117,0.0909,2.2652,0.0,2.3561,0
1,118,0.0377,1.3806,0.0,1.4183000000000001,0
1,119,0.1022,2.6697,0.0,2.7719,0
1,120,0.432,1.5283,0.5698,2.5301,1
1,121,0.0906,2.3441,0.0,2.4347,0
1,122,0.0622,1.4309,0.0,1.4931,0
1,123,0.0843,2.5464,0.0,2.6307,0
1,124,0.0556,1.8636,0.0,1.9192,0
1,125,0.1277,3.6107,0.699,4.4374,1
1,126,0.6425,2.4599,0.0,3.1024000000000003,0
1,127,0.0965,2.2602,0.0,2.3567,0
1,128,0.0552,1.7659,0.0,1.8211,0
1,129,0.0628,1.8628,0.0,1.9256,0
1,130,0.0456,1.8223,0.3295,2.1974,1
1,131,0.0791,2.1694,0.0,2.2485,0
1,132,0.0487,1.7451,0.0,1.7938,0
1,133,0.2178,2.6777,0.0,2.8955,0
1,134,0.0442,1.7627,0.0,1.8069,0
1,135,0.0764,2.2447,0.3356,2.6567,1
1,136,0.0433,1.3891,0.0,1.4324,0
1,137,0.1321,2.662,0.0,2.7941,0
1,138,0.0515,1.6813,0.0,1.7328000000000001,0
1,139,0.0706,2.4369,0.0,2.5075000000000003,0
1,141,0.0694,2.2777,0.0,2.3470999999999997,0
1,142,0.122,2.8759,0.0,2.9979,0
1,143,0.4316,2.1543,0.0,2.5859,0
1,144,0.1343,2.6445,0.0,2.7788,0
1,145,0.0522,2.7377,0.5117,3.3015999999999996,1
1,146,0.0973,2.7466,0.0,2.8439,0
1,147,0.0569,1.6402,0.0,1.6971,0
1,148,0.3528,3.0813,0.0,3.4341,0
1,149,0.097,2.6769,0.0,2.7739,0
1,150,0.6592,3.105,0.4842,4.2484,1
1,151,0.0734,1.6211,0.0,1.6945,0
1,152,0.0635,3.9338,0.0,3.9973,0
1,153,0.0521,1.6402,0.0,1.6923000000000001,0
1,154,0.098,2.4198,0.0,2.5178,0
1,155,0.0548,2.2277,0.3718,2.6543,1
1,156,0.0927,2.7728,0.0,2.8655,0
1,157,0.0405,1.8231,0.0,1.8636,0
1,158,0.2007,2.4741,0.0,2.6748,0
1,159,0.0423,1.4427,0.0,1.485,0
1,160,0.4345,2.7274,0.4985,3.6603999999999997,1
1,161,0.2987,2.3542,0.0,2.6529000000000003,0
1,162,0.0932,2.2367,0.0,2.3299,0
1,163,0.0588,1.4093,0.0,1.4681,0
1,164,0.1025,2.7664,0.0,2.8689,0
1,165,0.0405,1.3617,0.3188,1.7209999999999999,1
1,166,0.0706,2.5048,0.0,2.5754,0
1,167,0.0416,1.2782,0.0,1.3198,0
1,168,0.0637,2.019,0.0,2.0827,0
1,169,0.0726,2.6003,0.0,2.6729,0
1,170,0.0405,1.3034,0.3181,1.662,1
1,171,0.096,3.3431,0.0,3.4391000000000003,0
1,172,0.3621,2.4968,0.0,2.8588999999999998,0
1,173,0.1943,2.7407,0.0,2.935,0
1,174,0.0576,1.57,0.0,1.6276000000000002,0
1,175,0.1408,2.8147,0.4845,3.4400000000000004,1
1,176,0.0573,2.2834,0.0,2.3407,0
1,177,0.1218,3.788,0.0,3.9097999999999997,0
1,178,0.0601,2.3923,0.0,2.4524,0
1,179,0.1101,3.1204,0.0,3.2305,0
1,180,0.09,2.6564,0.4867,3.2331,1
1,181,0.1101,2.6996,0.0,2.8097000000000003,0
1,182,0.0619,2.2185,0.0,2.2804,0
1,183,0.2102,2.9488,0.0,3.159,0
1,184,0.0745,1.8984,0.0,1.9729,0
1,185,0.094,2.5293,0.414,3.0373,1
1,186,0.0417,2.085,0.0,2.1267,0
1,187,0.0796,2.2555,0.0,2.3351,0
1,188,0.0918,2.5533,0.0,2.6451000000000002,0
1,189,0.2997,2.3905,0.0,2.6902,0
1,190,0.0621,3.3803,0.7411,4.1835,1
1,191,0.0766,2.5714,0.0,2.648,0
1,192,0.0837,3.0065,0.0,3.0902,0
1,193,0.0795,2.1884,0.0,2.2679,0
1,194,0.0394,2.5311,0.0,2.5705,0
1,195,0.086,2.3338,0.3758,2.7956,1
1,196,0.0468,1.4113,0.0,1.4581,0
1,197,0.0935,2.2888,0.0,2.3823000000000003,0
1,198,0.1015,2.1993,0.0,2.3008,0
1,199,0.1097,1.7105,0.0,1.8201999999999998,0
1,200,0.0786,2.4692,0.3357,2.8834999999999997,1
1,201,0.0475,1.8227,0.0,1.8702,0
1,202,0.0878,2.3222,0.0,2.41,0
1,203,0.285,1.7885,0.0,2.0735,0
1,204,0.0956,2.8279,0.0,2.9235,0
1,205,0.2391,1.7949,0.3258,2.3598,1
1,206,0.0702,3.2696,0.0,3.3398,0
1,207,0.051,1.2661,0.0,1.3171,0
1,208,0.1254,2.0062,0.0,2.1316,0
1,209,0.0681,1.6708,0.0,1.7389000000000001,0
1,210,0.069,2.3353,0.4392,2.8435,1
1,211,0.0559,2.3516,0.0,2.4074999999999998,0
1,212,0.1284,3.9211,0.0,4.0495,0
1,213,0.1762,2.2379,0.0,2.4141,0
1,214,0.0734,1.8987,0.0,1.9721,0
1,215,0.0468,2.0923,0.3711,2.5102,1
1,216,0.0629,2.0682,0.0,2.1311,0
1,217,0.0414,1.3086,0.0,1.35,0
1,218,0.086,2.4559,0.0,2.5419,0
1,219,0.0434,1.3402,0.0,1.3836000000000002,0
1,220,0.09,2.5889,0.3571,3.036,1
1,221,0.055,2.1248,0.0,2.1798,0
1,222,0.0762,1.9871,0.0,2.0633,0
1,223,0.0583,1.5704,0.0,1.6287,0
1,224,0.0463,1.3129,0.0,1.3592,0
1,225,0.0719,1.7821,0.308,2.162,1
1,226,0.055,1.5373,0.0,1.5923,0
1,227,0.0748,2.2513,0.0,2.3261000000000003,0
1,228,0.0559,2.2851,0.0,2.3409999999999997,0
1,229,0.0736,1.9609,0.0,2.0345,0
1,230,0.0357,1.2919,0.3057,1.6333000000000002,1
1,231,0.0746,1.9178,0.0,1.9924,0
1,232,0.0404,1.2714,0.0,1.3118,0
1,233,0.2605,2.583,0.0,2.8435,0
1,234,0.2828,2.8542,0.0,3.137,0
1,235,0.0955,1.8741,0.778,2.7476000000000003,1
1,236,0.0455,1.8393,0.0,1.8848,0
1,237,0.0968,3.494,0.0,3.5908,0
1,238,0.0786,2.9677,0.0,3.0462999999999996,0
1,239,0.0926,2.6758,0.0,2.7684,0
1,240,0.0635,2.7125,0.443,3.219,1
1,241,0.0953,3.2784,0.0,3.3737,0
1,242,0.0751,3.1459,0.0,3.221,0
1,243,0.1357,2.6589,0.0,2.7946,0
1,244,0.0663,2.5403,0.0,2.6066,0
1,245,0.1124,3.2562,0.7126,4.0812,1
1,246,0.2445,2.6696,0.0,2.9141,0
1,247,0.0854,2.6888,0.0,2.7742,0
1,248,0.0723,2.4041,0.0,2.4764,0
1,249,0.0771,2.977,0.0,3.0541,0
1,250,0.0887,2.4521,0.4453,2.9861,1
1,251,0.0891,2.7917,0.0,2.8808000000000002,0
1,252,0.0856,3.0797,0.0,3.1653,0
1,253,0.1141,2.7166,0.0,2.8307,0
1,254,0.0684,2.5898,0.0,2.6582,0
1,255,0.0793,2.5461,0.3694,2.9948,1
1,256,0.1082,2.3661,0.0,2.4743,0
1,257,0.0555,1.4575,0.0,1.5130000000000001,0
1,258,0.1027,2.4807,0.0,2.5834,0
1,259,0.0702,2.7558,0.0,2.8259999999999996,0
1,260,0.1147,3.9891,0.5868,4.6906,1
1,261,0.1088,2.2107,0.0,2.3195,0
1,262,0.1072,3.4074,0.0,3.5146,0
1,263,0.1055,1.7917,0.0,1.8972,0
1,264,0.0922,2.1027,0.0,2.1949,0
1,265,0.0524,3.1204,0.5417,3.7145,1
1,266,0.0891,2.1095,0.0,2.1986000000000003,0
1,267,0.0513,1.6507,0.0,1.702,0
1,268,0.4823,1.9936,0.0,2.4759,0
1,269,0.051,1.9283,0.0,1.9792999999999998,0
1,271,0.0694,2.5634,0.0,2.6328,0
1,272,0.0841,2.944,0.0,3.0281,0
1,273,0.0509,1.727,0.0,1.7779,0
1,274,0.2373,2.1363,0.0,2.3735999999999997,0
1,275,0.0485,2.0404,0.3326,2.4215,1
1,276,0.3188,2.5595,0.0,2.8783,0
1,277,0.4665,2.5122,0.0,2.9787,0
1,278,0.2748,1.8903,0.0,2.1651000000000002,0
1,279,0.0418,1.951,0.0,1.9928000000000001,0
1,280,0.3602,1.9852,0.6396,2.9850000000000003,1
1,281,0.3224,2.5904,0.0,2.9128,0
1,282,0.0755,1.5545,0.0,1.63,0
1,283,0.2481,2.6095,0.0,2.8576,0
1,284,0.0835,1.7524,0.0,1.8358999999999999,0
1,285,0.2607,2.605,0.491,3.3567,1
1,286,0.0533,1.5549,0.0,1.6081999999999999,0
1,287,0.0994,2.6653,0.0,2.7647,0
1,288,0.3275,1.7329,0.0,2.0604,0
1,289,0.3838,2.1962,0.0,2.58,0
1,290,0.0487,1.424,0.3161,1.7888,1
1,291,0.3887,3.5247,0.0,3.9134,0
1,292,0.084,3.3734,0.0,3.4574000000000003,0
1,293,0.0992,2.7133,0.0,2.8125,0
1,294,0.0782,2.5923,0.0,2.6704999999999997,0
1,295,0.1342,3.7268,0.434,4.295,1
1,296,0.099,2.8057,0.0,2.9047,0
1,297,0.1186,3.6708,0.0,3.7893999999999997,0
1,298,0.0668,2.9616,0.0,3.0284,0
1,299,0.1298,3.2911,0.0,3.4209,0
1,300,0.1173,2.8193,0.4659,3.4025000000000003,1
1,301,0.1126,3.3686,0.0,3.4812,0
1,302,0.0956,3.4551,0.0,3.5507,0
1,303,0.1224,3.4302,0.0,3.5526,0
1,304,0.1249,3.3068,0.0,3.4316999999999998,0
1,305,0.112,3.3306,0.5065,3.9491,1
1,306,0.0921,3.3631,0.0,3.4552,0
1,307,0.131,2.3867,0.0,2.5176999999999996,0
1,308,0.1284,2.8945,0.0,3.0229,0
1,309,0.3344,2.6841,0.0,3.0185,0
1,310,0.0951,4.2318,0.7751,5.102,1
1,311,0.7214,3.0918,0.0,3.8132,0
1,312,0.1121,2.2406,0.0,2.3527,0
1,313,0.0835,2.0365,0.0,2.12,0
1,314,0.2166,2.6548,0.0,2.8714,0
1,315,0.0959,3.7044,0.4537,4.254,1
1,316,0.1237,3.4418,0.0,3.5655,0
1,317,0.1044,3.4046,0.0,3.509,0
1,318,0.1121,2.9339,0.0,3.046,0
1,319,0.1011,3.4604,0.0,3.5615,0
1,320,0.1077,3.2554,0.4572,3.8202999999999996,1
1,321,0.0879,2.6717,0.0,2.7596,0
1,322,0.1418,3.4941,0.0,3.6359,0
1,323,0.1009,3.0769,0.0,3.1778000000000004,0
1,324,0.1212,3.1789,0.0,3.3001,0
1,325,0.0888,1.9858,0.4319,2.5065000000000004,1
1,326,0.1253,2.4509,0.0,2.5762,0
1,327,0.0751,2.792,0.0,2.8670999999999998,0
1,328,0.0974,3.175,0.0,3.2723999999999998,0
1,329,0.1077,3.1766,0.0,3.2843,0
1,330,0.1446,2.3161,0.4162,2.8769,1
1,331,0.0857,3.0862,0.0,3.1719,0
1,332,0.1114,2.6562,0.0,2.7676000000000003,0
1,333,0.1063,2.6491,0.0,2.7554,0
1,334,0.088,2.8023,0.0,2.8903,0
1,335,0.0894,3.1764,0.549,3.8148,1
1,336,0.0953,3.1056,0.0,3.2009,0
1,337,0.0995,3.2109,0.0,3.3104,0
1,338,0.0639,2.3998,0.0,2.4637,0
1,339,0.1022,3.4821,0.0,3.5843,0
1,340,0.0864,3.139,0.5111,3.7364999999999995,1
1,341,0.0973,3.4523,0.0,3.5496000000000003,0
1,342,0.0858,2.4517,0.0,2.5375,0
1,343,0.3648,2.7705,0.0,3.1353,0
1,344,0.1008,2.4297,0.0,2.5305,0
1,345,0.1217,2.8998,0.6875,3.709,1
1,346,0.0962,2.3495,0.0,2.4457,0
1,347,0.1047,3.1447,0.0,3.2493999999999996,0
1,348,0.0622,2.7755,0.0,2.8377,0
1,349,0.1097,2.8981,0.0,3.0078,0
1,350,0.0901,2.7189,0.4284,3.2374,1
1,351,0.1149,3.2675,0.0,3.3824,0
1,352,0.102,2.9291,0.0,3.0311,0
1,353,0.118,2.7329,0.0,2.8508999999999998,0
1,354,0.0794,2.6064,0.0,2.6858,0
1,355,0.0967,3.1155,0.4809,3.6931,1
1,356,0.0903,2.0649,0.0,2.1552000000000002,0
1,357,0.1003,2.3036,0.0,2.4038999999999997,0
1,358,0.067,3.6085,0.0,3.6755,0
1,359,0.1292,3.3209,0.0,3.4501,0
1,360,0.1016,2.1299,0.3492,2.5807,1
1,361,0.1011,3.2632,0.0,3.3643,0
1,362,0.1307,3.6993,0.0,3.83,0
1,363,0.0837,2.6587,0.0,2.7424,0
1,364,0.1218,3.2234,0.0,3.3451999999999997,0
1,365,0.0822,2.9551,0.4532,3.4904999999999995,1
1,366,0.1013,3.01,0.0,3.1113,0
1,367,0.1291,2.762,0.0,2.8911,0
1,368,0.1122,3.1143,0.0,3.2265,0
1,369,0.1113,2.5567,0.0,2.668,0
1,370,0.1008,3.422,0.5621,4.0849,1
1,371,0.2996,2.5396,0.0,2.8392,0
1,372,0.146,3.5878,0.0,3.7338,0
1,373,0.0882,2.6483,0.0,2.7365,0
1,374,0.1047,3.6185,0.0,3.7232,0
1,375,0.0955,3.1333,0.5202,3.749,1
1,376,0.1166,2.9391,0.0,3.0557,0
1,377,0.1059,2.8972,0.0,3.0031000000000003,0
1,378,0.1359,2.8656,0.0,3.0015,0
1,379,0.0882,2.4257,0.0,2.5139,0
1,380,0.0806,3.3565,0.6286,4.0657,1
1,381,0.3536,3.4377,0.0,3.7913,0
1,382,0.2074,3.8598,0.0,4.0672,0
1,383,0.1107,3.6264,0.0,3.7371,0
1,384,0.1318,3.5632,0.0,3.6950000000000003,0
1,385,0.1179,2.9199,0.425,3.4628,1
1,386,0.1131,3.466,0.0,3.5791000000000004,0
1,387,0.0757,3.1924,0.0,3.2681,0
1,388,0.1054,2.5892,0.0,2.6946,0
1,389,0.0874,2.5127,0.0,2.6001000000000003,0
1,390,0.117,2.8532,0.4414,3.4116,1
1,391,0.1245,3.2535,0.0,3.3779999999999997,0
1,392,0.0652,2.3717,0.0,2.4369,0
1,393,0.11,2.6855,0.0,2.7955,0
1,394,0.0859,1.6628,0.0,1.7487000000000001,0
1,395,0.0912,2.1687,0.747,3.0069,1
1,396,0.0498,1.3686,0.0,1.4184,0
1,397,0.1442,3.3615,0.0,3.5057,0
1,398,0.084,2.6693,0.0,2.7533,0
1,399,0.101,2.7412,0.0,2.8422,0
1,400,0.0745,2.4402,0.5187,3.0334,1
1,401,0.278,2.8833,0.0,3.1613,0
1,402,0.0593,1.5966,0.0,1.6559,0
1,403,0.1162,2.506,0.0,2.6222,0
1,404,0.0476,1.5172,0.0,1.5648000000000002,0
1,406,0.074,2.6698,0.0,2.7438,0
1,407,0.1214,2.7502,0.0,2.8716,0
1,408,0.0944,3.2074,0.0,3.3017999999999996,0
1,409,0.0986,2.4755,0.0,2.5740999999999996,0
1,410,0.0708,3.2086,0.7235,4.0029,1
1,411,0.0946,2.1969,0.0,2.2914999999999996,0
1,412,0.3842,2.9197,0.0,3.3039,0
1,413,0.2592,3.7996,0.0,4.0588,0
1,414,0.3059,1.9896,0.0,2.2955,0
1,415,0.0961,3.0161,0.3775,3.4896999999999996,1
1,416,0.0569,1.6076,0.0,1.6644999999999999,0
1,417,0.1078,3.3363,0.0,3.4441,0
1,418,0.1184,2.7061,0.0,2.8245,0
1,419,0.2992,2.4689,0.0,2.7681,0
1,420,0.4246,4.0099,0.6167,5.0512,1
1,421,0.2421,2.1781,0.0,2.4202000000000004,0
1,422,0.0505,2.5971,0.0,2.6476,0
1,423,0.2941,3.8174,0.0,4.1115,0
1,424,0.0982,3.4765,0.0,3.5747,0
1,425,0.2631,2.4482,0.5615,3.2728,1
1,426,0.1048,2.8416,0.0,2.9464,0
1,427,0.0868,1.8983,0.0,1.9851,0
1,428,0.0794,2.3064,0.0,2.3858,0
1,429,0.0437,1.57,0.0,1.6137000000000001,0
1,430,0.3202,2.6579,0.3845,3.3626,1
1,431,0.0406,1.5344,0.0,1.575,0
1,432,0.329,1.8583,0.0,2.1873,0
1,433,0.0502,1.4391,0.0,1.4893,0
1,434,0.3523,2.6486,0.0,3.0009,0
1,435,0.304,2.3761,0.6762,3.3563,1
1,436,0.1221,3.093,0.0,3.2151,0
1,437,0.1022,1.796,0.0,1.8982,0
1,438,0.0706,2.4533,0.0,2.5239000000000003,0
1,439,0.0383,1.3972,0.0,1.4355,0
1,441,0.3646,1.9636,0.0,2.3282,0
1,442,0.2644,2.8046,0.0,3.0690000000000004,0
1,443,0.2265,1.3914,0.0,1.6179,0
1,444,0.2772,3.2039,0.0,3.4811,0
1,445,0.0981,3.4698,0.5762,4.1441,1
1,446,0.0584,1.3782,0.0,1.4366,0
1,447,0.1458,2.6617,0.0,2.8075,0
1,448,0.0605,1.3367,0.0,1.3972,0
1,449,0.4184,2.6807,0.0,3.0991,0
1,450,0.394,1.9145,0.6937,3.0022,1
1,451,0.0929,2.7371,0.0,2.83,0
1,452,0.0523,1.5989,0.0,1.6512,0
1,453,0.1237,3.2839,0.0,3.4076,0
1,454,0.2885,2.7802,0.0,3.0686999999999998,0
1,455,0.2209,2.823,0.4127,3.4566,1
1,456,0.068,2.358,0.0,2.426,0
1,457,0.356,3.5958,0.0,3.9518,0
1,458,0.1178,2.2332,0.0,2.351,0
1,459,0.1462,2.6824,0.0,2.8286,0
1,460,0.1122,2.7609,0.4653,3.3384,1
1,461,0.1223,3.2547,0.0,3.3770000000000002,0
1,462,0.1051,3.2853,0.0,3.3904,0
1,463,0.1171,3.1373,0.0,3.2544000000000004,0
1,464,0.2572,2.6655,0.0,2.9227000000000003,0
1,465,0.1638,4.2797,0.6794,5.1229000000000005,1
1,466,0.1847,3.6471,0.0,3.8318,0
1,467,0.4251,3.4755,0.0,3.9006,0
1,468,0.1242,3.0999,0.0,3.2241,0
1,469,0.2832,2.7666,0.0,3.0498,0
1,470,0.0945,3.46,0.6492,4.2036999999999995,1
1,471,0.4334,4.4733,0.0,4.9067,0
1,472,0.0907,4.0807,0.0,4.1714,0
1,473,0.1418,3.5711,0.0,3.7129,0
1,474,0.0946,3.7106,0.0,3.8051999999999997,0
1,475,0.1036,3.0911,0.4799,3.6746,1
1,476,0.1172,3.5151,0.0,3.6323,0
1,477,0.1017,3.5507,0.0,3.6524,0
1,478,0.1208,3.2435,0.0,3.3643,0
1,479,0.0872,2.6698,0.0,2.757,0
1,480,0.1061,2.7852,0.5098,3.4011000000000005,1
1,481,0.1012,2.0002,0.0,2.1014,0
1,482,0.1043,3.1747,0.0,3.279,0
1,483,0.1416,1.6912,0.0,1.8328,0
1,484,0.1006,2.9548,0.0,3.0554,0
1,485,0.092,2.007,0.3758,2.4748,1
1,486,0.1086,2.9444,0.0,3.053,0
1,487,0.0827,2.6028,0.0,2.6854999999999998,0
1,488,0.1088,2.1385,0.0,2.2473,0
1,489,0.0498,1.6624,0.0,1.7122000000000002,0
1,490,0.339,2.1432,0.7898,3.2720000000000002,1
1,491,0.0538,1.4984,0.0,1.5522,0
1,492,0.2513,3.5946,0.0,3.8459,0
1,493,0.0505,1.726,0.0,1.7765,0
1,494,0.2873,2.1964,0.0,2.4837000000000002,0
1,495,0.2605,3.1078,0.6027,3.971,1
1,496,0.1027,2.9717,0.0,3.0744,0
1,497,0.2635,3.0832,0.0,3.3467000000000002,0
1,498,0.0912,2.8325,0.0,2.9237,0
1,499,0.4375,3.2133,0.0,3.6508,0
2,0,0.1051,1.6793,0.5702,2.3546,1
2,1,0.3471,2.6736,0.0,3.0207,0
2,2,0.2913,2.3765,0.0,2.6678,0
2,3,0.1013,2.5259,0.0,2.6272,0
2,4,0.0633,2.7455,0.0,2.8087999999999997,0
2,5,0.1089,2.7537,0.4411,3.3036999999999996,1
2,6,0.062,1.8256,0.0,1.8876,0
2,7,0.0607,2.7127,0.0,2.7734,0
2,8,0.0437,1.5478,0.0,1.5915000000000001,0
2,9,0.282,2.111,0.0,2.3930000000000002,0
2,10,0.0433,1.3712,0.5433,1.9577999999999998,1
2,11,0.3562,1.8551,0.0,2.2113,0
2,12,0.0408,1.3149,0.0,1.3557,0
2,13,0.1076,3.5091,0.0,3.6167000000000002,0
2,14,0.3861,1.9292,0.0,2.3153,0
2,16,0.5703,2.3148,0.0,2.8851,0
2,17,0.3314,1.9392,0.0,2.2706,0
2,18,0.0446,2.4572,0.0,2.5018,0
2,19,0.2932,1.9515,0.0,2.2447,0
2,20,0.0542,2.4098,0.5487,3.0126999999999997,1
2,21,0.2149,3.868,0.0,4.0828999999999995,0
2,22,0.378,2.5528,0.0,2.9308,0
2,23,0.3435,2.8874,0.0,3.2309,0
2,24,0.0965,2.5061,0.0,2.6026,0
2,25,0.0798,2.3299,0.531,2.9407,1
2,26,0.0761,3.1924,0.0,3.2685,0
2,27,0.0666,1.5905,0.0,1.6571,0
2,28,0.09,3.6238,0.0,3.7138,0
2,29,0.3074,2.4998,0.0,2.8072,0
2,31,0.2729,2.3369,0.0,2.6098,0
2,32,0.4118,2.7845,0.0,3.1963,0
2,33,0.2535,1.4204,0.0,1.6739000000000002,0
2,34,0.1026,2.0418,0.0,2.1443999999999996,0
2,36,0.3028,1.8801,0.0,2.1829,0
2,37,0.189,1.3469,0.0,1.5359,0
2,39,0.412,3.1263,0.0,3.5383,0
2,40,0.1107,3.3934,0.5536,4.0577000000000005,1
2,41,0.0685,1.9173,0.0,1.9858,0
2,42,0.1208,3.4597,0.0,3.5805000000000002,0
2,43,0.1286,3.7878,0.0,3.9164,0
2,44,0.1182,3.7858,0.0,3.904,0
2,45,0.1027,3.3812,0.436,3.9199,1
2,46,0.1225,4.262,0.0,4.384499999999999,0
2,47,0.1073,2.9137,0.0,3.021,0
2,48,0.1043,3.4184,0.0,3.5227,0
2,49,0.095,1.8781,0.0,1.9731,0
2,50,0.1121,2.4054,0.433,2.9505,1
2,51,0.0791,2.6139,0.0,2.693,0
2,52,0.1059,2.488,0.0,2.5939,0
2,53,0.0455,1.7185,0.0,1.764,0
2,54,0.1782,2.2409,0.0,2.4191,0
2,55,0.0562,1.6818,0.522,2.26,1
2,56,0.3122,1.8376,0.0,2.1498,0
2,57,0.0876,2.1301,0.0,2.2177000000000002,0
2,58,0.0532,1.4408,0.0,1.494,0
2,59,0.0941,2.7599,0.0,2.854,0
2,60,0.062,2.7209,0.57,3.3528999999999995,1
2,61,0.0905,4.0008,0.0,4.0912999999999995,0
2,62,0.4866,1.8964,0.0,2.383,0
2,63,0.0837,3.5562,0.0,3.6399,0
2,64,0.0685,1.7534,0.0,1.8219,0
2,65,0.1103,4.486,0.5467,5.142999999999999,1
2,67,0.0809,2.8443,0.0,2.9252000000000002,0
2,68,0.0482,2.0361,0.0,2.0843,0
2,69,0.3304,1.8148,0.0,2.1452,0
2,70,0.0447,1.8989,0.5353,2.4789,1
2,71,0.2715,2.4054,0.0,2.6769000000000003,0
2,72,0.0543,2.1984,0.0,2.2527,0
2,73,0.1142,3.3588,0.0,3.473,0
2,74,0.7365,2.1738,0.0,2.9103,0
2,75,0.0697,3.0133,0.5246,3.6076,1
2,76,0.0468,1.3151,0.0,1.3618999999999999,0
2,77,0.3497,2.0056,0.0,2.3552999999999997,0
2,78,0.049,2.7146,0.0,2.7636,0
2,79,0.2792,1.9675,0.0,2.2467,0
2,80,0.0427,1.7766,0.3057,2.125,1
2,81,0.3001,2.7377,0.0,3.0378,0
2,82,0.0559,1.5458,0.0,1.6017000000000001,0
2,83,0.0998,3.3172,0.0,3.4170000000000003,0
2,84,0.3048,3.008,0.0,3.3128,0
2,85,0.0509,1.4203,0.3398,1.811,1
2,86,0.1282,3.913,0.0,4.0412,0
2,87,0.0768,2.9917,0.0,3.0685,0
2,88,0.3906,2.8624,0.0,3.253,0
2,89,0.0817,2.5131,0.0,2.5948,0
2,90,0.1183,3.5151,0.6554,4.2888,1
2,91,0.1033,2.9008,0.0,3.0040999999999998,0
2,92,0.0861,2.8252,0.0,2.9113,0
2,93,0.117,2.1724,0.0,2.2894,0
2,94,0.0984,3.1793,0.0,3.2777,0
2,95,0.0692,2.5834,0.4016,3.0542000000000002,1
2,96,0.1098,2.6607,0.0,2.7704999999999997,0
2,97,0.0916,1.6155,0.0,1.7070999999999998,0
2,98,0.0659,1.5121,0.0,1.578,0
2,99,0.3025,1.8445,0.0,2.1470000000000002,0
2,100,0.2373,2.3967,0.8017,3.4356999999999998,1
2,101,0.0515,1.9125,0.0,1.9640000000000002,0
2,102,0.3193,2.34,0.0,2.6593,0
2,103,0.0673,2.8105,0.0,2.8778,0
2,104,0.2858,2.5666,0.0,2.8524000000000003,0
2,105,0.056,1.6093,0.3023,1.9676,1
2,106,0.0536,3.429,0.0,3.4825999999999997,0
2,107,0.0686,2.3905,0.0,2.4591,0
2,108,0.0929,2.9198,0.0,3.0127,0
2,109,0.2952,1.954,0.0,2.2492,0
2,110,0.0444,1.594,0.3188,1.9572,1
2,111,0.1074,2.4148,0.0,2.5222,0
2,112,0.4376,1.9475,0.0,2.3851,0
2,113,0.1052,2.2773,0.0,2.3825,0
2,114,0.0535,2.1412,0.0,2.1947,0
2,116,0.0607,2.1908,0.0,2.2515,0
2,117,0.2984,2.3108,0.0,2.6092,0
2,118,0.0803,2.4139,0.0,2.4941999999999998,0
2,119,0.2644,2.0727,0.0,2.3371000000000004,0
2,121,0.3784,1.9767,0.0,2.3550999999999997,0
2,122,0.0421,1.2291,0.0,1.2712,0
2,123,0.0806,1.7501,0.0,1.8307,0
2,124,0.0389,1.2683,0.0,1.3072,0
2,125,0.1175,2.9956,0.5967,3.7098000000000004,1
2,126,0.5308,1.87,0.0,2.4008000000000003,0
2,127,0.3264,1.9285,0.0,2.2549,0
2,128,0.0408,1.2467,0.0,1.2874999999999999,0
2,129,0.3299,2.5794,0.0,2.9093,0
2,130,0.2627,2.3216,0.316,2.9003,1
2,131,0.243,2.3521,0.0,2.5951,0
2,132,0.0381,1.3122,0.0,1.3503,0
2,133,0.3792,4.2713,0.0,4.6505,0
2,134,0.6145,2.391,0.0,3.0055,0
2,135,0.1256,3.0277,0.4607,3.614,1
2,136,0.0955,2.1715,0.0,2.267,0
2,137,0.1066,2.8592,0.0,2.9657999999999998,0
2,138,0.0896,2.4439,0.0,2.5335,0
2,139,0.4757,3.1864,0.0,3.6620999999999997,0
2,140,0.0944,2.2483,0.6341,2.9768,1
2,141,0.0611,1.7663,0.0,1.8274,0
2,142,0.3882,2.6361,0.0,3.0242999999999998,0
2,143,0.2908,1.469,0.0,1.7598,0
2,144,0.3067,2.4312,0.0,2.7379,0
2,145,0.0727,1.5289,0.3416,1.9432,1
2,146,0.2642,2.1186,0.0,2.3827999999999996,0
2,147,0.0447,1.3359,0.0,1.3806,0
2,148,0.3497,1.9267,0.0,2.2764,0
2,149,0.0476,1.4075,0.0,1.4551,0
2,150,0.3833,2.5984,0.3863,3.368,1
2,151,0.3156,2.4654,0.0,2.7809999999999997,0
2,152,0.1176,2.6217,0.0,2.7393,0
2,153,0.0938,1.7051,0.0,1.7989000000000002,0
2,154,0.1344,3.0102,0.0,3.1446,0
2,155,0.0576,1.7467,0.3843,2.1886,1
2,156,0.0981,3.0814,0.0,3.1795,0
2,157,0.092,2.2999,0.0,2.3919,0
2,158,0.0898,3.4071,0.0,3.4968999999999997,0
2,159,0.095,2.5536,0.0,2.6486,0
2,160,0.1157,2.8426,0.4751,3.4334,1
2,161,0.066,3.3023,0.0,3.3682999999999996,0
2,162,0.1175,3.0869,0.0,3.2044,0
2,163,0.1051,2.6089,0.0,2.7140000000000004,0
2,164,0.3204,4.2933,0.0,4.613700000000001,0
2,165,0.121,2.8348,0.4828,3.4386,1
2,166,0.0866,3.0607,0.0,3.1473,0
2,167,0.1383,3.4869,0.0,3.6252,0
2,168,0.0859,2.5522,0.0,2.6381,0
2,169,0.1155,2.8278,0.0,2.9433,0
2,170,0.0546,1.8496,0.6228,2.527,1
2,171,0.0958,2.3519,0.0,2.4477,0
2,172,0.056,1.4202,0.0,1.4762,0
2,173,0.3663,1.9633,0.0,2.3296,0
2,174,0.2482,2.1817,0.0,2.4299000000000004,0
2,176,0.3333,1.9957,0.0,2.329,0
2,177,0.3791,2.9474,0.0,3.3265000000000002,0
2,178,0.3384,1.7005,0.0,2.0389,0
2,179,0.076,2.0871,0.0,2.1631,0
2,180,0.3196,3.082,0.3253,3.7268999999999997,1
2,181,0.0807,3.1986,0.0,3.2793,0
2,182,0.06,2.8043,0.0,2.8643,0
2,183,0.3563,3.6432,0.0,3.9995000000000003,0
2,184,0.1855,1.7652,0.0,1.9507,0
2,185,0.0837,3.2384,0.3584,3.6805,1
2,186,0.4493,1.3521,0.0,1.8014000000000001,0
2,187,0.257,1.7946,0.0,2.0516,0
2,188,0.0371,1.4393,0.0,1.4764,0
2,189,0.317,2.6739,0.0,2.9909000000000003,0
2,190,0.3596,3.3429,0.7324,4.4349,1
2,191,0.2697,3.9178,0.0,4.1875,0
2,192,0.2939,2.4162,0.0,2.7100999999999997,0
2,193,0.1171,1.6735,0.0,1.7906,0
2,194,0.115,2.1054,0.0,2.2204,0
2,195,0.044,1.5432,0.4875,2.0747,1
2,196,0.0974,2.9768,0.0,3.0742,0
2,197,0.0788,2.651,0.0,2.7298,0
2,198,0.3385,3.5049,0.0,3.8434,0
2,199,0.0875,2.3001,0.0,2.3876,0
2,200,0.1259,4.0018,0.4054,4.5331,1
2,201,0.0822,1.8472,0.0,1.9294,0
2,202,0.1047,2.5806,0.0,2.6853,0
2,203,0.0474,1.6145,0.0,1.6619000000000002,0
2,204,0.1007,2.4799,0.0,2.5806,0
2,205,0.0442,1.6689,0.4301,2.1432,1
2,206,0.1073,2.7773,0.0,2.8846,0
2,207,0.0992,2.4513,0.0,2.5505,0
2,208,0.085,2.2788,0.0,2.3638,0
2,209,0.0735,2.5365,0.0,2.6100000000000003,0
2,210,0.43,2.4491,0.7556,3.6347000000000005,1
2,211,0.0818,1.4508,0.0,1.5326000000000002,0
2,212,0.3051,2.2944,0.0,2.5995,0
2,213,0.047,2.1351,0.0,2.1821,0
2,214,0.3146,3.4947,0.0,3.8093,0
2,216,0.2609,1.8964,0.0,2.1573,0
2,217,0.3684,2.4738,0.0,2.8422,0
2,218,0.3734,1.9046,0.0,2.278,0
2,219,0.0483,1.3188,0.0,1.3671,0
2,220,0.0787,1.7164,0.497,2.2921,1
2,221,0.314,3.4903,0.0,3.8043,0
2,223,0.091,2.53,0.0,2.621,0
2,224,0.47,1.6457,0.0,2.1157,0
2,225,0.3991,3.2241,0.7901,4.4133,1
2,226,0.1169,2.242,0.0,2.3589,0
2,227,0.1096,2.5957,0.0,2.7053,0
2,228,0.0808,1.6291,0.0,1.7099,0
2,229,0.1238,2.5779,0.0,2.7017,0
2,230,0.0701,2.4995,0.4638,3.0334,1
2,231,0.1218,2.1618,0.0,2.2836,0
2,232,0.0669,1.7846,0.0,1.8515,0
2,233,0.1032,2.7237,0.0,2.8269,0
2,234,0.0569,1.6392,0.0,1.6961,0
2,235,0.1173,3.5311,0.6306,4.279,1
2,236,0.0883,2.9678,0.0,3.0561,0
2,237,0.0852,2.6556,0.0,2.7408,0
2,238,0.0456,1.5179,0.0,1.5635000000000001,0
2,239,0.3073,2.2183,0.0,2.5256000000000003,0
2,240,0.0664,2.7333,0.6555,3.4551999999999996,1
2,241,0.258,2.5548,0.0,2.8128,0
2,242,0.0771,1.4984,0.0,1.5755,0
2,243,0.2358,2.3934,0.0,2.6292,0
2,244,0.0541,1.536,0.0,1.5901,0
2,245,0.3362,2.7254,0.7091,3.7706999999999997,1
2,246,0.3427,1.3765,0.0,1.7192,0
2,247,0.0554,2.6732,0.0,2.7286,0
2,248,0.2621,1.3241,0.0,1.5862,0
2,249,0.0985,2.0125,0.0,2.111,0
2,250,0.089,3.0394,0.5359,3.6643,1
2,251,0.1356,2.2396,0.0,2.3752,0
2,252,0.1012,2.6171,0.0,2.7183,0
2,253,0.0887,2.7559,0.0,2.8446,0
2,254,0.139,3.4083,0.0,3.5473,0
2,255,0.0795,2.2714,0.4248,2.7756999999999996,1
2,256,0.0854,3.2315,0.0,3.3169,0
2,257,0.0769,1.4674,0.0,1.5443,0
2,258,0.364,3.4054,0.0,3.7694,0
2,259,0.3548,2.2018,0.0,2.5566,0
2,260,0.3101,2.712,0.4924,3.5145,1
2,261,0.0645,2.3076,0.0,2.3720999999999997,0
2,262,0.275,2.9567,0.0,3.2317,0
2,263,0.1238,2.598,0.0,2.7218,0
2,264,0.0975,2.969,0.0,3.0665,0
2,265,0.0601,2.0751,0.5056,2.6407999999999996,1
2,266,0.2793,3.1511,0.0,3.4304,0
2,267,0.0956,1.8882,0.0,1.9838,0
2,268,0.0963,2.1876,0.0,2.2839,0
2,269,0.0435,2.9344,0.0,2.9779,0
2,270,0.1053,2.866,0.395,3.3663000000000003,1
2,271,0.0907,3.2909,0.0,3.3816,0
2,272,0.0883,2.2763,0.0,2.3646,0
2,273,0.0572,1.9127,0.0,1.9699,0
2,274,0.1295,3.3316,0.0,3.4611,0
2,275,0.0613,1.5742,0.3533,1.9888,1
2,276,0.0819,1.5839,0.0,1.6658000000000002,0
2,277,0.1018,2.9262,0.0,3.028,0
2,278,0.1858,1.9032,0.0,2.089,0
2,279,0.0964,2.6064,0.0,2.7028,0
2,280,0.2901,2.8795,0.4722,3.6418,1
2,281,0.3435,3.9423,0.0,4.2858,0
2,282,0.3374,1.5753,0.0,1.9126999999999998,0
2,283,0.1435,3.4769,0.0,3.6204,0
2,284,0.0489,1.4305,0.0,1.4794,0
2,286,0.2108,2.7382,0.0,2.949,0
2,287,0.2734,2.9708,0.0,3.2442,0
2,288,0.049,1.5865,0.0,1.6355,0
2,289,0.0963,2.8557,0.0,2.952,0
2,290,0.2237,2.499,0.7525,3.4752,1
2,291,0.1039,2.7012,0.0,2.8051,0
2,292,0.0586,1.5792,0.0,1.6378,0
2,293,0.2935,2.0448,0.0,2.3383,0
2,294,0.0428,1.5962,0.0,1.639,0
2,295,0.0536,2.2629,0.5909,2.9074,1
2,296,0.2189,1.3063,0.0,1.5252000000000001,0
2,297,0.1091,3.0431,0.0,3.1522,0
2,298,0.1506,3.0666,0.0,3.2172,0
2,299,0.0781,2.8544,0.0,2.9325,0
2,300,0.0839,1.8167,0.6293,2.5299,1
2,301,0.0702,2.9741,0.0,3.0443,0
2,302,0.0602,3.1717,0.0,3.2319,0
2,303,0.0444,1.5987,0.0,1.6431,0
2,304,0.3117,2.1036,0.0,2.4153000000000002,0
2,305,0.1032,1.387,0.3645,1.8547,1
2,306,0.2454,2.494,0.0,2.7394000000000003,0
2,307,0.1064,2.0866,0.0,2.1929999999999996,0
2,308,0.2812,2.0078,0.0,2.289,0
2,309,0.1596,1.573,0.0,1.7326,0
2,311,0.029,2.5184,0.0,2.5474,0
2,312,0.3611,3.057,0.0,3.4181,0
2,313,0.3346,2.2603,0.0,2.5949,0
2,314,0.0961,2.5264,0.0,2.6225,0
2,315,0.0467,1.9301,0.5956,2.5724,1
2,316,0.094,2.6923,0.0,2.7862999999999998,0
2,317,0.0865,2.3582,0.0,2.4447,0
2,318,0.0742,2.4234,0.0,2.4976,0
2,319,0.3371,2.0177,0.0,2.3548,0
2,320,0.1016,2.5684,0.6837,3.3537,1
2,321,0.0837,3.3862,0.0,3.4699,0
2,322,0.095,2.1723,0.0,2.2673,0
2,323,0.0599,3.4683,0.0,3.5282,0
2,324,0.3022,2.3064,0.0,2.6086,0
2,325,0.0673,3.1407,0.5397,3.7476999999999996,1
2,326,0.3139,2.7929,0.0,3.1068,0
2,327,0.0462,1.6287,0.0,1.6749,0
2,328,0.4072,3.164,0.0,3.5712,0
2,329,0.0547,1.8954,0.0,1.9501,0
2,330,0.0566,1.5786,0.3841,2.0193,1
2,331,0.1031,2.6942,0.0,2.7973,0
2,332,0.0529,1.7008,0.0,1.7537,0
2,333,0.3526,3.4762,0.0,3.8288,0
2,335,0.3422,1.9869,0.7528,3.0819,1
2,336,0.3432,1.503,0.0,1.8461999999999998,0
2,337,0.0775,2.7333,0.0,2.8108,0
2,338,0.0448,1.4511,0.0,1.4959,0
2,339,0.3022,2.0678,0.0,2.37,0
2,340,0.067,1.489,0.5256,2.0816,1
2,341,0.3525,3.2713,0.0,3.6238,0
2,342,0.0843,2.1621,0.0,2.2464,0
2,343,0.0896,3.2032,0.0,3.2927999999999997,0
2,344,0.0926,2.3483,0.0,2.4409,0
2,345,0.0751,2.4977,0.3903,2.9631,1
2,346,0.3681,2.0395,0.0,2.4076,0
2,347,0.2681,2.9322,0.0,3.2003,0
2,348,0.0409,1.2853,0.0,1.3262,0
2,349,0.2856,2.5506,0.0,2.8362000000000003,0
2,351,0.08,2.1247,0.0,2.2047,0
2,352,0.0768,1.9663,0.0,2.0431,0
2,353,0.0647,1.9085,0.0,1.9732,0
2,354,0.0776,1.6852,0.0,1.7628,0
2,355,0.2737,1.8946,0.7126,2.8809,1
2,356,0.1165,1.2188,0.0,1.3353000000000002,0
2,357,0.3902,2.275,0.0,2.6652,0
2,358,0.0445,2.3398,0.0,2.3843,0
2,359,0.0529,1.7515,0.0,1.8044,0
2,360,0.0576,1.4525,0.6256,2.1357,1
2,361,0.0404,1.2242,0.0,1.2646,0
2,362,0.2623,2.9333,0.0,3.1955999999999998,0
2,363,0.5927,1.3142,0.0,1.9069,0
2,364,0.2963,2.0631,0.0,2.3594,0
2,365,0.0447,1.6654,0.5975,2.3076,1
2,366,0.2044,2.0461,0.0,2.2505,0
2,367,0.0397,1.349,0.0,1.3887,0
2,368,0.1035,3.5516,0.0,3.6551,0
2,369,0.0879,4.3383,0.0,4.426200000000001,0
2,370,0.2193,2.8648,0.6935,3.7775999999999996,1
2,371,0.0924,2.5274,0.0,2.6198,0
2,372,0.1125,2.3973,0.0,2.5098,0
2,373,0.0589,1.5238,0.0,1.5827,0
2,374,0.4056,2.0496,0.0,2.4552,0
2,375,0.0399,1.8952,0.345,2.2801,1
2,376,0.2899,1.9846,0.0,2.2744999999999997,0
2,377,0.0426,1.9086,0.0,1.9512,0
2,378,0.3976,3.9329,0.0,4.3305,0
2,380,0.2777,2.284,0.59,3.1516999999999995,1
2,381,0.0575,2.0827,0.0,2.1402,0
2,382,0.3609,3.0818,0.0,3.4427,0
2,383,0.0477,1.5342,0.0,1.5819,0
2,384,0.4027,2.5898,0.0,2.9924999999999997,0
2,385,0.0445,1.2859,0.3108,1.6412,1
2,386,0.0998,1.7163,0.0,1.8161,0
2,387,0.293,3.7186,0.0,4.0116,0
2,389,0.3419,1.8954,0.0,2.2373,0
2,390,0.0358,1.2293,0.4651,1.7302000000000002,1
2,391,0.304,3.394,0.0,3.698,0
2,392,0.7031,1.2008,0.0,1.9039000000000001,0
2,393,0.0939,3.2869,0.0,3.3808000000000002,0
2,394,0.0507,1.993,0.0,2.0437000000000003,0
2,395,0.0702,1.9663,0.4973,2.5338,1
2,396,0.0798,1.5324,0.0,1.6122,0
2,397,0.0847,3.9073,0.0,3.992,0
2,398,0.0757,2.5467,0.0,2.6224,0
2,399,0.0865,2.6461,0.0,2.7326,0
2,400,0.0907,2.387,0.5815,3.0592,1
2,401,0.1082,3.0072,0.0,3.1154,0
2,402,0.1283,3.1463,0.0,3.2746,0
2,403,0.1056,2.6805,0.0,2.7861,0
2,404,0.097,2.7541,0.0,2.8511,0
2,406,0.0868,2.1971,0.0,2.2839,0
2,407,0.0897,3.0456,0.0,3.1353,0
2,408,0.0945,2.4123,0.0,2.5068,0
2,409,0.3207,2.3276,0.0,2.6483,0
2,411,0.1372,3.3081,0.0,3.4453,0
2,412,0.0888,1.8378,0.0,1.9266,0
2,413,0.0995,2.9248,0.0,3.0242999999999998,0
2,414,0.4576,2.0207,0.0,2.4783,0
2,415,0.0548,1.5349,0.536,2.1257,1
2,416,0.2562,1.7894,0.0,2.0456000000000003,0
2,417,0.0383,1.2444,0.0,1.2827,0
2,418,0.3648,3.2858,0.0,3.6506,0
2,419,0.2823,1.7343,0.0,2.0166,0
2,420,0.3204,2.0229,0.5105,2.8538,1
2,421,0.0474,1.5658,0.0,1.6132,0
2,422,0.3621,3.2341,0.0,3.5962,0
2,423,0.0826,3.0141,0.0,3.0967000000000002,0
2,424,0.3186,3.0001,0.0,3.3187,0
2,425,0.2951,1.9138,0.518,2.7268999999999997,1
2,426,0.3578,3.7428,0.0,4.1006,0
2,427,0.7045,1.4027,0.0,2.1072,0
2,428,0.3357,2.2386,0.0,2.5743,0
2,429,0.3108,1.9628,0.0,2.2736,0
2,430,0.1004,2.7967,0.6098,3.5069,1
2,431,0.3708,1.3527,0.0,1.7235,0
2,432,0.2507,2.0447,0.0,2.2954000000000003,0
2,433,0.0429,1.3311,0.0,1.3739999999999999,0
2,434,0.3123,2.6565,0.0,2.9688,0
2,435,0.1156,3.1194,0.4084,3.6434,1
2,436,0.117,3.6227,0.0,3.7397,0
2,437,0.0881,2.0962,0.0,2.1843,0
2,438,0.0976,2.6828,0.0,2.7803999999999998,0
2,439,0.0554,1.5359,0.0,1.5913,0
2,440,0.2652,1.9216,0.6321,2.8188999999999997,1
2,441,0.0513,1.7485,0.0,1.7997999999999998,0
2,442,0.0791,2.0284,0.0,2.1075,0
2,443,0.3628,3.0142,0.0,3.3770000000000002,0
2,444,0.0755,3.1447,0.0,3.2201999999999997,0
2,445,0.3483,2.2701,0.4177,3.0361,1
2,446,0.0495,2.2611,0.0,2.3106,0
2,447,0.1046,3.8096,0.0,3.9142,0
2,448,0.0976,2.5474,0.0,2.645,0
2,449,0.0888,2.3032,0.0,2.392,0
2,450,0.3278,1.7217,0.3868,2.4363,1
2,451,0.3153,2.4613,0.0,2.7766,0
2,452,0.3881,1.9594,0.0,2.3475,0
2,453,0.0607,2.7392,0.0,2.7999,0
2,454,0.0395,1.3736,0.0,1.4131,0
2,455,0.2582,4.2573,0.6604,5.1758999999999995,1
2,457,0.2456,3.092,0.0,3.3376,0
2,458,0.0912,1.5497,0.0,1.6409,0
2,459,0.0841,2.0857,0.0,2.1698,0
2,460,0.0477,1.5489,0.5422,2.1388,1
2,461,0.2593,2.4428,0.0,2.7021,0
2,462,0.0375,1.2957,0.0,1.3332000000000002,0
2,463,0.2634,3.2923,0.0,3.5557,0
2,464,0.2729,1.8601,0.0,2.133,0
2,465,0.3838,2.5856,0.5891,3.5584999999999996,1
2,466,0.0525,2.9355,0.0,2.9880000000000004,0
2,467,0.1793,2.6603,0.0,2.8396,0
2,468,0.0627,1.631,0.0,1.6937,0
2,469,0.0784,1.4375,0.0,1.5159,0
2,470,0.1104,3.1911,0.431,3.7325,1
2,471,0.0495,1.534,0.0,1.5835000000000001,0
2,472,0.3349,2.1708,0.0,2.5057,0
2,473,0.0423,1.3954,0.0,1.4377,0
2,474,0.2152,2.4443,0.0,2.6595,0
2,475,0.0558,1.5305,0.333,1.9193,1
2,476,0.07,2.4218,0.0,2.4918,0
2,477,0.0572,1.2743,0.0,1.3315,0
2,478,0.2365,2.7566,0.0,2.9931,0
2,479,0.0518,1.3718,0.0,1.4236,0
2,481,0.2268,1.2887,0.0,1.5154999999999998,0
2,482,0.0593,2.5089,0.0,2.5682,0
2,483,0.0413,1.2904,0.0,1.3317,0
2,484,0.3809,2.5197,0.0,2.9006,0
2,485,0.6617,1.188,0.4561,2.3058,1
2,486,0.4095,2.2821,0.0,2.6915999999999998,0
2,487,0.0513,1.2775,0.0,1.3288,0
2,488,0.0852,2.4493,0.0,2.5345,0
2,489,0.2358,1.3102,0.0,1.546,0
2,490,0.3165,2.1515,0.8136,3.2816,1
2,491,0.293,1.7959,0.0,2.0889,0
2,492,0.2722,3.0617,0.0,3.3339,0
2,493,0.1053,1.2298,0.0,1.3351,0
2,495,0.5461,1.9025,0.4077,2.8563,1
2,496,0.0737,2.3229,0.0,2.3966000000000003,0
2,497,0.1028,2.9114,0.0,3.0141999999999998,0
2,498,0.0655,2.7855,0.0,2.851,0
2,499,0.3016,2.9229,0.0,3.2245,0
3,1,0.3341,2.5533,0.0,2.8874,0
3,2,0.0485,2.5697,0.0,2.6182000000000003,0
3,3,0.1038,2.0569,0.0,2.1607000000000003,0
3,4,0.0519,1.6358,0.0,1.6877,0
3,5,0.3176,2.2144,0.5099,3.0419,1
3,6,0.0532,1.3918,0.0,1.4449999999999998,0
3,7,0.1673,3.1418,0.0,3.3091,0
3,8,0.319,1.8701,0.0,2.1891000000000003,0
3,9,0.1037,2.1707,0.0,2.2744,0
3,10,0.0767,2.1591,0.682,2.9178,1
3,11,0.1055,1.9727,0.0,2.0782,0
3,12,0.0544,1.3456,0.0,1.4,0
3,13,0.3068,1.9441,0.0,2.2509,0
3,14,0.0388,1.2872,0.0,1.3259999999999998,0
3,17,0.0645,1.7431,0.0,1.8076,0
3,18,0.0446,1.3608,0.0,1.4054,0
3,19,0.0655,1.9269,0.0,1.9924,0
3,20,0.0367,1.2385,0.4475,1.7227,1
3,21,0.2181,1.9124,0.0,2.1305,0
3,22,0.4338,3.5648,0.0,3.9986,0
3,23,0.1223,2.6927,0.0,2.815,0
3,24,0.0928,3.3288,0.0,3.4216,0
3,25,0.1109,2.5161,0.361,2.9879999999999995,1
3,26,0.0917,2.3616,0.0,2.4533,0
3,27,0.084,1.475,0.0,1.5590000000000002,0
3,28,0.0878,2.8406,0.0,2.9284,0
3,29,0.0473,2.2155,0.0,2.2628,0
3,30,0.0934,2.8882,0.7689,3.7504999999999997,1
3,31,0.3628,2.008,0.0,2.3708,0
3,32,0.0904,3.5875,0.0,3.6778999999999997,0
3,33,0.0793,3.6024,0.0,3.6816999999999998,0
3,34,0.1138,2.6746,0.0,2.7883999999999998,0
3,35,0.0914,2.9113,0.4528,3.4555000000000002,1
3,36,0.0903,2.3985,0.0,2.4888,0
3,37,0.0557,1.9281,0.0,1.9838,0
3,38,0.1273,3.3384,0.0,3.4657,0
3,39,0.059,1.4547,0.0,1.5137,0
3,40,0.0895,2.7015,0.4133,3.2043,1
3,41,0.0708,1.8919,0.0,1.9627,0
3,42,0.1211,4.1334,0.0,4.2545,0
3,43,0.1494,1.445,0.0,1.5944,0
3,44,0.3039,3.3468,0.0,3.6507,0
3,45,0.4811,1.1208,0.6236,2.2255000000000003,1
3,46,0.1938,2.4789,0.0,2.6727,0
3,47,0.3198,1.7586,0.0,2.0784,0
3,48,0.305,3.687,0.0,3.992,0
3,51,0.2926,1.9735,0.0,2.2661000000000002,0
3,52,0.0858,1.7484,0.0,1.8342,0
3,53,0.2666,2.7379,0.0,3.0044999999999997,0
3,54,0.0437,2.052,0.0,2.0957,0
3,56,0.1789,2.7924,0.0,2.9713000000000003,0
3,57,0.1078,2.4706,0.0,2.5784000000000002,0
3,58,0.2276,3.0327,0.0,3.2603,0
3,59,0.1125,2.4928,0.0,2.6052999999999997,0
3,60,0.0475,2.4417,0.3514,2.8406,1
3,61,0.2871,2.2502,0.0,2.5373,0
3,62,0.0415,1.4115,0.0,1.453,0
3,63,0.0824,2.8814,0.0,2.9638,0
3,64,0.0448,2.1262,0.0,2.171,0
3,66,0.3751,1.7896,0.0,2.1647,0
3,67,0.3077,2.5521,0.0,2.8598,0
3,68,0.0445,1.5215,0.0,1.566,0
3,69,0.2431,2.1306,0.0,2.3737,0
3,70,0.0482,1.6768,0.5349,2.2599,1
3,71,0.0874,2.4856,0.0,2.573,0
3,72,0.0434,1.306,0.0,1.3494000000000002,0
3,73,0.2649,2.8966,0.0,3.1614999999999998,0
3,74,0.0472,1.8903,0.0,1.9375,0
3,75,0.0768,1.9532,0.5785,2.6085000000000003,1
3,76,0.0375,1.8084,0.0,1.8459,0
3,77,0.2836,1.9633,0.0,2.2469,0
3,78,0.0464,1.3857,0.0,1.4321,0
3,79,0.0846,1.7431,0.0,1.8277,0
3,80,0.2429,4.1065,0.5506,4.8999999999999995,1
3,82,0.1013,2.6386,0.0,2.7399,0
3,83,0.0941,3.5103,0.0,3.6044,0
3,84,0.0868,2.2378,0.0,2.3246,0
3,85,0.0461,2.8058,0.5804,3.4323,1
3,86,0.0935,2.1009,0.0,2.1944000000000004,0
3,87,0.0472,3.185,0.0,3.2322,0
3,88,0.0827,2.7599,0.0,2.8426,0
3,89,0.0806,1.4208,0.0,1.5014,0
3,91,0.2539,2.3359,0.0,2.5898000000000003,0
3,92,0.0843,3.0263,0.0,3.1106,0
3,93,0.0781,3.684,0.0,3.7621,0
3,94,0.0978,2.8123,0.0,2.9101,0
3,95,0.0859,2.2966,0.8253,3.2078,1
3,96,0.064,2.0383,0.0,2.1023,0
3,97,0.0658,1.8022,0.0,1.868,0
3,98,0.0731,2.137,0.0,2.2101,0
3,99,0.0654,1.445,0.0,1.5104,0
3,100,0.2539,1.8875,0.7915,2.9329,1
3,101,0.3917,1.5522,0.0,1.9439,0
3,102,0.1038,3.1598,0.0,3.2636000000000003,0
3,103,0.2712,2.8166,0.0,3.0878,0
3,104,0.2798,2.6474,0.0,2.9272,0
3,105,0.0775,3.0539,0.5727,3.7041000000000004,1
3,106,0.0945,1.6609,0.0,1.7554,0
3,107,0.1112,3.154,0.0,3.2652,0
3,108,0.0872,1.906,0.0,1.9931999999999999,0
3,109,0.0978,2.374,0.0,2.4718,0
3,110,0.0449,1.6521,0.3986,2.0955999999999997,1
3,111,0.1057,2.783,0.0,2.8887,0
3,112,0.1364,2.6382,0.0,2.7746,0
3,113,0.1121,2.661,0.0,2.7731,0
3,114,0.2695,2.3588,0.0,2.6283,0
3,115,0.0942,3.2921,0.3815,3.7678,1
3,116,0.0556,2.436,0.0,2.4916,0
3,117,0.1004,2.4107,0.0,2.5111,0
3,118,0.0936,1.5535,0.0,1.6471,0
3,119,0.0891,2.2425,0.0,2.3316000000000003,0
3,120,0.0666,1.9572,0.4168,2.4406,1
3,121,0.1303,3.4276,0.0,3.5579,0
3,122,0.0911,1.9214,0.0,2.0125,0
3,123,0.0844,2.1164,0.0,2.2008,0
3,124,0.0656,2.0627,0.0,2.1283,0
3,125,0.0819,2.3385,0.3381,2.7584999999999997,1
3,126,0.291,1.564,0.0,1.855,0
3,127,0.4068,2.0508,0.0,2.4576000000000002,0
3,128,0.0524,1.3322,0.0,1.3846,0
3,129,0.2878,3.4935,0.0,3.7813,0
3,130,0.3838,2.3884,0.5016,3.2737999999999996,1
3,131,0.2646,2.6832,0.0,2.9478,0
3,132,0.0494,1.6396,0.0,1.689,0
3,133,0.2264,2.1553,0.0,2.3817,0
3,134,0.0419,1.331,0.0,1.3729,0
3,135,0.0708,2.3322,0.3604,2.7634,1
3,136,0.1265,3.4796,0.0,3.6061,0
3,137,0.0694,2.5777,0.0,2.6471,0
3,138,0.0836,3.6734,0.0,3.757,0
3,139,0.0748,2.2992,0.0,2.374,0
3,140,0.1117,3.6131,0.4557,4.1805,1
3,141,0.1179,3.151,0.0,3.2689,0
3,142,0.1253,3.1882,0.0,3.3135000000000003,0
3,143,0.0869,3.1183,0.0,3.2052,0
3,144,0.2156,3.1825,0.0,3.3981000000000003,0
3,145,0.0624,1.5262,0.3949,1.9835,1
3,146,0.0866,1.9794,0.0,2.066,0
3,147,0.0781,3.4298,0.0,3.5079000000000002,0
3,148,0.0598,2.285,0.0,2.3448,0
3,149,0.0786,2.8078,0.0,2.8864,0
3,150,0.1332,3.0839,0.4695,3.6866,1
3,151,0.074,3.3188,0.0,3.3928,0
3,152,0.0917,2.557,0.0,2.6487,0
3,153,0.0574,1.9365,0.0,1.9939,0
3,154,0.3031,2.6879,0.0,2.991,0
3,156,0.2764,4.5978,0.0,4.8742,0
3,157,0.2593,3.0985,0.0,3.3578,0
3,158,0.2757,2.09,0.0,2.3657,0
3,159,0.0477,1.9462,0.0,1.9939,0
3,160,0.2286,2.0441,0.4996,2.7723,1
3,161,0.0509,1.5048,0.0,1.5556999999999999,0
3,162,0.0834,1.9956,0.0,2.079,0
3,163,0.1058,4.0894,0.0,4.195200000000001,0
3,164,0.3662,3.264,0.0,3.6302,0
3,165,0.1506,2.7835,0.4753,3.4093999999999998,1
3,166,0.058,1.6149,0.0,1.6729,0
3,167,0.0956,2.8033,0.0,2.8989000000000003,0
3,168,0.05,1.5262,0.0,1.5762,0
3,169,0.3138,2.779,0.0,3.0928,0
3,170,0.0699,1.9391,0.3527,2.3617,1
3,171,0.1003,2.8413,0.0,2.9415999999999998,0
3,172,0.0898,2.9097,0.0,2.9995,0
3,173,0.1042,2.6747,0.0,2.7789,0
3,174,0.0556,2.0747,0.0,2.1303,0
3,175,0.0935,2.0139,0.3704,2.4778000000000002,1
3,176,0.0601,2.6101,0.0,2.6702,0
3,177,0.0912,2.6409,0.0,2.7321,0
3,178,0.0846,2.9269,0.0,3.0115,0
3,179,0.1016,2.7302,0.0,2.8318,0
3,180,0.0655,2.868,0.3913,3.3247999999999998,1
3,181,0.1071,2.7719,0.0,2.879,0
3,182,0.0635,2.1807,0.0,2.2441999999999998,0
3,183,0.0962,2.8081,0.0,2.9043,0
3,184,0.0548,1.6326,0.0,1.6874,0
3,185,0.1265,2.712,0.3973,3.2358000000000002,1
3,186,0.0828,1.7743,0.0,1.8571,0
3,187,0.0855,2.7075,0.0,2.793,0
3,188,0.0933,2.9089,0.0,3.0022,0
3,189,0.0622,1.7359,0.0,1.7981,0
3,190,0.1041,2.9255,0.478,3.5076,1
3,192,0.2587,2.9257,0.0,3.1844,0
3,193,0.0478,1.4948,0.0,1.5426,0
3,194,0.3678,2.688,0.0,3.0558,0
3,195,0.0377,1.7932,0.5121,2.343,1
3,196,0.3027,1.8751,0.0,2.1778,0
3,197,0.0367,1.3968,0.0,1.4335,0
3,198,0.351,1.7472,0.0,2.0982000000000003,0
3,199,0.0367,2.2337,0.0,2.2704,0
3,201,0.0389,1.2838,0.0,1.3227,0
3,202,0.0651,1.6602,0.0,1.7252999999999998,0
3,203,0.0531,1.6567,0.0,1.7098,0
3,204,0.257,2.9027,0.0,3.1597,0
3,205,0.256,1.744,0.4986,2.4986,1
3,206,0.0902,2.29,0.0,2.3802,0
3,207,0.0572,1.799,0.0,1.8561999999999999,0
3,208,0.0729,2.1,0.0,2.1729000000000003,0
3,209,0.0347,1.4486,0.0,1.4833,0
3,210,0.3037,1.6195,0.4712,2.3944,1
3,211,0.0533,1.3915,0.0,1.4447999999999999,0
3,212,0.2721,2.8451,0.0,3.1172,0
3,213,0.0488,1.5057,0.0,1.5545,0
3,214,0.2579,2.0731,0.0,2.3310000000000004,0
3,215,0.0592,1.5753,0.3596,1.9940999999999998,1
3,216,0.3886,3.2227,0.0,3.6113,0
3,217,0.0623,2.5835,0.0,2.6458,0
3,218,0.1355,2.5322,0.0,2.6677,0
3,219,0.0729,2.5789,0.0,2.6518,0
3,220,0.3514,2.8781,0.6376,3.8670999999999998,1
3,221,0.0661,1.8929,0.0,1.959,0
3,222,0.0442,1.4251,0.0,1.4693,0
3,223,0.0918,2.2289,0.0,2.3207,0
3,224,0.2573,2.0969,0.0,2.3542,0
3,225,0.0911,1.7936,0.6331,2.5178000000000003,1
3,226,0.0624,1.9292,0.0,1.9916,0
3,227,0.0878,2.1828,0.0,2.2706,0
3,228,0.0776,1.7432,0.0,1.8208000000000002,0
3,229,0.2979,3.1222,0.0,3.4200999999999997,0
3,230,0.3056,1.6604,0.5674,2.5334000000000003,1
3,231,0.3194,2.6516,0.0,2.971,0
3,232,0.0489,1.772,0.0,1.8209,0
3,233,0.4197,3.244,0.0,3.6637000000000004,0
3,234,0.0505,1.8966,0.0,1.9471,0
3,235,0.2396,2.3164,0.52,3.0759999999999996,1
3,236,0.0378,1.2624,0.0,1.3002,0
3,237,0.2709,3.2386,0.0,3.5095,0
3,238,0.0662,1.7623,0.0,1.8285,0
3,239,0.0952,2.2534,0.0,2.3486000000000002,0
3,240,0.0972,2.1902,0.5512,2.8386,1
3,241,0.2421,1.9789,0.0,2.221,0
3,242,0.0425,1.3266,0.0,1.3691,0
3,243,0.2998,3.5896,0.0,3.8893999999999997,0
3,244,0.329,3.307,0.0,3.636,0
3,246,0.0951,2.791,0.0,2.8861,0
3,247,0.0661,1.8443,0.0,1.9104,0
3,248,0.1049,2.4882,0.0,2.5930999999999997,0
3,249,0.079,2.3101,0.0,2.3891,0
3,250,0.0842,1.8087,0.5876,2.4805,1
3,251,0.0743,2.1073,0.0,2.1816,0
3,252,0.1038,2.659,0.0,2.7628,0
3,253,0.0667,2.4368,0.0,2.5035,0
3,254,0.1107,2.5111,0.0,2.6218,0
3,255,0.051,1.6372,0.3339,2.0221,1
3,256,0.1019,2.2832,0.0,2.3851,0
3,257,0.042,1.4632,0.0,1.5052,0
3,258,0.0974,2.6611,0.0,2.7584999999999997,0
3,259,0.2399,1.9236,0.0,2.1635,0
3,260,0.4175,2.9519,0.4649,3.8343000000000003,1
3,261,0.7035,1.333,0.0,2.0365,0
3,262,0.2964,1.9185,0.0,2.2149,0
3,263,0.038,1.7281,0.0,1.7661,0
3,264,0.2825,3.4741,0.0,3.7565999999999997,0
3,266,0.4819,2.2475,0.0,2.7294,0
3,267,0.0926,2.6429,0.0,2.7355,0
3,268,0.3485,3.2524,0.0,3.6009,0
3,269,0.0914,1.7294,0.0,1.8208,0
3,270,0.112,3.4695,0.6532,4.2347,1
3,271,0.256,3.2351,0.0,3.4911000000000003,0
3,272,0.2712,4.3284,0.0,4.599600000000001,0
3,273,0.0979,2.4655,0.0,2.5634,0
3,274,0.0798,1.9615,0.0,2.0413,0
3,275,0.1144,3.6801,0.5707,4.3652,1
3,276,0.0755,2.3181,0.0,2.3935999999999997,0
3,277,0.1059,3.0928,0.0,3.1987,0
3,278,0.094,3.1206,0.0,3.2146,0
3,279,0.0997,2.4173,0.0,2.517,0
3,280,0.0639,2.7102,0.471,3.2451,1
3,281,0.0898,2.8806,0.0,2.9703999999999997,0
3,282,0.0932,2.0144,0.0,2.1076,0
3,283,0.072,2.3512,0.0,2.4232,0
3,284,0.0651,1.4199,0.0,1.4849999999999999,0
3,287,0.3149,2.9947,0.0,3.3096,0
3,288,0.0625,2.1501,0.0,2.2126,0
3,289,0.285,1.9575,0.0,2.2425,0
3,290,0.0446,1.2574,0.5347,1.8367,1
3,291,0.0868,2.7214,0.0,2.8082000000000003,0
3,292,0.0878,1.3222,0.0,1.4100000000000001,0
3,293,0.3078,3.8532,0.0,4.1610000000000005,0
3,294,0.6304,2.4653,0.0,3.0957,0
3,295,0.0943,3.1339,0.6599,3.8881,1
3,296,0.6066,1.6588,0.0,2.2654,0
3,297,0.318,2.4461,0.0,2.7641,0
3,298,0.0661,1.9744,0.0,2.0404999999999998,0
3,299,0.4207,2.5122,0.0,2.9329,0
3,300,0.0936,2.1166,0.3735,2.5837,1
3,301,0.0526,1.4858,0.0,1.5384,0
3,302,0.2344,3.6459,0.0,3.8803,0
3,303,0.308,2.0432,0.0,2.3512,0
3,304,0.0632,2.5088,0.0,2.572,0
3,306,0.2941,3.4581,0.0,3.7521999999999998,0
3,307,0.4687,1.7695,0.0,2.2382,0
3,308,0.0808,1.6039,0.0,1.6847,0
3,309,0.0403,1.3388,0.0,1.3791,0
3,312,0.0837,2.6128,0.0,2.6965,0
3,313,0.0435,2.1321,0.0,2.1755999999999998,0
3,314,0.3413,1.8628,0.0,2.2041,0
3,315,0.0383,1.2092,0.5192,1.7667000000000002,1
3,316,0.4283,2.3691,0.0,2.7974,0
3,317,0.4136,1.3479,0.0,1.7615,0
3,318,0.0748,1.5107,0.0,1.5855,0
3,319,0.3009,1.8622,0.0,2.1631,0
3,320,0.2799,2.3324,0.5682,3.1805,1
3,321,0.2302,1.3115,0.0,1.5417,0
3,322,0.3505,2.5005,0.0,2.851,0
3,323,0.0841,2.0191,0.0,2.1031999999999997,0
3,324,0.3501,3.051,0.0,3.4011,0
3,326,0.0722,2.0481,0.0,2.1203,0
3,327,0.0779,3.1247,0.0,3.2026,0
3,328,0.358,3.3704,0.0,3.7284,0
3,329,0.3897,2.6288,0.0,3.0185,0
3,330,0.0531,1.3449,0.7446,2.1426,1
3,331,0.3193,2.9824,0.0,3.3017000000000003,0
3,332,0.3427,4.1328,0.0,4.475499999999999,0
3,333,0.2981,3.3386,0.0,3.6367,0
3,334,0.0627,1.8981,0.0,1.9607999999999999,0
3,335,0.084,1.8801,0.5629,2.527,1
3,336,0.2427,1.6507,0.0,1.8934,0
3,337,0.2524,2.5259,0.0,2.7783,0
3,338,0.0392,1.6651,0.0,1.7043,0
3,339,0.3136,3.4755,0.0,3.7891,0
3,340,0.2432,3.0595,0.4145,3.7171999999999996,1
3,341,0.2997,1.5785,0.0,1.8782,0
3,342,0.0492,1.3744,0.0,1.4236,0
3,343,0.3634,2.6856,0.0,3.049,0
3,344,0.0572,1.5242,0.0,1.5814,0
3,345,0.2876,2.494,0.6106,3.3922,1
3,346,0.3374,1.2607,0.0,1.5980999999999999,0
3,347,0.3016,2.2755,0.0,2.5771,0
3,348,0.0564,2.8653,0.0,2.9217,0
3,349,0.2387,3.504,0.0,3.7427,0
3,350,0.079,3.2303,0.7735,4.082800000000001,1
3,351,0.2964,3.5479,0.0,3.8442999999999996,0
3,352,0.0952,1.6417,0.0,1.7368999999999999,0
3,353,0.0761,3.1274,0.0,3.2035,0
3,354,0.3063,1.5974,0.0,1.9037,0
3,355,0.0568,1.4008,0.4857,1.9433,1
3,356,0.2843,2.0596,0.0,2.3439,0
3,357,0.0506,1.4331,0.0,1.4837,0
3,358,0.3406,2.1334,0.0,2.474,0
3,359,0.0595,2.1814,0.0,2.2409,0
3,360,0.2969,2.2928,0.5838,3.1735,1
3,361,0.3622,1.7624,0.0,2.1246,0
3,362,0.2492,2.0378,0.0,2.287,0
3,363,0.3071,1.6209,0.0,1.928,0
3,364,0.246,1.9693,0.0,2.2153,0
3,366,0.2284,2.0122,0.0,2.2406,0
3,367,0.2849,1.4961,0.0,1.781,0
3,368,0.3174,1.8708,0.0,2.1882,0
3,369,0.0878,1.7452,0.0,1.8330000000000002,0
3,370,0.2695,1.8579,0.7394,2.8668,1
3,371,0.056,1.5958,0.0,1.6518000000000002,0
3,372,0.2648,1.9895,0.0,2.2543,0
3,373,0.0542,1.4179,0.0,1.4721,0
3,374,0.4433,4.5372,0.0,4.9805,0
3,376,0.7873,2.5212,0.0,3.3085,0
3,377,0.3566,1.69,0.0,2.0465999999999998,0
3,378,0.365,2.9323,0.0,3.2973,0
3,379,0.0904,2.142,0.0,2.2323999999999997,0
3,380,0.2077,2.3817,0.7832,3.3726,1
3,381,0.1833,1.9022,0.0,2.0854999999999997,0
3,382,0.0533,1.3379,0.0,1.3912,0
3,383,0.3094,2.109,0.0,2.4184,0
3,384,0.3069,2.5633,0.0,2.8702,0
3,385,0.3245,3.2847,0.7833,4.3925,1
3,386,0.2938,2.6144,0.0,2.9082,0
3,387,0.2764,3.5003,0.0,3.7767,0
3,388,0.1048,2.9608,0.0,3.0656,0
3,389,0.3358,2.6928,0.0,3.0286,0
3,390,0.0586,2.6662,0.4534,3.1782000000000004,1
3,391,0.0901,3.7271,0.0,3.8172,0
3,392,0.0565,2.2994,0.0,2.3559,0
3,393,0.4427,3.526,0.0,3.9686999999999997,0
3,394,0.0761,2.6449,0.0,2.7209999999999996,0
3,395,0.303,2.1265,0.6443,3.0738,1
3,396,0.0521,1.2758,0.0,1.3279,0
3,397,0.3399,3.2127,0.0,3.5526,0
3,398,0.0932,2.5303,0.0,2.6235,0
3,399,0.0841,2.1961,0.0,2.2802,0
3,400,0.3453,1.8571,0.4922,2.6946,1
3,401,0.3749,3.3738,0.0,3.7487000000000004,0
3,402,0.4922,3.111,0.0,3.6032,0
3,403,0.0974,2.5311,0.0,2.6285,0
3,404,0.2906,1.5639,0.0,1.8545,0
3,405,0.1046,2.2354,0.3802,2.7201999999999997,1
3,406,0.057,1.9479,0.0,2.0049,0
3,407,0.1216,2.5942,0.0,2.7157999999999998,0
3,408,0.0805,1.6124,0.0,1.6929,0
3,409,0.0817,3.0561,0.0,3.1378,0
3,410,0.0838,2.5684,0.4861,3.1383,1
3,411,0.1012,1.6365,0.0,1.7377,0
3,412,0.0772,2.2555,0.0,2.3327,0
3,413,0.0542,1.955,0.0,2.0092,0
3,414,0.206,1.9442,0.0,2.1502,0
3,415,0.0397,1.2828,0.2863,1.6088,1
3,416,0.1478,3.5695,0.0,3.7173000000000003,0
3,417,0.6582,1.8249,0.0,2.4831,0
3,418,0.0841,1.8348,0.0,1.9189,0
3,419,0.0455,3.2907,0.0,3.3362000000000003,0
3,420,0.1041,3.1157,0.7613,3.9810999999999996,1
3,421,0.1547,3.1058,0.0,3.2605,0
3,422,0.0703,2.8044,0.0,2.8747,0
3,423,0.0454,1.977,0.0,2.0224,0
3,424,0.1028,3.2069,0.0,3.3097000000000003,0
3,425,0.1767,1.739,0.3605,2.2762000000000002,1
3,426,0.3291,3.9472,0.0,4.2763,0
3,427,0.4502,1.4695,0.0,1.9197,0
3,428,0.0803,3.2961,0.0,3.3764,0
3,429,0.1176,1.9151,0.0,2.0327,0
3,430,0.1085,4.4355,0.7417,5.2857,1
3,432,0.1044,2.3742,0.0,2.4786,0
3,433,0.0708,1.7658,0.0,1.8366,0
3,434,0.0712,1.8113,0.0,1.8824999999999998,0
3,435,0.0386,2.2776,0.5529,2.8691000000000004,1
3,436,0.5876,2.3002,0.0,2.8878,0
3,437,0.0479,1.6446,0.0,1.6925000000000001,0
3,438,0.0652,2.0229,0.0,2.0881,0
3,439,0.127,2.5887,0.0,2.7157,0
3,440,0.1665,1.3482,0.6699,2.1846,1
3,441,0.4178,3.3329,0.0,3.7507,0
3,443,0.3008,2.6276,0.0,2.9284000000000003,0
3,444,0.0604,1.3505,0.0,1.4109,0
3,445,0.1058,2.6229,0.7553,3.484,1
3,446,0.0543,1.4006,0.0,1.4549,0
3,447,0.0869,2.3781,0.0,2.465,0
3,448,0.059,1.8386,0.0,1.8976,0
3,449,0.0909,3.1562,0.0,3.2471,0
3,450,0.0695,1.9131,0.3912,2.3738,1
3,451,0.1109,2.4938,0.0,2.6047,0
3,452,0.0529,1.7691,0.0,1.8219999999999998,0
3,453,0.1358,3.531,0.0,3.6668000000000003,0
3,454,0.2992,2.5602,0.0,2.8594,0
3,455,0.0585,1.577,0.6326,2.2681,1
3,456,0.042,1.4573,0.0,1.4993,0
3,457,0.1109,2.2394,0.0,2.3503,0
3,458,0.3556,2.1252,0.0,2.4808,0
3,459,0.3533,2.8602,0.0,3.2135,0
3,460,0.3148,2.4694,0.619,3.4032,1
3,461,0.113,3.3382,0.0,3.4512,0
3,462,0.0608,1.9468,0.0,2.0076,0
3,463,0.0814,2.342,0.0,2.4234,0
3,464,0.0457,1.3734,0.0,1.4191,0
3,465,0.0514,1.3678,0.2878,1.707,1
3,466,0.3189,1.8945,0.0,2.2134,0
3,467,0.3084,2.7679,0.0,3.0763,0
3,468,0.1072,3.2594,0.0,3.3666,0
3,469,0.0548,2.0246,0.0,2.0794,0
3,471,0.0693,2.8134,0.0,2.8827000000000003,0
3,472,0.3099,2.4523,0.0,2.7622,0
3,473,0.0565,1.4371,0.0,1.4936,0
3,474,0.0961,2.9565,0.0,3.0526,0
3,476,0.1586,2.3033,0.0,2.4619,0
3,477,0.0672,1.5116,0.0,1.5788,0
3,478,0.0838,1.8439,0.0,1.9277000000000002,0
3,479,0.0429,1.3249,0.0,1.3678,0
3,481,0.2971,1.9973,0.0,2.2944,0
3,482,0.2699,3.0007,0.0,3.2706,0
3,483,0.3757,2.3636,0.0,2.7393,0
3,484,0.239,3.3762,0.0,3.6151999999999997,0
3,486,0.2775,1.9786,0.0,2.2561,0
3,487,0.0411,1.8603,0.0,1.9014,0
3,488,0.2859,2.0044,0.0,2.2903,0
3,489,0.0411,1.2505,0.0,1.2915999999999999,0
3,491,0.0415,2.8138,0.0,2.8553,0
3,492,0.0465,1.2938,0.0,1.3403,0
3,493,0.2747,2.8027,0.0,3.0774000000000004,0
3,494,0.0527,1.8477,0.0,1.9003999999999999,0
3,495,0.0705,2.2198,0.6497,2.9400000000000004,1
3,496,0.3909,2.7261,0.0,3.117,0
3,497,0.2783,2.0661,0.0,2.3444000000000003,0
3,498,0.0579,1.7351,0.0,1.7930000000000001,0
3,499,0.3895,2.9515,0.0,3.3409999999999997,0
4,0,0.0725,2.7275,0.4418,3.2418,1
4,1,0.1008,2.9795,0.0,3.0803,0
4,2,0.0498,1.5614,0.0,1.6112,0
4,3,0.0811,2.9654,0.0,3.0465,0
4,4,0.0884,1.7539,0.0,1.8423,0
4,5,0.097,3.1466,0.4957,3.7392999999999996,1
4,6,0.0874,2.3413,0.0,2.4287,0
4,7,0.3075,3.8931,0.0,4.2006,0
4,8,0.0794,2.7761,0.0,2.8555,0
4,9,0.1017,3.5543,0.0,3.656,0
4,10,0.0739,2.5386,0.5764,3.1889000000000003,1
4,11,0.3248,3.3883,0.0,3.7131,0
4,12,0.0687,3.0402,0.0,3.1089,0
4,13,0.2321,3.1599,0.0,3.392,0
4,14,0.0937,2.1003,0.0,2.194,0
4,15,0.1269,2.861,0.593,3.5809,1
4,16,0.0851,3.1348,0.0,3.2199,0
4,17,0.1028,2.0516,0.0,2.1544,0
4,18,0.0554,2.0301,0.0,2.0855,0
4,19,0.1027,3.0487,0.0,3.1514,0
4,20,0.0863,2.5756,0.3647,3.0266,1
4,21,0.0706,2.0792,0.0,2.1498,0
4,22,0.1299,3.081,0.0,3.2109,0
4,23,0.4773,3.4045,0.0,3.8818,0
4,24,0.1273,2.8146,0.0,2.9419,0
4,25,0.0966,2.7495,0.4759,3.322,1
4,26,0.1007,2.783,0.0,2.8836999999999997,0
4,27,0.0662,1.778,0.0,1.8442,0
4,28,0.0933,2.3744,0.0,2.4677000000000002,0
4,29,0.057,1.928,0.0,1.9849999999999999,0
4,30,0.1054,2.325,0.3807,2.8111,1
4,31,0.0895,1.6733,0.0,1.7628,0
4,32,0.0986,3.5981,0.0,3.6967,0
4,33,0.0704,1.9181,0.0,1.9885,0
4,34,0.0687,2.0138,0.0,2.0825,0
4,35,0.0472,1.5158,0.3758,1.9388,1
4,36,0.3811,2.0537,0.0,2.4348,0
4,37,0.0439,1.3778,0.0,1.4217,0
4,38,0.3253,2.1075,0.0,2.4328,0
4,39,0.0413,1.3017,0.0,1.343,0
4,40,0.2995,1.8109,0.5839,2.6942999999999997,1
4,41,0.3664,1.9088,0.0,2.2752,0
4,42,0.4583,3.3776,0.0,3.8359,0
4,43,0.5977,1.293,0.0,1.8906999999999998,0
4,44,0.2849,2.9326,0.0,3.2175,0
4,46,0.4347,2.9263,0.0,3.3609999999999998,0
4,47,0.4236,2.0122,0.0,2.4358,0
4,48,0.4017,2.3063,0.0,2.7079999999999997,0
4,49,0.0843,2.1182,0.0,2.2024999999999997,0
4,50,0.053,1.5902,0.5578,2.201,1
4,51,0.2204,3.4688,0.0,3.6892,0
4,52,0.0548,1.4362,0.0,1.4909999999999999,0
4,53,0.1308,3.4924,0.0,3.6231999999999998,0
4,54,0.0715,2.6549,0.0,2.7264,0
4,55,0.0861,2.4075,0.5556,3.0492000000000004,1
4,56,0.3077,2.2893,0.0,2.597,0
4,57,0.087,2.5909,0.0,2.6779,0
4,58,0.0739,1.9226,0.0,1.9965000000000002,0
4,59,0.4443,2.2657,0.0,2.71,0
4,60,0.0496,1.3194,0.503,1.8719999999999999,1
4,61,0.2407,3.6653,0.0,3.9059999999999997,0
4,62,0.2096,2.3343,0.0,2.5439,0
4,63,0.2958,2.7271,0.0,3.0229,0
4,64,0.2647,1.3351,0.0,1.5997999999999999,0
4,65,0.3793,3.2489,0.5597,4.1879,1
4,67,0.3747,2.908,0.0,3.2826999999999997,0
4,68,0.0548,2.4487,0.0,2.5035000000000003,0
4,69,0.4592,2.367,0.0,2.8262,0
4,71,0.0943,2.0557,0.0,2.15,0
4,72,0.0449,1.4271,0.0,1.472,0
4,73,0.0814,2.6737,0.0,2.7551,0
4,74,0.0566,1.5425,0.0,1.5991,0
4,75,0.3509,2.4375,0.5496,3.338,1
4,76,0.0785,1.8288,0.0,1.9073,0
4,77,0.3225,1.5784,0.0,1.9009,0
4,78,0.3296,2.0712,0.0,2.4008000000000003,0
4,79,0.0559,1.471,0.0,1.5269000000000001,0
4,80,0.0919,2.9082,0.3035,3.3036,1
4,81,0.1864,2.4588,0.0,2.6452,0
4,82,0.3149,3.5535,0.0,3.8684000000000003,0
4,83,0.1191,1.6348,0.0,1.7539,0
4,84,0.2942,2.3171,0.0,2.6113,0
4,85,0.0391,1.2713,0.3104,1.6208,1
4,86,0.2716,2.5424,0.0,2.814,0
4,87,0.0453,1.5604,0.0,1.6057,0
4,88,0.3422,2.8945,0.0,3.2367,0
4,89,0.1063,3.5982,0.0,3.7045,0
4,90,0.1089,2.456,0.427,2.9919,1
4,91,0.0649,2.401,0.0,2.4659,0
4,92,0.1057,2.559,0.0,2.6647000000000003,0
4,93,0.0539,1.605,0.0,1.6589,0
4,94,0.0917,2.6277,0.0,2.7194,0
4,95,0.1255,2.2614,0.3962,2.7831,1
4,96,0.1151,2.8344,0.0,2.9495,0
4,97,0.0517,1.5478,0.0,1.5995000000000001,0
4,98,0.1187,3.116,0.0,3.2347,0
4,99,0.0686,1.5858,0.0,1.6544,0
4,100,0.0985,2.8995,0.8253,3.8233,1
4,101,0.0543,2.029,0.0,2.0833,0
4,102,0.0762,1.9441,0.0,2.0202999999999998,0
4,103,0.0506,2.3297,0.0,2.3803,0
4,104,0.0752,2.0288,0.0,2.104,0
4,105,0.0895,2.3004,0.764,3.1539,1
4,106,0.0438,1.3419,0.0,1.3857000000000002,0
4,107,0.3998,1.8023,0.0,2.2021,0
4,108,0.0553,1.9594,0.0,2.0147,0
4,109,0.3658,3.1309,0.0,3.4967,0
4,111,0.0808,1.8303,0.0,1.9111,0
4,112,0.0461,1.3361,0.0,1.3822,0
4,113,0.3018,3.153,0.0,3.4548,0
4,114,0.095,1.3306,0.0,1.4256,0
4,116,0.2466,2.1124,0.0,2.359,0
4,117,0.4215,3.3571,0.0,3.7786,0
4,118,0.2901,2.6526,0.0,2.9427000000000003,0
4,119,0.4861,3.0164,0.0,3.5025,0
4,120,0.0894,2.8314,0.4478,3.3686,1
4,121,0.12,2.9791,0.0,3.0991,0
4,122,0.0507,1.5849,0.0,1.6356,0
4,123,0.1703,3.4506,0.0,3.6209000000000002,0
4,124,0.0607,2.6765,0.0,2.7372,0
4,125,0.1065,3.1558,0.3857,3.648,1
4,126,0.0565,2.0501,0.0,2.1066000000000003,0
4,127,0.0992,3.1669,0.0,3.2661000000000002,0
4,128,0.0785,2.6233,0.0,2.7018,0
4,129,0.1149,2.5045,0.0,2.6194,0
4,130,0.0819,3.2785,0.4714,3.8318000000000003,1
4,131,0.0879,2.3568,0.0,2.4446999999999997,0
4,132,0.0955,2.4791,0.0,2.5745999999999998,0
4,133,0.0473,1.5975,0.0,1.6447999999999998,0
4,134,0.0966,2.7395,0.0,2.8361,0
4,135,0.0746,3.0497,0.5093,3.6336,1
4,136,0.0986,2.7973,0.0,2.8958999999999997,0
4,137,0.0562,2.7759,0.0,2.8321,0
4,138,0.0948,2.1298,0.0,2.2245999999999997,0
4,139,0.0439,2.6364,0.0,2.6803,0
4,140,0.0912,2.3196,0.3557,2.7665,1
4,141,0.0425,2.1187,0.0,2.1612,0
4,142,0.1091,3.0382,0.0,3.1473,0
4,143,0.0855,3.1668,0.0,3.2523,0
4,144,0.0986,2.2082,0.0,2.3068,0
4,145,0.0562,1.7439,0.342,2.1421,1
4,146,0.0992,2.4287,0.0,2.5279000000000003,0
4,147,0.046,1.4754,0.0,1.5214,0
4,148,0.1517,3.0148,0.0,3.1665,0
4,149,0.0467,1.4298,0.0,1.4765,0
4,150,0.1038,1.8676,0.4785,2.4499,1
4,151,0.0645,1.7176,0.0,1.7821,0
4,152,0.0968,2.6208,0.0,2.7176,0
4,153,0.2412,1.8298,0.0,2.071,0
4,154,0.1196,2.5448,0.0,2.6644,0
4,155,0.0489,1.7568,0.4662,2.2719,1
4,156,0.0942,3.0568,0.0,3.151,0
4,157,0.0752,1.9749,0.0,2.0501,0
4,158,0.062,1.891,0.0,1.953,0
4,159,0.2108,1.8629,0.0,2.0737,0
4,160,0.04,1.2604,0.2975,1.5979,1
4,161,0.3409,1.9638,0.0,2.3047,0
4,162,0.0397,1.266,0.0,1.3057,0
4,163,0.3249,3.0494,0.0,3.3743,0
4,164,0.3903,1.5125,0.0,1.9028,0
4,165,0.3206,2.4767,0.7418,3.5391,1
4,166,0.0519,2.8499,0.0,2.9017999999999997,0
4,167,0.335,2.5086,0.0,2.8436,0
4,168,0.0524,1.5567,0.0,1.6091,0
4,169,0.1092,3.3307,0.0,3.4399,0
4,170,0.046,2.2242,0.5033,2.7735,1
4,171,0.0994,2.4256,0.0,2.5250000000000004,0
4,172,0.056,2.2944,0.0,2.3504,0
4,173,0.2613,2.9944,0.0,3.2557,0
4,174,0.0825,2.4506,0.0,2.5331,0
4,175,0.1578,3.5026,0.4133,4.0737000000000005,1
4,176,0.0611,2.5137,0.0,2.5748,0
4,177,0.0789,2.4716,0.0,2.5505,0
4,178,0.0801,2.4717,0.0,2.5517999999999996,0
4,179,0.0793,2.5157,0.0,2.5949999999999998,0
4,180,0.0499,2.4037,0.6235,3.0771,1
4,181,0.2929,2.2532,0.0,2.5461,0
4,182,0.0641,1.6165,0.0,1.6806,0
4,183,0.238,2.7857,0.0,3.0237,0
4,184,0.0543,1.6779,0.0,1.7322,0
4,185,0.3842,3.1007,0.3606,3.8454999999999995,1
4,186,0.2662,2.5315,0.0,2.7977,0
4,187,0.0977,1.677,0.0,1.7747,0
4,188,0.091,2.8095,0.0,2.9005,0
4,189,0.2713,1.4406,0.0,1.7119,0
4,190,0.1153,3.1694,0.7054,3.9901,1
4,191,0.2939,3.4042,0.0,3.6980999999999997,0
4,192,0.3183,3.5063,0.0,3.8246,0
4,193,0.197,2.6969,0.0,2.8939,0
4,194,0.1043,2.5612,0.0,2.6654999999999998,0
4,195,0.0939,2.8472,0.7593,3.7004,1
4,196,0.1126,2.6716,0.0,2.7842000000000002,0
4,197,0.0554,1.6044,0.0,1.6598,0
4,198,0.104,2.7882,0.0,2.8922,0
4,199,0.0577,2.0546,0.0,2.1123000000000003,0
4,200,0.3457,3.4109,0.6913,4.4479,1
4,201,0.2948,2.6929,0.0,2.9877,0
4,202,0.0926,2.6166,0.0,2.7092,0
4,203,0.0882,1.4202,0.0,1.5084,0
4,204,0.071,2.8626,0.0,2.9336,0
4,205,0.0471,1.8671,0.4562,2.3704,1
4,206,0.3731,3.6922,0.0,4.065300000000001,0
4,208,0.4789,2.4689,0.0,2.9478,0
4,209,0.2677,2.0096,0.0,2.2773,0
4,210,0.3914,3.2823,0.4191,4.0928,1
4,211,0.0338,1.4912,0.0,1.5250000000000001,0
4,212,0.0937,2.346,0.0,2.4397,0
4,213,0.0433,1.4367,0.0,1.48,0
4,214,0.0822,1.944,0.0,2.0262,0
4,216,0.3383,1.7367,0.0,2.0749999999999997,0
4,217,0.0765,3.21,0.0,3.2864999999999998,0
4,218,0.0923,1.7117,0.0,1.804,0
4,219,0.3663,2.8266,0.0,3.1929,0
4,220,0.0841,3.1651,0.4695,3.7186999999999997,1
4,221,0.3506,3.0218,0.0,3.3724,0
4,222,0.07,2.3989,0.0,2.4688999999999997,0
4,223,0.0924,2.1979,0.0,2.2903000000000002,0
4,224,0.2722,1.5023,0.0,1.7745,0
4,225,0.0759,2.3578,0.3392,2.7729,1
4,226,0.0507,1.4118,0.0,1.4625,0
4,227,0.2401,2.104,0.0,2.3441,0
4,228,0.0548,1.6997,0.0,1.7545,0
4,229,0.1248,2.8671,0.0,2.9919000000000002,0
4,230,0.0876,1.5028,0.6116,2.202,1
4,231,0.0915,2.1017,0.0,2.1932,0
4,232,0.0498,1.5979,0.0,1.6477000000000002,0
4,233,0.097,2.1682,0.0,2.2652,0
4,234,0.0463,2.4119,0.0,2.4582,0
4,235,0.083,2.7843,0.8029,3.6702000000000004,1
4,236,0.0711,2.2392,0.0,2.3103,0
4,237,0.2744,3.3267,0.0,3.6011,0
4,238,0.3381,2.1452,0.0,2.4833,0
4,239,0.3626,1.9658,0.0,2.3284,0
4,240,0.0478,1.3319,0.274,1.6537000000000002,1
4,241,0.0688,1.3898,0.0,1.4586,0
4,242,0.2931,2.9231,0.0,3.2161999999999997,0
4,243,0.3124,1.2019,0.0,1.5143,0
4,244,0.1401,4.0326,0.0,4.172700000000001,0
4,246,0.4606,4.3703,0.0,4.830900000000001,0
4,248,0.2964,3.8487,0.0,4.1451,0
4,250,0.1154,3.3684,0.4023,3.8861,1
4,251,0.0969,2.4754,0.0,2.5723000000000003,0
4,252,0.1193,3.2484,0.0,3.3677,0
4,253,0.3074,2.9131,0.0,3.2205,0
4,254,0.1006,2.8892,0.0,2.9898000000000002,0
4,255,0.0742,2.4269,0.4011,2.9021999999999997,1
4,256,0.1002,2.3403,0.0,2.4405,0
4,257,0.0995,2.9876,0.0,3.0871,0
4,258,0.0912,2.494,0.0,2.5852000000000004,0
4,259,0.0618,1.541,0.0,1.6028,0
4,260,0.3266,3.0969,0.4605,3.8840000000000003,1
4,261,0.0516,1.3751,0.0,1.4267,0
4,262,0.0609,2.646,0.0,2.7069,0
4,263,0.0439,1.4197,0.0,1.4636,0
4,264,0.2789,3.276,0.0,3.5549,0
4,265,0.0869,2.6442,0.6388,3.3699000000000003,1
4,266,0.3062,3.6736,0.0,3.9798,0
4,267,0.2003,1.9448,0.0,2.1451000000000002,0
4,268,0.1142,3.0499,0.0,3.1641,0
4,269,0.1078,2.8259,0.0,2.9337,0
4,270,0.0479,1.5679,0.3663,1.9821000000000002,1
4,271,0.0911,2.8658,0.0,2.9569,0
4,272,0.0534,1.8761,0.0,1.9295,0
4,273,0.086,2.2626,0.0,2.3486,0
4,274,0.057,1.3705,0.0,1.4275,0
4,275,0.0967,2.305,0.458,2.8597,1
4,276,0.0533,1.3554,0.0,1.4086999999999998,0
4,277,0.0887,2.1765,0.0,2.2652,0
4,278,0.3251,2.7614,0.0,3.0865,0
4,279,0.4406,2.7427,0.0,3.1833,0
4,280,0.0672,2.5199,0.409,2.9960999999999998,1
4,281,0.117,3.5794,0.0,3.6964,0
4,282,0.082,3.1447,0.0,3.2266999999999997,0
4,283,0.0876,2.3225,0.0,2.4101,0
4,284,0.0752,2.5447,0.0,2.6199000000000003,0
4,285,0.4101,2.6676,0.5885,3.6662,1
4,286,0.0891,2.2665,0.0,2.3556000000000004,0
4,287,0.0864,2.3821,0.0,2.4684999999999997,0
4,288,0.0745,2.1247,0.0,2.1992,0
4,289,0.0896,2.5673,0.0,2.6569,0
4,290,0.0677,1.6389,0.7271,2.4337,1
4,291,0.3243,2.483,0.0,2.8073,0
4,292,0.0605,2.1591,0.0,2.2196,0
4,293,0.3095,3.6732,0.0,3.9827,0
4,294,0.0595,1.6878,0.0,1.7473,0
4,295,0.2589,2.5748,0.4197,3.2534000000000005,1
4,296,0.0799,3.3521,0.0,3.432,0
4,297,0.0783,1.983,0.0,2.0613,0
4,298,0.0822,3.1417,0.0,3.2239,0
4,299,0.3923,3.3664,0.0,3.7587,0
4,300,0.0985,2.0718,0.6301,2.8004000000000002,1
4,301,0.053,1.8845,0.0,1.9375,0
4,302,0.1064,2.7328,0.0,2.8392,0
4,303,0.0866,2.0494,0.0,2.1359999999999997,0
4,304,0.0973,2.9342,0.0,3.0315000000000003,0
4,305,0.0533,1.6574,0.7323,2.4429999999999996,1
4,306,0.3086,2.2885,0.0,2.5971,0
4,307,0.049,1.5863,0.0,1.6353,0
4,308,0.0799,2.455,0.0,2.5349,0
4,309,0.0554,1.3105,0.0,1.3659,0
4,310,0.2295,2.8647,0.5133,3.6075,1
4,311,0.2131,1.7346,0.0,1.9477,0
4,312,0.3044,2.2526,0.0,2.5570000000000004,0
4,313,0.0487,1.6067,0.0,1.6554,0
4,314,0.2338,2.5632,0.0,2.797,0
4,315,0.0545,1.7881,0.3359,2.1785,1
4,316,0.082,3.6115,0.0,3.6935,0
4,317,0.052,1.4925,0.0,1.5445,0
4,318,0.3201,3.5069,0.0,3.827,0
4,319,0.3031,2.9028,0.0,3.2059,0
4,320,0.3706,2.5082,0.5476,3.4264,1
4,321,0.4403,2.0958,0.0,2.5361000000000002,0
4,322,0.1767,2.2143,0.0,2.391,0
4,323,0.0877,2.3891,0.0,2.4768,0
4,324,0.0904,1.4862,0.0,1.5766,0
4,325,0.2491,1.9867,0.7215,2.9573,1
4,326,0.0418,1.3749,0.0,1.4167,0
4,327,0.3997,3.737,0.0,4.1367,0
4,329,0.0746,2.3327,0.0,2.4073,0
4,330,0.3018,1.9921,0.7152,3.0090999999999997,1
4,331,0.0986,2.4955,0.0,2.5940999999999996,0
4,332,0.0789,1.9644,0.0,2.0433,0
4,333,0.0878,2.3413,0.0,2.4291,0
4,334,0.0409,1.5743,0.0,1.6152,0
4,335,0.2672,1.9618,0.7235,2.9525,1
4,336,0.0484,2.0491,0.0,2.0975,0
4,337,0.3287,1.9917,0.0,2.3204000000000002,0
4,338,0.3171,2.1115,0.0,2.4286,0
4,339,0.3364,2.275,0.0,2.6113999999999997,0
4,341,0.2567,2.4901,0.0,2.7468,0
4,342,0.0604,1.802,0.0,1.8624,0
4,343,0.1122,2.9622,0.0,3.0744000000000002,0
4,344,0.0519,1.412,0.0,1.4639,0
4,345,0.4074,3.6971,0.3632,4.4677,1
4,347,0.3593,2.7281,0.0,3.0874,0
4,348,0.046,2.6836,0.0,2.7296,0
4,349,0.2904,2.0613,0.0,2.3517,0
4,350,0.033,1.6519,0.3347,2.0195999999999996,1
4,351,0.0921,2.3728,0.0,2.4648999999999996,0
4,352,0.1023,3.5733,0.0,3.6756,0
4,353,0.0731,2.3881,0.0,2.4612000000000003,0
4,354,0.0924,1.6354,0.0,1.7278,0
4,356,0.3753,3.24,0.0,3.6153000000000004,0
4,357,0.0615,3.2646,0.0,3.3261000000000003,0
4,358,0.0915,2.4926,0.0,2.5841,0
4,359,0.0551,1.5645,0.0,1.6196,0
4,360,0.1128,2.2676,0.4529,2.8333,1
4,361,0.0661,2.585,0.0,2.6511,0
4,362,0.0962,3.0967,0.0,3.1929,0
4,363,0.0511,1.4379,0.0,1.4889999999999999,0
4,364,0.1108,2.6855,0.0,2.7963,0
4,365,0.0483,1.5609,0.3401,1.9493,1
4,366,0.0958,2.8967,0.0,2.9925,0
4,367,0.0536,1.9393,0.0,1.9929000000000001,0
4,368,0.1257,2.4101,0.0,2.5358,0
4,369,0.4002,2.8254,0.0,3.2256,0
4,370,0.101,2.8783,0.5747,3.554,1
4,371,0.0787,2.0739,0.0,2.1526,0
4,372,0.2393,3.1338,0.0,3.3731,0
4,373,0.0718,1.8189,0.0,1.8907,0
4,374,0.1135,2.7722,0.0,2.8857000000000004,0
4,375,0.0568,1.9036,0.4442,2.4046,1
4,376,0.271,2.4545,0.0,2.7255,0
4,377,0.0504,1.9445,0.0,1.9949,0
4,378,0.092,3.4302,0.0,3.5222,0
4,379,0.0549,2.843,0.0,2.8979,0
4,380,0.09,2.4579,0.4087,2.9566,1
4,381,0.103,2.2699,0.0,2.3729,0
4,382,0.0464,1.5045,0.0,1.5509,0
4,383,0.0857,2.8214,0.0,2.9071000000000002,0
4,384,0.2762,3.2868,0.0,3.5629999999999997,0
4,385,0.3143,2.756,0.3847,3.4549999999999996,1
4,386,0.0392,1.9499,0.0,1.9890999999999999,0
4,387,0.3436,2.412,0.0,2.7556,0
4,388,0.0548,1.8063,0.0,1.8611,0
4,389,0.0812,2.8677,0.0,2.9489,0
4,390,0.2763,2.3477,0.3696,2.9936000000000003,1
4,391,0.1019,3.5736,0.0,3.6755,0
4,392,0.0584,1.7817,0.0,1.8401,0
4,393,0.0728,3.2248,0.0,3.2976,0
4,394,0.071,2.3468,0.0,2.4178,0
4,395,0.1019,2.397,0.3557,2.8546,1
4,396,0.0544,1.5131,0.0,1.5675,0
4,397,0.0935,2.3347,0.0,2.4282000000000004,0
4,398,0.0443,1.4917,0.0,1.536,0
4,399,0.079,2.1332,0.0,2.2122,0
4,400,0.0803,1.6657,0.3084,2.0544000000000002,1
4,401,0.0733,3.4055,0.0,3.4788,0
4,402,0.0801,3.0926,0.0,3.1727,0
4,403,0.2691,2.4462,0.0,2.7153,0
4,404,0.052,1.9033,0.0,1.9553,0
4,405,0.3849,1.9271,0.6725,2.9845,1
4,406,0.0429,1.3492,0.0,1.3921,0
4,407,0.0502,1.4186,0.0,1.4688,0
4,408,0.2916,2.9914,0.0,3.283,0
4,409,0.0489,1.3671,0.0,1.416,0
4,411,0.791,1.3463,0.0,2.1373,0
4,412,0.0764,3.9171,0.0,3.9935,0
4,413,0.2671,2.8423,0.0,3.1094,0
4,414,0.1373,2.7841,0.0,2.9214,0
4,415,0.0498,1.3971,0.334,1.7809000000000001,1
4,416,0.0732,3.4424,0.0,3.5156,0
4,417,0.0757,2.3632,0.0,2.4389,0
4,418,0.1078,2.7061,0.0,2.8139000000000003,0
4,419,0.0933,1.9963,0.0,2.0896,0
4,420,0.0952,2.2249,0.4203,2.7404,1
4,421,0.0467,2.3328,0.0,2.3795,0
4,422,0.0703,2.4437,0.0,2.5140000000000002,0
4,423,0.053,1.5137,0.0,1.5667,0
4,424,0.0966,2.9668,0.0,3.0634,0
4,425,0.0629,1.6595,0.5083,2.2306999999999997,1
4,426,0.0625,2.7547,0.0,2.8172,0
4,427,0.0395,1.3663,0.0,1.4058000000000002,0
4,428,0.1425,2.0985,0.0,2.241,0
4,429,0.0461,1.3692,0.0,1.4153,0
4,430,0.2844,2.2462,0.4186,2.9492,1
4,431,0.049,1.7781,0.0,1.8271,0
4,432,0.1516,2.9608,0.0,3.1124,0
4,433,0.0672,1.9665,0.0,2.0337,0
4,434,0.0569,1.7408,0.0,1.7976999999999999,0
4,435,0.0878,1.988,0.7644,2.8402000000000003,1
4,436,0.0482,1.6953,0.0,1.7435,0
4,437,0.3297,2.7897,0.0,3.1193999999999997,0
4,438,0.0333,1.6321,0.0,1.6654000000000002,0
4,439,0.3878,2.241,0.0,2.6288,0
4,440,0.0952,1.5255,0.4121,2.0328,1
4,441,0.2459,1.9865,0.0,2.2324,0
4,442,0.0435,1.445,0.0,1.4885000000000002,0
4,443,0.3112,1.8709,0.0,2.1821,0
4,444,0.2938,1.3534,0.0,1.6472,0
4,445,0.2673,1.8639,0.6853,2.8164999999999996,1
4,446,0.2257,1.3115,0.0,1.5372000000000001,0
4,447,0.3319,2.0257,0.0,2.3576,0
4,448,0.0545,1.4846,0.0,1.5391,0
4,449,0.1371,2.9729,0.0,3.1100000000000003,0
4,450,0.0618,1.4837,0.5336,2.0791,1
4,451,0.1029,2.3348,0.0,2.4377,0
4,452,0.0509,1.3897,0.0,1.4405999999999999,0
4,453,0.1084,3.1114,0.0,3.2198,0
4,454,0.0743,3.0093,0.0,3.0836,0
4,455,0.0911,2.9698,0.3734,3.4343000000000004,1
4,456,0.0636,1.9005,0.0,1.9641000000000002,0
4,457,0.142,2.7785,0.0,2.9205,0
4,458,0.0489,1.6156,0.0,1.6644999999999999,0
4,459,0.0777,2.7119,0.0,2.7896,0
4,460,0.0425,2.0435,0.7576,2.8436,1
4,461,0.2459,2.2702,0.0,2.5161,0
4,462,0.4577,3.2617,0.0,3.7194,0
4,463,0.3092,1.8544,0.0,2.1636,0
4,464,0.1694,2.0385,0.0,2.2079,0
4,465,0.0461,1.3527,0.5686,1.9674,1
4,466,0.3006,1.9378,0.0,2.2384,0
4,467,0.0424,1.7936,0.0,1.836,0
4,468,0.4378,2.5839,0.0,3.0217,0
4,469,0.3798,3.2702,0.0,3.65,0
4,470,0.111,3.3064,0.5089,3.9263000000000003,1
4,471,0.096,2.5265,0.0,2.6225,0
4,472,0.1099,3.469,0.0,3.5789,0
4,473,0.0815,2.6674,0.0,2.7489000000000003,0
4,474,0.1045,2.6819,0.0,2.7864,0
4,475,0.0495,1.5128,0.3417,1.904,1
4,476,0.1071,2.5609,0.0,2.668,0
4,477,0.0907,2.0615,0.0,2.1522,0
4,478,0.0902,2.8927,0.0,2.9829,0
4,479,0.0457,1.4658,0.0,1.5115,0
4,480,0.2438,2.0284,0.4033,2.6754999999999995,1
4,481,0.0417,1.3997,0.0,1.4414,0
4,482,0.0944,2.2702,0.0,2.3646,0
4,483,0.0489,2.2152,0.0,2.2641,0
4,484,0.0986,3.1749,0.0,3.2735,0
4,485,0.0667,1.7857,0.3667,2.2191,1
4,486,0.0729,3.2112,0.0,3.2841,0
4,487,0.0729,1.9191,0.0,1.992,0
4,488,0.1059,3.5834,0.0,3.6893000000000002,0
4,489,0.3739,2.8833,0.0,3.2572,0
4,490,0.0969,2.3191,0.5394,2.9554000000000005,1
4,491,0.1155,2.9916,0.0,3.1071,0
4,492,0.0951,2.9514,0.0,3.0465,0
4,493,0.1206,3.4159,0.0,3.5365,0
4,494,0.1001,3.5779,0.0,3.678,0
4,495,0.1268,3.1706,0.5438,3.8411999999999997,1
4,496,0.0773,3.517,0.0,3.5943,0
4,497,0.1014,3.245,0.0,3.3464,0
4,498,0.0717,3.2398,0.0,3.3114999999999997,0
4,499,0.1477,3.1427,0.0,3.2904,0
5,0,0.0808,2.5027,0.7332,3.3167,1
5,1,0.1081,3.0148,0.0,3.1229,0
5,2,0.0677,2.4927,0.0,2.5604,0
5,3,0.3376,2.8773,0.0,3.2149,0
5,4,0.1015,3.1933,0.0,3.2948,0
5,5,0.1004,3.8301,0.622,4.5525,1
5,6,0.0824,2.6368,0.0,2.7192,0
5,7,0.1151,3.4011,0.0,3.5162,0
5,8,0.0545,2.6305,0.0,2.685,0
5,9,0.0988,3.2922,0.0,3.391,0
5,10,0.0679,2.4657,0.3911,2.9246999999999996,1
5,11,0.0919,3.4302,0.0,3.5221,0
5,12,0.0778,2.8233,0.0,2.9011,0
5,13,0.0803,3.1175,0.0,3.1978,0
5,14,0.095,4.1193,0.0,4.2143,0
5,15,0.102,3.0457,0.5371,3.6848,1
5,16,0.3817,3.0541,0.0,3.4358,0
5,17,0.1405,2.5617,0.0,2.7022,0
5,18,0.0902,2.9309,0.0,3.0210999999999997,0
5,19,0.0589,2.4901,0.0,2.549,0
5,20,0.2364,3.2653,0.7996,4.3013,1
5,21,0.3197,2.8733,0.0,3.193,0
5,22,0.1028,3.8299,0.0,3.9326999999999996,0
5,23,0.0681,2.8479,0.0,2.916,0
5,24,0.2334,3.3475,0.0,3.5809,0
5,25,0.0707,2.428,0.4263,2.925,1
5,26,0.117,3.6898,0.0,3.8068,0
5,27,0.0672,2.4943,0.0,2.5615,0
5,28,0.2827,3.1882,0.0,3.4709000000000003,0
5,29,0.0766,2.8782,0.0,2.9548,0
5,30,0.0887,2.9641,0.4498,3.5026,1
5,31,0.0711,2.8651,0.0,2.9362,0
5,32,0.0972,3.1957,0.0,3.2929,0
5,33,0.0953,2.8226,0.0,2.9179,0
5,34,0.1045,2.4497,0.0,2.5542,0
5,35,0.0588,2.8052,0.4894,3.3534,1
5,36,0.1031,3.3332,0.0,3.4363,0
5,37,0.0816,2.634,0.0,2.7156,0
5,38,0.0826,2.922,0.0,3.0046,0
5,39,0.0621,2.6733,0.0,2.7354,0
5,40,0.0899,2.5015,0.4562,3.0476,1
5,41,0.0651,2.9504,0.0,3.0155000000000003,0
5,42,0.112,2.8103,0.0,2.9223,0
5,43,0.0566,2.2843,0.0,2.3409,0
5,44,0.0829,2.929,0.0,3.0119,0
5,45,0.0867,4.0687,0.3704,4.5258,1
5,46,0.6727,2.5848,0.0,3.2575,0
5,47,0.0954,3.0718,0.0,3.1672000000000002,0
5,48,0.0645,2.6293,0.0,2.6938000000000004,0
5,49,0.2079,3.1963,0.0,3.4042,0
5,50,0.0497,2.6599,0.4347,3.1443,1
5,51,0.1019,3.3522,0.0,3.4541,0
5,52,0.2949,2.1603,0.0,2.4552,0
5,53,0.1008,3.6071,0.0,3.7079,0
5,54,0.1025,2.6494,0.0,2.7519,0
5,55,0.1022,3.2971,0.5106,3.9099,1
5,56,0.0828,2.7309,0.0,2.8137000000000003,0
5,57,0.1012,2.7748,0.0,2.876,0
5,58,0.073,2.5625,0.0,2.6355,0
5,59,0.1094,3.1907,0.0,3.3001,0
5,60,0.0608,2.6366,0.4293,3.1267,1
5,61,0.1214,3.5424,0.0,3.6638,0
5,63,0.1272,2.9139,0.0,3.0411,0
5,64,0.0787,2.5791,0.0,2.6578,0
5,65,0.1577,4.0256,0.7868,4.9701,1
5,66,0.089,3.3345,0.0,3.4234999999999998,0
5,67,0.0848,3.1727,0.0,3.2575,0
5,68,0.0862,2.6592,0.0,2.7453999999999996,0
5,69,0.1556,3.6341,0.0,3.7897000000000003,0
5,70,0.0859,3.1838,0.513,3.7827,1
5,71,0.1089,2.7842,0.0,2.8930999999999996,0
5,72,0.055,2.8747,0.0,2.9297,0
5,73,0.1381,3.4817,0.0,3.6198,0
5,74,0.1175,3.7769,0.0,3.8944,0
5,75,0.084,3.0076,0.49,3.5816,1
5,76,0.0998,3.3476,0.0,3.4474,0
5,77,0.0809,3.5278,0.0,3.6087000000000002,0
5,78,0.0971,2.7741,0.0,2.8712,0
5,79,0.0613,2.4326,0.0,2.4939,0
5,80,0.1404,3.4927,0.7339,4.367,1
5,81,0.0823,3.1544,0.0,3.2367,0
5,82,0.0958,3.1996,0.0,3.2954000000000003,0
5,83,0.0783,2.7586,0.0,2.8369,0
5,84,0.1152,2.5949,0.0,2.7101,0
5,85,0.0916,2.7592,0.5376,3.3884,1
5,86,0.0927,3.0141,0.0,3.1068,0
5,87,0.0528,2.4906,0.0,2.5434,0
5,88,0.0972,3.2905,0.0,3.3877,0
5,89,0.0775,2.4007,0.0,2.4782,0
5,90,0.1007,2.2109,0.3843,2.6959,1
5,91,0.0899,1.9627,0.0,2.0526,0
5,92,0.1014,2.9849,0.0,3.0863,0
5,93,0.1034,2.6334,0.0,2.7368,0
5,94,0.1045,2.5341,0.0,2.6386,0
5,96,0.3076,3.8461,0.0,4.1537,0
5,97,0.1654,3.3686,0.0,3.534,0
5,98,0.0824,2.701,0.0,2.7834,0
5,99,0.0595,2.3726,0.0,2.4320999999999997,0
5,100,0.4131,3.5596,0.4807,4.4534,1
5,101,0.0922,2.9823,0.0,3.0745,0
5,102,0.0655,2.6932,0.0,2.7587,0
5,103,0.1,3.1241,0.0,3.2241,0
5,104,0.0687,2.3531,0.0,2.4218,0
5,105,0.0932,3.1316,0.5808,3.8056,1
5,106,0.0529,2.3908,0.0,2.4437,0
5,107,0.0883,3.0382,0.0,3.1264999999999996,0
5,108,0.0784,3.1661,0.0,3.2445,0
5,109,0.0851,3.7735,0.0,3.8586,0
5,110,0.0801,2.9701,0.5548,3.6049999999999995,1
5,111,0.0975,3.1725,0.0,3.27,0
5,112,0.0887,2.9906,0.0,3.0793,0
5,113,0.0919,3.0105,0.0,3.1024,0
5,114,0.0814,3.1539,0.0,3.2353,0
5,115,0.0985,2.4521,0.591,3.1416000000000004,1
5,116,0.2371,2.8413,0.0,3.0784,0
5,117,0.0919,2.8576,0.0,2.9495,0
5,118,0.0947,3.3296,0.0,3.4243,0
5,119,0.0889,2.8869,0.0,2.9758,0
5,120,0.0564,2.3683,0.6111,3.0358,1
5,121,0.0804,2.6557,0.0,2.7361,0
5,122,0.0476,2.6044,0.0,2.652,0
5,123,0.0852,2.2313,0.0,2.3165,0
5,124,0.0433,2.4785,0.0,2.5218,0
5,125,0.269,3.3711,0.5591,4.1992,1
5,126,0.7126,3.0302,0.0,3.7428,0
5,127,0.3678,3.466,0.0,3.8338,0
5,128,0.1162,3.2502,0.0,3.3664,0
5,129,0.0729,3.5906,0.0,3.6635,0
5,130,0.0964,3.3187,0.4908,3.9059000000000004,1
5,131,0.0948,2.7609,0.0,2.8556999999999997,0
5,132,0.11,3.2609,0.0,3.3709,0
5,133,0.0692,3.2128,0.0,3.282,0
5,134,0.097,2.7868,0.0,2.8838,0
5,135,0.0674,2.3414,0.4249,2.8337000000000003,1
5,136,0.1175,3.0116,0.0,3.1291,0
5,137,0.2196,2.4047,0.0,2.6243,0
5,138,0.0984,3.6606,0.0,3.759,0
5,139,0.092,1.8931,0.0,1.9851,0
5,140,0.0862,3.093,0.8037,3.9829,1
5,141,0.069,2.8328,0.0,2.9018,0
5,142,0.0785,2.6544,0.0,2.7329,0
5,143,0.2174,1.9856,0.0,2.203,0
5,144,0.0906,2.8908,0.0,2.9814,0
5,145,0.2368,2.9977,0.4913,3.7258,1
5,146,0.0935,3.3243,0.0,3.4178,0
5,147,0.2135,2.9105,0.0,3.1239999999999997,0
5,148,0.0869,3.6758,0.0,3.7627,0
5,149,0.0702,2.7223,0.0,2.7925,0
5,150,0.1094,3.8228,0.5747,4.5069,1
5,151,0.0914,2.7142,0.0,2.8056,0
5,152,0.1145,3.0338,0.0,3.1483,0
5,153,0.0923,2.9077,0.0,3.0,0
5,154,0.0936,2.9226,0.0,3.0162,0
5,155,0.1196,3.8729,0.5907,4.5832,1
5,156,0.0791,2.8079,0.0,2.887,0
5,157,0.0989,3.6809,0.0,3.7798,0
5,158,0.1044,2.7393,0.0,2.8437,0
5,159,0.1251,3.6815,0.0,3.8066000000000004,0
5,160,0.1014,2.2557,0.4964,2.8535,1
5,161,0.0654,2.9822,0.0,3.0476,0
5,162,0.0778,3.3042,0.0,3.3819999999999997,0
5,163,0.0972,3.2103,0.0,3.3075,0
5,164,0.07,2.6532,0.0,2.7232,0
5,165,0.092,2.9737,0.4835,3.5492,1
5,166,0.0675,2.4425,0.0,2.51,0
5,167,0.0831,3.0554,0.0,3.1385,0
5,168,0.094,2.3396,0.0,2.4335999999999998,0
5,169,0.4726,3.2401,0.0,3.7127,0
5,170,0.0794,2.5914,0.3812,3.0520000000000005,1
5,171,0.0945,3.2252,0.0,3.3197,0
5,172,0.0608,2.2005,0.0,2.2613,0
5,173,0.0804,2.9116,0.0,2.992,0
5,174,0.0578,2.1361,0.0,2.1938999999999997,0
5,175,0.1112,2.726,0.3841,3.2213000000000003,1
5,176,0.0609,2.1705,0.0,2.2314000000000003,0
5,177,0.2247,4.1896,0.0,4.414300000000001,0
5,178,0.0705,3.3607,0.0,3.4312,0
5,179,0.0914,2.7334,0.0,2.8248,0
5,180,0.0556,2.2682,0.555,2.8788000000000005,1
5,181,0.2827,3.9608,0.0,4.2435,0
5,182,0.0485,2.7189,0.0,2.7674000000000003,0
5,183,0.1235,2.771,0.0,2.8945,0
5,184,0.1059,3.4277,0.0,3.5336000000000003,0
5,185,0.0769,3.464,0.5761,4.117,1
5,186,0.0891,2.9805,0.0,3.0696000000000003,0
5,187,0.0841,2.4301,0.0,2.5141999999999998,0
5,188,0.0994,3.2515,0.0,3.3509,0
5,189,0.3464,3.7369,0.0,4.0832999999999995,0
5,190,0.1056,3.1557,0.6628,3.9240999999999997,1
5,191,0.0655,2.5424,0.0,2.6079000000000003,0
5,192,0.0838,2.9937,0.0,3.0775,0
5,193,0.0881,2.1342,0.0,2.2222999999999997,0
5,194,0.2736,3.4127,0.0,3.6863,0
5,195,0.1629,2.335,0.4794,2.9773,1
5,196,0.0867,3.7921,0.0,3.8788,0
5,197,0.0544,2.5015,0.0,2.5559,0
5,198,0.4591,2.4615,0.0,2.9206,0
5,199,0.0929,3.2278,0.0,3.3207,0
5,201,0.0765,3.0202,0.0,3.0967,0
5,202,0.0888,3.3042,0.0,3.393,0
5,203,0.0709,2.6962,0.0,2.7671,0
5,204,0.1024,2.9962,0.0,3.0986,0
5,206,0.2282,3.2858,0.0,3.5140000000000002,0
5,207,0.2643,2.6612,0.0,2.9255,0
5,208,0.4214,2.4386,0.0,2.8600000000000003,0
5,209,0.2382,2.4791,0.0,2.7173,0
5,210,0.084,2.1982,0.5991,2.8813,1
5,211,0.3887,2.1702,0.0,2.5589,0
5,212,0.0457,2.6735,0.0,2.7192000000000003,0
5,213,0.2274,3.5171,0.0,3.7445,0
5,214,0.5017,2.2643,0.0,2.766,0
5,217,0.0994,2.8999,0.0,2.9993000000000003,0
5,218,0.0605,3.3384,0.0,3.3989000000000003,0
5,219,0.0798,2.543,0.0,2.6228000000000002,0
5,220,0.0744,1.9529,0.586,2.6132999999999997,1
5,221,0.3696,3.2894,0.0,3.6590000000000003,0
5,222,0.2966,1.8875,0.0,2.1841,0
5,223,0.0708,3.9571,0.0,4.0279,0
5,224,0.0814,3.9101,0.0,3.9915,0
5,225,0.0963,3.6905,0.4203,4.2071,1
5,226,0.498,3.796,0.0,4.294,0
5,227,0.2516,2.9721,0.0,3.2237,0
5,228,0.0598,2.5175,0.0,2.5773,0
5,229,0.115,3.9237,0.0,4.0387,0
5,230,0.0863,3.3983,0.7928,4.2774,1
5,231,0.1015,3.2195,0.0,3.321,0
5,232,0.0786,2.911,0.0,2.9896000000000003,0
5,233,0.2285,3.0737,0.0,3.3022,0
5,234,0.0633,2.6029,0.0,2.6662,0
5,235,0.1193,3.2579,0.4357,3.8129,1
5,236,0.0882,2.6864,0.0,2.7746,0
5,237,0.0976,3.1894,0.0,3.287,0
5,238,0.1156,3.7613,0.0,3.8769,0
5,239,0.0797,2.9788,0.0,3.0585,0
5,240,0.0887,2.7253,0.4512,3.2652,1
5,241,0.0792,2.6398,0.0,2.7190000000000003,0
5,242,0.0987,3.212,0.0,3.3107,0
5,243,0.056,2.4609,0.0,2.5169,0
5,244,0.2888,3.4498,0.0,3.7386000000000004,0
5,245,0.0485,2.0393,0.3863,2.4741,1
5,246,0.1232,3.2466,0.0,3.3698,0
5,247,0.0732,2.2065,0.0,2.2797,0
5,248,0.1138,2.8467,0.0,2.9604999999999997,0
5,249,0.077,2.6568,0.0,2.7338,0
5,250,0.1008,2.8413,0.4426,3.3847,1
5,251,0.0831,2.2226,0.0,2.3057,0
5,252,0.1008,2.2376,0.0,2.3384,0
5,253,0.0847,1.6686,0.0,1.7533,0
5,254,0.0954,2.867,0.0,2.9624,0
5,255,0.1949,1.6717,0.3326,2.1992000000000003,1
5,256,0.0966,3.0269,0.0,3.1235,0
5,257,0.0776,2.658,0.0,2.7356,0
5,258,0.0748,3.1812,0.0,3.2560000000000002,0
5,259,0.0979,2.6105,0.0,2.7084,0
5,260,0.108,2.5528,0.3887,3.0495,1
5,261,0.0505,1.9201,0.0,1.9706,0
5,262,0.0767,1.9588,0.0,2.0355000000000003,0
5,263,0.0502,1.514,0.0,1.5642,0
5,264,0.1137,4.2585,0.0,4.372199999999999,0
5,265,0.4115,1.5497,0.6982,2.6594,1
5,266,0.0726,1.5838,0.0,1.6564,0
5,267,0.0915,2.6011,0.0,2.6926,0
5,268,0.0523,1.5911,0.0,1.6434,0
5,269,0.282,3.0003,0.0,3.2823,0
5,271,0.3376,3.225,0.0,3.5626,0
5,272,0.0571,3.1083,0.0,3.1654,0
5,273,0.2276,3.4069,0.0,3.6344999999999996,0
5,274,0.0941,2.9737,0.0,3.0678,0
5,275,0.1025,2.6879,0.4594,3.2498,1
5,276,0.1045,2.348,0.0,2.4524999999999997,0
5,277,0.1097,2.6801,0.0,2.7898,0
5,278,0.086,3.1695,0.0,3.2555,0
5,279,0.1101,2.5384,0.0,2.6485000000000003,0
5,280,0.0794,2.5375,0.4914,3.1083000000000003,1
5,281,0.2155,2.9242,0.0,3.1397,0
5,282,0.0833,2.3902,0.0,2.4735,0
5,283,0.3175,4.0052,0.0,4.3227,0
5,284,0.5482,1.9928,0.0,2.541,0
5,285,0.1234,2.8814,0.6453,3.6501,1
5,286,0.2756,3.2282,0.0,3.5038,0
5,287,0.0838,1.9556,0.0,2.0394,0
5,288,0.345,1.6965,0.0,2.0415,0
5,289,0.0873,1.9,0.0,1.9872999999999998,0
5,290,0.0439,1.4772,0.4784,1.9995,1
5,291,0.2827,3.0847,0.0,3.3674000000000004,0
5,292,0.041,1.3986,0.0,1.4396,0
5,293,0.1229,2.4782,0.0,2.6011,0
5,294,0.4173,2.9957,0.0,3.413,0
5,295,0.0659,1.441,0.558,2.0649,1
5,296,0.348,1.9039,0.0,2.2519,0
5,297,0.0419,1.3742,0.0,1.4161000000000001,0
5,298,0.3479,2.2327,0.0,2.5806,0
5,299,0.0428,1.3463,0.0,1.3891,0
5,300,0.2844,3.5232,0.5473,4.3549,1
5,302,0.1052,3.0701,0.0,3.1753,0
5,303,0.0466,1.5955,0.0,1.6421,0
5,304,0.3223,2.0453,0.0,2.3676,0
5,305,0.053,1.4295,0.5863,2.0688,1
5,306,0.2528,1.7477,0.0,2.0005,0
5,307,0.0383,3.2028,0.0,3.2411,0
5,308,0.0998,3.1338,0.0,3.2336,0
5,309,0.0614,4.3907,0.0,4.4521,0
5,311,0.0978,2.1965,0.0,2.2943,0
5,312,0.0786,1.8523,0.0,1.9309,0
5,313,0.106,3.1591,0.0,3.2651,0
5,314,0.1089,2.7144,0.0,2.8232999999999997,0
5,315,0.061,2.2129,0.391,2.6649,1
5,316,0.1055,3.1081,0.0,3.2136,0
5,317,0.087,3.1546,0.0,3.2416,0
5,318,0.0777,2.4174,0.0,2.4951000000000003,0
5,319,0.0655,1.7403,0.0,1.8058,0
5,320,0.0808,1.3918,0.3016,1.7742,1
5,321,0.2377,1.8833,0.0,2.121,0
5,322,0.0402,1.3053,0.0,1.3455,0
5,323,0.2956,3.9783,0.0,4.2739,0
5,324,0.4505,2.0008,0.0,2.4513,0
5,326,0.0601,2.114,0.0,2.1740999999999997,0
5,327,0.0891,2.863,0.0,2.9521,0
5,328,0.0535,1.9569,0.0,2.0104,0
5,329,0.2553,1.9572,0.0,2.2125,0
5,330,0.0399,1.5048,0.5242,2.0689,1
5,331,0.3948,3.7297,0.0,4.124499999999999,0
5,332,0.077,2.8769,0.0,2.9539,0
5,333,0.1026,2.7467,0.0,2.8493,0
5,334,0.0958,3.1454,0.0,3.2412,0
5,335,0.1263,3.9043,0.4585,4.4891,1
5,336,0.3417,1.9369,0.0,2.2786,0
5,337,0.103,3.2451,0.0,3.3481,0
5,338,0.0916,2.1007,0.0,2.1923,0
5,339,0.2219,2.3433,0.0,2.5652,0
5,340,0.0613,1.5009,0.5383,2.1005,1
5,341,0.2508,2.7094,0.0,2.9602,0
5,342,0.049,1.3653,0.0,1.4143,0
5,343,0.0674,3.2619,0.0,3.3293,0
5,344,0.341,2.7387,0.0,3.0797000000000003,0
5,345,0.2422,2.7765,0.6758,3.6944999999999997,1
5,346,0.0546,1.7075,0.0,1.7621,0
5,347,0.0486,1.5045,0.0,1.5531,0
5,348,0.1791,3.0176,0.0,3.1967,0
5,349,0.3539,1.7961,0.0,2.15,0
5,352,0.1234,3.2414,0.0,3.3648000000000002,0
5,353,0.3412,2.7141,0.0,3.0553000000000003,0
5,354,0.09,2.6616,0.0,2.7516,0
5,355,0.0805,2.6048,0.4464,3.1317,1
5,356,0.1092,3.0242,0.0,3.1334,0
5,357,0.1008,3.2583,0.0,3.3591,0
5,358,0.1069,2.3865,0.0,2.4934,0
5,359,0.0689,2.8982,0.0,2.9671000000000003,0
5,360,0.0787,3.0099,0.5012,3.5898,1
5,361,0.0834,2.7437,0.0,2.8271,0
5,362,0.1327,3.2906,0.0,3.4233,0
5,363,0.0547,1.8476,0.0,1.9022999999999999,0
5,364,0.0856,3.0856,0.0,3.1712,0
5,365,0.0862,2.5837,0.5693,3.2392,1
5,366,0.348,2.708,0.0,3.056,0
5,367,0.065,2.0433,0.0,2.1083,0
5,368,0.0527,2.4547,0.0,2.5074,0
5,369,0.0571,2.0727,0.0,2.1298000000000004,0
5,370,0.1136,2.0035,0.4306,2.5477,1
5,371,0.057,1.5998,0.0,1.6568,0
5,372,0.1128,3.2603,0.0,3.3731,0
5,373,0.2831,2.24,0.0,2.5231000000000003,0
5,374,0.3253,1.8568,0.0,2.1821,0
5,375,0.043,1.3961,0.3134,1.7525,1
5,376,0.0915,1.5128,0.0,1.6042999999999998,0
5,378,0.4655,1.5214,0.0,1.9869,0
5,379,0.0913,2.6523,0.0,2.7436,0
5,380,0.0629,1.3772,0.6036,2.0437,1
5,381,0.1401,2.6702,0.0,2.8103,0
5,382,0.2784,2.32,0.0,2.5984,0
5,383,0.277,2.5363,0.0,2.8133000000000004,0
5,384,0.0439,1.4067,0.0,1.4506000000000001,0
5,385,0.0962,2.9007,0.4465,3.4434,1
5,386,0.0895,2.3599,0.0,2.4494000000000002,0
5,387,0.2686,3.1873,0.0,3.4559,0
5,388,0.07,2.4441,0.0,2.5141,0
5,389,0.2877,2.3294,0.0,2.6171,0
5,390,0.0572,1.3605,0.413,1.8307,1
5,391,0.0931,2.808,0.0,2.9011,0
5,392,0.0608,1.6381,0.0,1.6988999999999999,0
5,393,0.1085,2.4953,0.0,2.6037999999999997,0
5,394,0.0596,1.4734,0.0,1.5330000000000001,0
5,395,0.2049,4.0221,0.7506,4.977600000000001,1
5,397,0.0813,2.3667,0.0,2.448,0
5,398,0.0761,2.0334,0.0,2.1094999999999997,0
5,399,0.3207,1.9183,0.0,2.239,0
5,400,0.0789,1.5509,0.3412,1.9709999999999999,1
5,401,0.2992,1.9842,0.0,2.2834,0
5,402,0.0385,1.437,0.0,1.4755,0
5,403,0.0831,1.8468,0.0,1.9299,0
5,404,0.3469,2.2094,0.0,2.5563000000000002,0
5,405,0.0519,2.0253,0.448,2.5252,1
5,406,0.1258,2.9467,0.0,3.0725,0
5,407,0.0673,3.8784,0.0,3.9457,0
5,408,0.1239,2.7352,0.0,2.8590999999999998,0
5,409,0.1025,2.4014,0.0,2.5039000000000002,0
5,410,0.2436,3.0766,0.5476,3.8678,1
5,411,0.0536,1.94,0.0,1.9936,0
5,412,0.4807,2.5426,0.0,3.0233000000000003,0
5,413,0.0557,1.3159,0.0,1.3716000000000002,0
5,414,0.1361,2.4212,0.0,2.5572999999999997,0
5,416,0.1,2.0882,0.0,2.1882,0
5,417,0.0563,1.9302,0.0,1.9865,0
5,418,0.1049,2.5735,0.0,2.6784,0
5,419,0.0533,1.6379,0.0,1.6911999999999998,0
5,421,0.0793,2.2288,0.0,2.3081,0
5,422,0.1326,3.2371,0.0,3.3697,0
5,423,0.0616,2.6358,0.0,2.6974,0
5,424,0.3154,3.4653,0.0,3.7807,0
5,425,0.1045,2.6326,0.3928,3.1298999999999997,1
5,426,0.0955,2.7799,0.0,2.8754,0
5,427,0.0859,2.3513,0.0,2.4372000000000003,0
5,428,0.1259,2.4237,0.0,2.5496000000000003,0
5,429,0.0646,1.4526,0.0,1.5171999999999999,0
5,430,0.0871,1.9374,0.5131,2.5376000000000003,1
5,431,0.2426,4.1788,0.0,4.4214,0
5,432,0.3879,2.3983,0.0,2.7862,0
5,433,0.2343,3.2081,0.0,3.4424,0
5,434,0.0719,1.5178,0.0,1.5897000000000001,0
5,435,0.0933,2.1818,0.3382,2.6133,1
5,436,0.0464,1.4715,0.0,1.5179,0
5,437,0.092,2.4067,0.0,2.4987,0
5,438,0.0488,3.4458,0.0,3.4946,0
5,439,0.0945,3.0858,0.0,3.1803,0
5,440,0.0799,2.9039,0.5581,3.5419,1
5,441,0.1055,2.6543,0.0,2.7598000000000003,0
5,442,0.072,2.2529,0.0,2.3249,0
5,443,0.0812,1.8697,0.0,1.9508999999999999,0
5,444,0.0607,2.2476,0.0,2.3083,0
5,446,0.0793,2.2822,0.0,2.3615,0
5,447,0.0634,2.4043,0.0,2.4677000000000002,0
5,448,0.3641,1.8878,0.0,2.2519,0
5,449,0.1113,1.9312,0.0,2.0425,0
5,450,0.0416,1.6415,0.33,2.0131,1
5,451,0.087,2.1654,0.0,2.2524,0
5,452,0.042,1.3079,0.0,1.3499,0
5,453,0.3276,2.256,0.0,2.5835999999999997,0
5,454,0.0471,2.7587,0.0,2.8058,0
5,456,0.042,1.3222,0.0,1.3642,0
5,457,0.0757,2.1479,0.0,2.2236,0
5,458,0.3207,1.79,0.0,2.1107,0
5,459,0.0578,2.0211,0.0,2.0789,0
5,460,0.2296,1.8318,0.7204,2.7818,1
5,461,0.0333,1.2864,0.0,1.3197,0
5,462,0.322,2.0236,0.0,2.3456,0
5,463,0.06,2.4757,0.0,2.5357,0
5,464,0.156,2.7244,0.0,2.8804000000000003,0
5,465,0.0644,1.4386,0.3568,1.8598000000000001,1
5,466,0.0915,2.2955,0.0,2.387,0
5,467,0.0805,1.4884,0.0,1.5689,0
5,468,0.2075,2.5775,0.0,2.785,0
5,469,0.0713,1.9315,0.0,2.0028,0
5,471,0.043,1.5148,0.0,1.5577999999999999,0
5,472,0.3024,3.3072,0.0,3.6096,0
5,473,0.3096,2.2207,0.0,2.5303,0
5,474,0.1323,3.1696,0.0,3.3019,0
5,475,0.1177,1.5039,0.5281,2.1497,1
5,476,0.2253,2.0619,0.0,2.2872,0
5,477,0.0408,1.367,0.0,1.4078,0
5,478,0.0866,3.6196,0.0,3.7062,0
5,479,0.2843,2.1002,0.0,2.3845,0
5,480,0.3194,2.3696,0.4929,3.1819,1
5,481,0.0605,1.4454,0.0,1.5059,0
5,482,0.0801,3.0526,0.0,3.1327,0
5,483,0.0817,1.9603,0.0,2.042,0
5,484,0.5574,3.0062,0.0,3.5636,0
5,485,0.3214,1.2553,0.5414,2.1181,1
5,486,0.0411,1.4932,0.0,1.5343,0
5,487,0.1132,2.3861,0.0,2.4993,0
5,488,0.0425,3.1723,0.0,3.2148,0
5,489,0.1235,2.8444,0.0,2.9678999999999998,0
5,490,0.0718,2.5428,0.4248,3.0394,1
5,491,0.0868,2.0553,0.0,2.1421,0
5,492,0.0531,1.4131,0.0,1.4662,0
5,493,0.128,2.7055,0.0,2.8335,0
5,494,0.069,1.6331,0.0,1.7021,0
5,495,0.1081,2.7461,0.478,3.3322000000000003,1
5,496,0.076,2.5035,0.0,2.5795,0
5,497,0.0693,2.1723,0.0,2.2416,0
5,498,0.0526,2.1208,0.0,2.1734,0
5,499,0.1589,3.6201,0.0,3.779,0
