frame,t_s,x_px_filt,y_px_filt,mm_per_px,x_mm,y_mm,angle_deg_raw,angle_deg_unwrapped,angular_vel_dps,vx_mm_s,vy_mm_s,speed_mm_s
0,0.0,508.7561340332031,481.8285624186198,0.145985401459854,-0.0,0.0,100.52272324950563,0.800603723526001,1.1957078933715821,0.03496041803590458,0.008317991101131619,0.03593632987943687
1,0.0333333333333333,508.7568359375,481.81813049316406,0.145985401459854,0.001484966856346736,0.0003530217739300157,100.52416705281603,0.8508580267429351,1.594277191162109,0.0787099727131705,0.01652035410176897,0.08042500795247631
2,0.0666666666666666,508.7572387695312,481.81218872070315,0.145985401459854,0.002330694535726969,0.0005545327400754407,100.52503333480226,0.8803175830841063,1.4868383288383482,0.09055548917793853,0.017434712448236488,0.09221857631957042
3,0.1,508.7583740234375,481.7735168457031,0.145985401459854,0.00787099727131706,0.0016520354101768988,100.52503333480226,0.960031442642212,1.1769962024688714,0.09228743439610174,0.01716285456793292,0.09386977215448432
4,0.1333333333333333,508.758154296875,481.7443603515625,0.145985401459854,0.012074065223725143,0.002324628326431533,100.52156820685731,0.9988488340377808,0.6259334206581117,0.08510505933881876,0.015507988951042393,0.08650646707830298
5,0.1666666666666666,508.7580261230469,481.7214111328125,0.145985401459854,0.015381239066016959,0.002860475761322154,100.52156820685731,0.996769757270813,0.20379727363586392,0.07884074945552082,0.02081031330246813,0.08154098916774978
6,0.2,508.7582214355469,481.71937866210936,0.145985401459854,0.015669143412816534,0.002937686599103749,100.51810307891238,0.9551802635192871,-0.5240228462219235,0.002867369361489347,0.03590090341196861,0.03601522834650236
7,0.2333333333333333,508.7657775878906,481.7194885253906,0.145985401459854,0.015470819444980445,0.004022918290486796,100.51463795096743,0.9142837953567504,-1.2393685054779051,-0.05386897356910143,0.04967607450852371,0.07327740915155877
8,0.2666666666666666,508.7982543945312,481.7635070800781,0.145985401459854,0.008348892164898617,0.007635519312171661,100.31708586604464,0.8726943016052247,-1.9422397041320796,-0.08666422032857038,0.0561977113478561,0.10329022144373565
9,0.3,508.8242614746094,481.7956298828125,0.145985401459854,0.0030959029622082343,0.01060397407785215,100.31708586604464,0.7922874164581298,-2.170985898971558,-0.11060379986464705,0.08098796557069543,0.13708483180782274
10,0.3333333333333333,508.8376708984375,481.8083740234375,0.145985401459854,0.0009372023445885619,0.012226760985964837,100.31362073809969,0.6730631399154663,-2.6409527492523175,-0.14462209627421313,0.10116554621690999,0.1764936782780435
11,0.3666666666666666,508.87030029296875,481.82861328125,0.145985401459854,-0.002764823231291301,0.01643568086088631,100.1160686531769,0.5933492803573609,-3.3396657943725585,-0.11935736942678528,0.09225845203354374,0.15085689778100234
12,0.4,508.90700073242186,481.86321411132815,0.145985401459854,-0.00863286326738842,0.0208838426599718,99.9185165682541,0.47412500381469724,-3.5684119892120356,-0.12676287578926704,0.09132507298840198,0.15623410522258604
13,0.4333333333333333,508.9246765136719,481.88046875,0.145985401459854,-0.01154400273956561,0.023011927984428956,99.9185165682541,0.31608333587646487,-2.991867914199829,-0.16903424626860658,0.10673548216690568,0.199912579806769
14,0.4666666666666667,508.95103149414064,481.9211059570313,0.145985401459854,-0.01803124300266962,0.02582481957591915,99.72096448333131,0.1975520849227905,-2.2228078079223623,-0.17423175755687748,0.09325462517157057,0.19761864906240165
15,0.5,508.9897766113281,481.97853393554686,0.145985401459854,-0.02723517203351255,0.030016008013782455,99.52341239840852,0.1744184875488281,-0.9796226978302002,-0.07810423883892657,-0.06943650220926145,0.10450693739491583
16,0.5333333333333333,509.0082092285156,482.0071716308594,0.145985401459854,-0.0318034494907709,0.03197811838948142,99.52341239840852,0.22288131237030032,0.7335292625427262,0.15924898792515968,-1.00563698300451,1.0181679536017625
17,0.5666666666666667,508.84357299804685,481.9642700195312,0.145985401459854,-0.02165023640720952,0.00931109229176156,99.8028485813843,0.3108545541763306,2.209618721008302,0.6339241345333415,-3.3927208422826625,3.451436588147467
18,0.6,507.76231689453124,481.8911193847656,0.145985401459854,0.014997495247960992,-0.144594235849656,100.16083069236147,0.438338212966919,2.1302077674865734,1.4376760515816467,-7.766666450411212,7.8986087497251365
19,0.6333333333333333,505.0113159179688,481.84819946289065,0.145985401459854,0.08762277941955393,-0.5396286541378578,100.16083069236147,0.5658218717575074,0.28807806015014703,2.607657803810441,-14.24136705288144,14.478135748661513
20,0.6666666666666666,499.9734741210938,481.82684936523435,0.145985401459854,0.2123775032300952,-1.264428400388086,100.16083069236147,0.5294531154632569,-2.623489637374879,4.087134165551416,-22.511464928119267,22.879482487529334
21,0.7,492.4808349609375,481.76116943359375,0.145985401459854,0.40280618447763583,-2.3415830570907583,100.16083069236147,0.2708943223953248,-6.869860925674428,5.719157390777393,-31.252575644415707,31.771563475384863
22,0.7333333333333333,482.7251708984375,481.61461181640624,0.145985401459854,0.6595387911846929,-3.7425997290614488,99.62100479991304,-0.12639371871948235,-12.486774816513053,7.387891682949464,-38.99649234487369,39.690141832989035
23,0.7666666666666667,471.4937438964844,481.3550170898437,0.145985401459854,0.9681903937108607,-5.3533568432522785,98.8680367270218,-0.7066386079788207,-17.649142398834222,8.869060768734352,-44.62710883815645,45.49988002371176
24,0.8,459.7084106445312,480.8959594726563,0.145985401459854,1.318938059911132,-7.039044044950144,98.17439048678743,-1.5153072643280028,-22.37178317070007,9.988915983629308,-47.76814793372865,48.80137702510647
25,0.8333333333333334,448.0510986328125,480.2704772949219,0.145985401459854,1.6905542980191546,-8.702279873414165,97.25960624606478,-2.4120706176757816,-27.1616767501831,10.618014308476052,-48.5966599390552,49.74311595675501
26,0.8666666666666667,436.8103332519531,479.5372253417969,0.145985401459854,2.067625515082521,-10.302941046045536,96.11748741061555,-3.4577362060546877,-31.207063493728675,10.79534005188,-47.739721363540475,48.94507495861261
27,0.9,426.00299072265625,478.8388427734375,0.145985401459854,2.4292078425973687,-11.842043052237319,95.13718803317416,-4.65333984375,-33.72905485153198,10.50806996267686,-46.16417338374248,47.34501492812891
28,0.9333333333333332,415.7029235839844,478.217724609375,0.145985401459854,2.7674137356908592,-13.309977070509017,93.63970878512727,-5.907815856933594,-35.77167480468751,9.86346557231505,-44.64525520941619,45.72184123381459
29,0.9666666666666668,405.7458129882813,477.7845092773438,0.145985401459854,3.070283053690609,-14.73307294224056,92.19637229831086,-7.136816406250001,-35.43028381347655,8.88888724070015,-43.620002997812115,44.51647984631107
30,1.0,395.920458984375,477.597900390625,0.145985401459854,3.3344652267383292,-16.143155741650194,90.9872261801468,-8.374016418457032,-32.36604492187497,7.718070265172907,-43.093280378971386,43.77898379860805
31,1.0333333333333334,386.0181457519531,477.76829833984374,0.145985401459854,3.54910672186588,-17.57294154568089,89.97248466403353,-9.362783508300781,-27.274187622070276,6.406166213516187,-43.316155269703344,43.78730721229892
32,1.0666666666666669,376.02501220703124,478.28868408203124,0.145985401459854,3.715552886792854,-19.024256448732558,88.951187972139,-10.0476806640625,-21.17011047363281,5.107911215282732,-44.217171483488,44.51122342716942
33,1.1,365.7218078613281,479.18677978515626,0.145985401459854,3.8351081046102253,-20.52933628212625,88.69587333590853,-10.453513793945314,-14.020442504882784,3.8972274967948906,-45.39945349550354,45.566421407130086
34,1.1333333333333333,354.9954406738281,480.3855041503906,0.145985401459854,3.921601589571064,-22.102601522821885,88.77188651950227,-10.665168151855468,-8.639071655273444,2.9195211376884305,-46.53387965250489,46.625374627848494
35,1.1666666666666667,344.0676025390625,481.7853637695313,0.145985401459854,3.9840031428708116,-23.70973132423412,88.95806053073274,-10.710756835937499,-6.196783447265636,2.1610511148325493,-47.64161976066642,47.69060783153052
36,1.2,333.0726806640625,483.2708740234375,0.145985401459854,4.035693578147285,-25.3285881544317,88.91421287448274,-10.802628784179689,-6.764432373046875,1.5713204768479847,-48.468266388641666,48.49373046860072
37,1.2333333333333334,321.97557373046874,484.8544860839844,0.145985401459854,4.075728072598278,-26.96452640884362,88.72324455172884,-11.080477905273439,-9.264671630859386,0.9797131846334641,-48.75315320309674,48.762996064318756
38,1.2666666666666666,310.85301513671874,486.5727233886719,0.145985401459854,4.096994850751556,-28.607380680233184,88.23651359469758,-11.580919189453125,-13.41549316406253,0.23644640117298693,-48.83627853340796,48.836850921135685
39,1.3,299.9176330566406,488.4913696289062,0.145985401459854,4.084887120343308,-30.228127056671344,87.38264091403353,-12.209280090332033,-18.41093811035156,-0.8268540059459406,-48.9695374890509,48.97651773491772
40,1.3333333333333333,289.0365966796875,490.743798828125,0.145985401459854,4.023410876399643,-31.849111079802107,86.4558541098343,-12.946672363281252,-22.937896728515657,-2.1190809230027723,-48.97135826044287,49.01718508677217
41,1.3666666666666667,278.09248046875,493.4516845703125,0.145985401459854,3.8978845771562947,-33.490177735940186,85.77240837008821,-13.871118469238283,-26.812044067382857,-3.47029734234723,-48.69471018458405,48.818211392931396
42,1.4,267.23741149902344,496.4906005859375,0.145985401459854,3.722547918764483,-35.12641945225076,85.03628318698274,-14.903460693359378,-31.042490844726586,-4.763023879370837,-48.42577802214891,48.659453074668825
43,1.4333333333333331,256.6815704345703,499.67796020507814,0.145985401459854,3.518611960360352,-36.723165710997186,83.61428306491243,-16.049593200683596,-35.54815979003906,-5.879868351157586,-48.013683055030086,48.37237447485732
44,1.4666666666666666,246.2931701660156,503.00133056640624,0.145985401459854,3.2910498071148355,-38.29909006036282,82.22092979342806,-17.383028564453127,-37.78606018066404,-6.68610501070602,-47.19243507484077,47.663717107536314
45,1.5,236.0870849609375,506.43341064453125,0.145985401459854,3.043432817873378,-39.85139158897379,80.72519157321321,-18.8713656616211,-36.959113769531214,-7.337466305937747,-46.1620042836879,46.74151314707293
46,1.5333333333333334,226.2199279785156,509.89393920898436,0.145985401459854,2.7835337420386237,-41.355583581746984,79.10523155124056,-20.168795166015627,-31.931211547851497,-8.006038896208722,-45.15651836443249,45.860743666069524
47,1.5666666666666669,216.64808959960936,513.4716064453125,0.145985401459854,2.499636867774856,-42.82008683286542,77.5945977011429,-21.063312988281258,-21.52838195800775,-8.711567096248913,-44.12093959479702,44.972755219134335
48,1.6,207.35064392089845,517.2218078613281,0.145985401459854,2.184272144325563,-44.24925210506928,77.12713554293978,-21.371461791992193,-5.9051385498046525,-9.323843043648745,-43.07994843867082,44.0773865670497
49,1.6333333333333333,198.26150207519532,521.1439453125,0.145985401459854,1.8391219577400166,-45.652579992829,77.74834068209992,-20.971092224121097,11.50057434082036,-9.780571194518263,-42.35534093306402,43.46992613804547
50,1.6666666666666667,189.34315490722656,525.0687744140625,0.145985401459854,1.4894589772652536,-47.03138299541893,79.18444755465853,-19.855555419921878,26.928782958984414,-9.89048606884245,-42.132858785831175,43.27816428806515
51,1.7,180.3781280517578,528.9066772460938,0.145985401459854,1.153438542952248,-48.41480707059098,81.10707939059603,-18.252032775878906,37.020051269531294,-9.602890116202552,-42.621768841840435,43.69016683180714
52,1.7333333333333334,171.07755126953126,532.5660766601562,0.145985401459854,0.8512225229677828,-49.842229963837276,83.17228172213899,-16.575182495117186,39.22644104003906,-8.839024197486241,-43.7420299559974,44.62615302079176
53,1.7666666666666666,161.17530212402343,536.084814453125,0.145985401459854,0.5837904582918059,-51.352880245376014,85.14474876315462,-15.201453247070313,33.136201171875015,-7.811855316002065,-45.255639915962455,45.9249172855151
54,1.8,150.68053588867187,539.35849609375,0.145985401459854,0.3659512581589759,-52.94291831882857,86.13259208590853,-14.433352050781252,19.309189453124986,-6.7414652432487,-46.74298396830339,47.226622829575675
55,1.8333333333333333,139.86394500732422,542.4127075195313,0.145985401459854,0.18748309126491058,-54.57398964807933,86.0530937948929,-14.332855224609379,1.7007128906249662,-5.849784152304286,-47.69494201838687,48.05234092909351
56,1.8666666666666667,129.02208404541017,545.3263671875,0.145985401459854,0.029861002410797255,-56.20530439864155,84.94758537204133,-15.033834533691408,-15.621569824218815,-5.202559315030667,-47.69692423035818,47.97982080482316
57,1.9,118.48123779296876,548.1616088867188,0.145985401459854,-0.12374150241626403,-57.79138696690175,83.67476585299836,-16.291730346679692,-28.60808898925785,-5.068163534672046,-46.919299978764805,47.192234447115325
58,1.9333333333333331,108.45450286865234,550.9519897460938,0.145985401459854,-0.2833027608799714,-59.30236761710237,81.63985221774446,-17.80504821777344,-36.39468200683592,-5.5075188787653495,-45.935862115742324,46.26484834641142
59,1.9666666666666663,98.80990295410156,553.9274658203125,0.145985401459854,-0.47874266428636325,-60.762801648622684,79.84311302096711,-19.201366882324216,-31.426818237304673,-6.442365182852927,-45.42423461493165,45.878809482173686
60,2.0,89.18358612060547,557.2906005859375,0.145985401459854,-0.7304367218626489,-62.22996666736972,78.48650443942415,-20.39863555908203,-15.566304931640662,-7.764119360869532,-45.67796548994063,46.333120774992445
61,2.033333333333333,79.09436569213867,561.1601928710937,0.145985401459854,-1.0438665280646902,-63.77601016779682,77.96599204928742,-20.271637573242185,-3.2602075195312707,-7.971343165655294,-41.55616120085605,42.313790253487966
62,2.066666666666667,68.51750106811524,565.5315673828125,0.145985401459854,-1.417761395894523,-65.4043812152252,77.68842246920931,-18.886114501953124,11.535712890624996,-8.100284711020336,-38.04098171051021,38.893841439217105
63,2.1,63.17078113555908,567.7767028808594,0.145985401459854,-1.6118599551558574,-66.22839448391173,77.96269958407747,-18.348416137695313,23.399156188964774,-8.237650456953297,-36.547489497535075,37.46435470715303
64,2.1333333333333333,57.50839106241862,570.2333780924479,0.145985401459854,-1.8287901161230895,-67.10296526704107,78.2689390300817,-17.278748067220054,29.928895060221226,-7.849235880583971,-33.26955099244242,34.18294204932883
