point_id,row,col,src_x,src_y,dst_x,dst_y,residual_px
0,0,0,14.562582015991211,21.580303192138672,58.90156555175781,52.00912857055664,0.0009975650662199203
1,0,1,38.50484848022461,20.85639190673828,79.78944396972656,52.00912857055664,0.00012311172105151097
2,0,2,62.2718391418457,20.32678985595703,100.67731475830078,52.00912857055664,0.0005952838037336585
3,0,3,86.5883560180664,19.597837448120117,121.56519317626953,52.00912857055664,0.0006057373693421916
4,0,4,111.53868865966797,18.969886779785156,142.45306396484375,52.00912857055664,0.0004134360512935523
5,0,5,136.02947998046875,18.460926055908203,163.3409423828125,52.00912857055664,0.00036350845494003136
6,0,6,161.17044067382812,17.936559677124023,184.22882080078125,52.00912857055664,0.00032826083612273244
7,0,7,186.2427520751953,17.5902099609375,205.11668395996094,52.00912857055664,0.00042920722423807795
8,0,8,211.39613342285156,17.36508560180664,226.0045623779297,52.00912857055664,0.000460886691919901
9,0,9,236.6392822265625,17.20256996154785,246.89244079589844,52.00912857055664,0.0003077851631971602
10,0,10,261.9459228515625,16.975317001342773,267.7803039550781,52.00912857055664,0.0002636392793111213
11,0,11,287.3536682128906,16.77764892578125,288.6681823730469,52.00912857055664,0.00033832782271054745
12,0,12,312.7064208984375,16.898117065429688,309.5560607910156,52.00912857055664,0.0004141976246703005
13,0,13,338.28424072265625,17.2269344329834,330.4439392089844,52.00912857055664,0.00039881993954752834
14,0,14,363.6640319824219,17.40057945251465,351.3318176269531,52.00912857055664,0.0003417607893959716
15,0,15,388.6260986328125,17.61067771911621,372.2196960449219,52.00912857055664,0.0002953666217460136
16,0,16,414.1058044433594,18.15975570678711,393.1075744628906,52.00912857055664,0.0003154521241795756
17,0,17,439.29644775390625,18.356977462768555,413.99542236328125,52.00912857055664,0.0004935767207062905
18,0,18,464.40185546875,18.852025985717773,434.88330078125,52.00912857055664,0.000531125991708964
19,0,19,488.6411437988281,19.611900329589844,455.77117919921875,52.00912857055664,0.0003224874333673924
20,0,20,513.4506225585938,20.3525390625,476.6590576171875,52.00912857055664,0.0003788483798491856
21,0,21,538.0027465820312,20.87774085998535,497.54693603515625,52.00912857055664,0.00046888973311147826
22,0,22,562.3141479492188,21.522920608520508,518.434814453125,52.00912857055664,0.0006826011057796922
23,0,23,586.141357421875,22.6693058013916,539.3226928710938,52.00912857055664,0.0006377003030723997
24,0,24,609.8073120117188,23.598257064819336,560.2105712890625,52.00912857055664,9.200718577568616e-05
25,0,25,633.3628540039062,24.545072555541992,581.0984497070312,52.00912857055664,0.0009765374170031662
26,1,0,14.12682056427002,45.590171813964844,58.90156555175781,72.89700317382812,3.407051782908446e-05
27,1,1,37.954105377197266,44.884822845458984,79.78944396972656,72.89700317382812,0.000655402198307396
28,1,2,61.7840461730957,44.465065002441406,100.67731475830078,72.89700317382812,0.0002925567443830571
29,1,3,86.26171112060547,43.77678298950195,121.56519317626953,72.89700317382812,0.0003963182032675237
30,1,4,111.19358825683594,43.37528610229492,142.45306396484375,72.89700317382812,0.0004106789221871713
31,1,5,135.6449737548828,42.865394592285156,163.3409423828125,72.89700317382812,0.0003061393705996981
32,1,6,160.49610900878906,42.483333587646484,184.22882080078125,72.89700317382812,0.0002872393027903864
33,1,7,185.62088012695312,42.2867546081543,205.11668395996094,72.89700317382812,0.0002960081495310396
34,1,8,211.13198852539062,42.23381042480469,226.0045623779297,72.89700317382812,0.00042217894733422647
35,1,9,236.46408081054688,41.69272994995117,246.89244079589844,72.89700317382812,0.00024484062175436405
36,1,10,261.57415771484375,41.63478469848633,267.7803039550781,72.89700317382812,0.00026773894154536745
37,1,11,287.28564453125,41.706119537353516,288.6681823730469,72.89700317382812,0.0003074934028454988
38,1,12,312.725341796875,41.77241516113281,309.5560607910156,72.89700317382812,0.00032287700100791923
39,1,13,338.2796936035156,42.10625457763672,330.4439392089844,72.89700317382812,0.00032751013654535097
40,1,14,363.7008972167969,42.34360122680664,351.3318176269531,72.89700317382812,0.00032034569777325116
41,1,15,388.764404296875,42.278564453125,372.2196960449219,72.89700317382812,0.00028234519596018225
42,1,16,414.3221130371094,42.52131652832031,393.1075744628906,72.89700317382812,0.00024643078251554277
43,1,17,439.4708251953125,43.232635498046875,413.99542236328125,72.89700317382812,0.0004351376885004179
44,1,18,464.46112060546875,43.5687370300293,434.88330078125,72.89700317382812,0.0003632453689800385
45,1,19,489.2689208984375,44.149375915527344,455.77117919921875,72.89700317382812,0.00030377671977218756
46,1,20,513.7066040039062,44.66685104370117,476.6590576171875,72.89700317382812,0.00038431773307246174
47,1,21,538.4700927734375,45.39557647705078,497.54693603515625,72.89700317382812,0.0003572485552985285
48,1,22,562.6099853515625,46.06352996826172,518.434814453125,72.89700317382812,0.0005209866203169409
49,1,23,586.527099609375,46.81340408325195,539.3226928710938,72.89700317382812,0.00035511345238543646
50,1,24,610.3917236328125,47.58390808105469,560.2105712890625,72.89700317382812,0.0006723124377685873
51,1,25,634.2625732421875,48.55190658569336,581.0984497070312,72.89700317382812,0.0001690099956911122
52,2,0,13.056673049926758,70.52845001220703,58.90156555175781,93.78488159179688,0.0004766772488297745
53,2,1,37.10194396972656,69.5942153930664,79.78944396972656,93.78488159179688,0.00023642983083285192
54,2,2,61.28204345703125,69.3219223022461,100.67731475830078,93.78488159179688,0.00010364786631658603
55,2,3,85.71427917480469,68.63372039794922,121.56519317626953,93.78488159179688,0.00010172378250947489
56,2,4,110.4454116821289,68.21400451660156,142.45306396484375,93.78488159179688,7.517970661182394e-05
57,2,5,135.0896453857422,67.64867401123047,163.3409423828125,93.78488159179688,0.00011820237590955895
58,2,6,160.1857147216797,67.50740051269531,184.22882080078125,93.78488159179688,4.440624025006226e-05
59,2,7,185.3242645263672,67.28614044189453,205.11668395996094,93.78488159179688,2.940777959229353e-05
60,2,8,210.62982177734375,66.75169372558594,226.0045623779297,93.78488159179688,0.0001530313260121383
61,2,9,236.12222290039062,66.75987243652344,246.89244079589844,93.78488159179688,1.084996684426805e-05
62,2,10,261.5476379394531,66.60577392578125,267.7803039550781,93.78488159179688,9.748693274779341e-05
63,2,11,287.2843017578125,66.72021484375,288.6681823730469,93.78488159179688,5.7542513593642996e-05
64,2,12,312.6702880859375,66.62681579589844,309.5560607910156,93.78488159179688,0.00013665129674604644
65,2,13,338.3058166503906,66.99748229980469,330.4439392089844,93.78488159179688,6.378247597176613e-05
66,2,14,363.7085876464844,67.2294921875,351.3318176269531,93.78488159179688,8.66789240044166e-05
67,2,15,389.11810302734375,67.45354461669922,372.2196960449219,93.78488159179688,6.397242817331973e-05
68,2,16,414.4453430175781,67.54422760009766,393.1075744628906,93.78488159179688,7.487906535396069e-05
69,2,17,439.609130859375,67.83344268798828,413.99542236328125,93.78488159179688,0.00012317397919853692
70,2,18,464.6308898925781,68.52611541748047,434.88330078125,93.78488159179688,8.869568051314898e-05
71,2,19,489.54888916015625,69.20869445800781,455.77117919921875,93.78488159179688,5.175695793088896e-05
72,2,20,514.328369140625,69.49357604980469,476.6590576171875,93.78488159179688,0.00017007129747132575
73,2,21,538.604736328125,70.17252349853516,497.54693603515625,93.78488159179688,1.8953224137141406e-05
74,2,22,563.257568359375,70.5861587524414,518.434814453125,93.78488159179688,0.00015461864557831135
75,2,23,587.0975341796875,71.33008575439453,539.3226928710938,93.78488159179688,0.00021092875811579677
76,2,24,610.8011474609375,72.32696533203125,560.2105712890625,93.78488159179688,0.000359353159531713
77,2,25,634.5687866210938,72.79529571533203,581.0984497070312,93.78488159179688,0.0005251077873741064
78,3,0,12.447303771972656,94.68447875976562,58.90156555175781,114.6727523803711,0.0004474375783151389
79,3,1,36.610836029052734,94.44483947753906,79.78944396972656,114.6727523803711,0.00045396645327566763
80,3,2,60.51205825805664,93.70234680175781,100.67731475830078,114.6727523803711,0.00017614720714761274
81,3,3,85.22347259521484,93.43132781982422,121.56519317626953,114.6727523803711,9.145503239366648e-05
82,3,4,109.75193786621094,93.24468231201172,142.45306396484375,114.6727523803711,9.451781657968411e-05
83,3,5,134.57569885253906,92.66827392578125,163.3409423828125,114.6727523803711,2.946549353615783e-05
84,3,6,159.72633361816406,92.45513153076172,184.22882080078125,114.6727523803711,4.2419661165948096e-05
85,3,7,184.7505340576172,92.19308471679688,205.11668395996094,114.6727523803711,6.24651934483505e-05
86,3,8,210.4840545654297,91.82658386230469,226.0045623779297,114.6727523803711,5.4023220894158834e-05
87,3,9,235.86065673828125,91.76964569091797,246.89244079589844,114.6727523803711,1.4893905614741707e-05
88,3,10,261.3908386230469,91.86673736572266,267.7803039550781,114.6727523803711,3.6891687372629786e-05
89,3,11,287.1315612792969,91.86165618896484,288.6681823730469,114.6727523803711,5.853261519259313e-05
90,3,12,312.6123046875,91.97594451904297,309.5560607910156,114.6727523803711,5.4651616285341535e-05
91,3,13,338.1846923828125,91.97924041748047,330.4439392089844,114.6727523803711,2.9871956877909044e-05
92,3,14,363.6140441894531,92.27530670166016,351.3318176269531,114.6727523803711,3.534542468434167e-05
93,3,15,389.11474609375,92.49554443359375,372.2196960449219,114.6727523803711,1.7778793545294625e-05
94,3,16,414.4780578613281,92.73210144042969,393.1075744628906,114.6727523803711,5.0737697641660416e-05
95,3,17,439.90576171875,92.97125244140625,413.99542236328125,114.6727523803711,2.9480678134997747e-05
96,3,18,464.7278137207031,93.43688201904297,434.88330078125,114.6727523803711,6.518920716972066e-05
97,3,19,489.6854553222656,93.8578109741211,455.77117919921875,114.6727523803711,3.56199367753145e-05
98,3,20,514.425537109375,94.49871063232422,476.6590576171875,114.6727523803711,8.401644287532211e-05
99,3,21,539.0416259765625,94.82745361328125,497.54693603515625,114.6727523803711,1.940855933759665e-05
100,3,22,563.6055297851562,95.41667938232422,518.434814453125,114.6727523803711,2.5407389254939404e-05
101,3,23,587.4827270507812,96.1903076171875,539.3226928710938,114.6727523803711,7.514438708204485e-05
102,3,24,611.4282836914062,96.56316375732422,560.2105712890625,114.6727523803711,0.00033666110957069793
103,3,25,635.1720581054688,97.53925323486328,581.0984497070312,114.6727523803711,0.0004250935630381313
104,4,0,12.325410842895508,119.29830169677734,58.90156555175781,135.5606231689453,0.0002914811958450091
105,4,1,36.144290924072266,118.73331451416016,79.78944396972656,135.5606231689453,0.00027830863972245785
106,4,2,60.42490005493164,118.59949493408203,100.67731475830078,135.5606231689453,5.0350526820344934e-05
107,4,3,84.7736587524414,118.11705017089844,121.56519317626953,135.5606231689453,4.90129413703399e-05
108,4,4,109.70182037353516,117.80877685546875,142.45306396484375,135.5606231689453,5.8772087788788445e-05
109,4,5,134.53892517089844,117.43071746826172,163.3409423828125,135.5606231689453,4.895340468638062e-05
110,4,6,159.49465942382812,117.39949798583984,184.22882080078125,135.5606231689453,1.419801992762902e-05
111,4,7,184.60374450683594,117.36080169677734,205.11668395996094,135.5606231689453,3.44530008189144e-05
112,4,8,210.36447143554688,117.34375,226.0045623779297,135.5606231689453,6.0862194507434005e-05
113,4,9,235.6622772216797,117.21202087402344,246.89244079589844,135.5606231689453,4.799054718157949e-05
114,4,10,261.3902282714844,117.17669677734375,267.7803039550781,135.5606231689453,5.7634610760252e-05
115,4,11,286.7267150878906,116.79435729980469,288.6681823730469,135.5606231689453,0.00012756463504307828
116,4,12,312.5411071777344,117.19697570800781,309.5560607910156,135.5606231689453,3.414091029146972e-05
117,4,13,338.2818603515625,117.32678985595703,330.4439392089844,135.5606231689453,3.830327008322599e-05
118,4,14,363.655517578125,117.39837646484375,351.3318176269531,135.5606231689453,2.447230027944351e-05
119,4,15,389.210693359375,117.51184844970703,372.2196960449219,135.5606231689453,4.097383578044055e-05
120,4,16,414.55841064453125,117.83707427978516,393.1075744628906,135.5606231689453,4.157133187677605e-05
121,4,17,440.1421813964844,118.2818374633789,413.99542236328125,135.5606231689453,4.989736723208526e-05
122,4,18,465.0651550292969,118.41707611083984,434.88330078125,135.5606231689453,3.343009386295995e-05
123,4,19,490.16021728515625,118.73153686523438,455.77117919921875,135.5606231689453,8.167999020263862e-05
124,4,20,514.6364135742188,119.18975830078125,476.6590576171875,135.5606231689453,5.26522918402337e-05
125,4,21,539.3345336914062,119.6452407836914,497.54693603515625,135.5606231689453,3.1061954575376365e-05
126,4,22,563.6559448242188,120.1868896484375,518.434814453125,135.5606231689453,5.8097012061452405e-05
127,4,23,587.7942504882812,120.68875885009766,539.3226928710938,135.5606231689453,0.0001291656508752854
128,4,24,611.7236328125,121.2093276977539,560.2105712890625,135.5606231689453,0.00038585052976442815
129,4,25,635.3900756835938,121.8429183959961,581.0984497070312,135.5606231689453,0.00039052332380882387
130,5,0,11.720452308654785,144.25465393066406,58.90156555175781,156.44850158691406,0.0004299820370573791
131,5,1,35.8457145690918,143.94058227539062,79.78944396972656,156.44850158691406,0.00031927991194425915
132,5,2,60.23912811279297,143.4788818359375,100.67731475830078,156.44850158691406,6.757384069700883e-05
133,5,3,84.64794921875,143.30438232421875,121.56519317626953,156.44850158691406,1.1011407807637763e-05
134,5,4,109.52947998046875,143.2185821533203,142.45306396484375,156.44850158691406,5.9432590072743423e-05
135,5,5,134.35496520996094,142.8095245361328,163.3409423828125,156.44850158691406,1.5185621913317956e-05
136,5,6,159.36451721191406,142.67063903808594,184.22882080078125,156.44850158691406,1.5506790481805586e-05
137,5,7,184.53598022460938,142.65843200683594,205.11668395996094,156.44850158691406,3.3786980197528516e-05
138,5,8,210.20851135253906,142.51080322265625,226.0045623779297,156.44850158691406,8.024192394073638e-05
139,5,9,235.564453125,142.45816040039062,246.89244079589844,156.44850158691406,5.3722027997304926e-05
140,5,10,261.4005126953125,142.5092315673828,267.7803039550781,156.44850158691406,5.316535563861337e-05
141,5,11,286.814208984375,142.49337768554688,288.6681823730469,156.44850158691406,2.281963535075236e-05
142,5,12,312.581298828125,142.512451171875,309.5560607910156,156.44850158691406,2.5970913430299406e-05
143,5,13,338.2767333984375,142.54612731933594,330.4439392089844,156.44850158691406,4.2975100773462384e-05
144,5,14,363.67633056640625,142.60943603515625,351.3318176269531,156.44850158691406,3.656587826246697e-05
145,5,15,389.24310302734375,142.87757873535156,372.2196960449219,156.44850158691406,1.803848575417391e-05
146,5,16,414.61077880859375,143.203857421875,393.1075744628906,156.44850158691406,5.884738713560644e-05
147,5,17,440.2970886230469,143.44622802734375,413.99542236328125,156.44850158691406,6.253619339630818e-05
148,5,18,465.1353759765625,143.7132568359375,434.88330078125,156.44850158691406,6.926161573490153e-05
149,5,19,490.2765808105469,144.2253875732422,455.77117919921875,156.44850158691406,4.998685846644629e-05
150,5,20,514.8311157226562,144.56553649902344,476.6590576171875,156.44850158691406,7.515016263375539e-05
151,5,21,539.54150390625,144.67013549804688,497.54693603515625,156.44850158691406,4.0785614329093384e-05
152,5,22,564.063720703125,145.24432373046875,518.434814453125,156.44850158691406,5.00248897213264e-05
153,5,23,587.8983764648438,145.7310333251953,539.3226928710938,156.44850158691406,2.816823340532415e-05
154,5,24,612.2791137695312,146.17410278320312,560.2105712890625,156.44850158691406,0.000271000326884622
155,5,25,635.6522827148438,146.637939453125,581.0984497070312,156.44850158691406,0.00039908960695371454
156,6,0,11.727410316467285,169.07647705078125,58.90156555175781,177.3363800048828,0.00034750507657594005
157,6,1,35.91908645629883,168.67108154296875,79.78944396972656,177.3363800048828,0.0003765731980039899
158,6,2,59.885311126708984,168.6283721923828,100.67731475830078,177.3363800048828,0.00010669504185824404
159,6,3,84.47189331054688,168.4593048095703,121.56519317626953,177.3363800048828,1.1276604977718817e-05
160,6,4,109.39895629882812,168.39398193359375,142.45306396484375,177.3363800048828,7.396072136667202e-05
161,6,5,133.91732788085938,168.23252868652344,163.3409423828125,177.3363800048828,0.00010200420183924484
162,6,6,159.35586547851562,168.21200561523438,184.22882080078125,177.3363800048828,6.79193281156304e-05
163,6,7,184.5069580078125,168.04086303710938,205.11668395996094,177.3363800048828,1.7611663634435807e-05
164,6,8,209.68405151367188,168.0070037841797,226.0045623779297,177.3363800048828,8.253886392070955e-05
165,6,9,235.57164001464844,167.86180114746094,246.89244079589844,177.3363800048828,3.536355476662168e-05
166,6,10,261.2102355957031,167.82386779785156,267.7803039550781,177.3363800048828,3.8375581246526067e-05
167,6,11,286.72564697265625,168.1150665283203,288.6681823730469,177.3363800048828,3.705081069933909e-05
168,6,12,312.5141296386719,168.21047973632812,309.5560607910156,177.3363800048828,2.287052747038764e-05
169,6,13,338.2388916015625,168.38543701171875,330.4439392089844,177.3363800048828,6.83245217320657e-05
170,6,14,363.5212097167969,168.4276123046875,351.3318176269531,177.3363800048828,5.452638580357424e-05
171,6,15,389.32720947265625,168.4907684326172,372.2196960449219,177.3363800048828,7.027888987396281e-05
172,6,16,414.7207336425781,168.55557250976562,393.1075744628906,177.3363800048828,3.63396638781897e-05
173,6,17,440.3069152832031,168.6063995361328,413.99542236328125,177.3363800048828,4.926914902496375e-05
174,6,18,465.3193054199219,168.87872314453125,434.88330078125,177.3363800048828,3.094744511809296e-05
175,6,19,490.3923034667969,169.3670654296875,455.77117919921875,177.3363800048828,2.815604259516895e-05
176,6,20,515.1007080078125,169.57736206054688,476.6590576171875,177.3363800048828,6.14676269823349e-05
177,6,21,539.6922607421875,169.96987915039062,497.54693603515625,177.3363800048828,1.5143611634736248e-05
178,6,22,564.1851196289062,170.30125427246094,518.434814453125,177.3363800048828,1.2930101650155403e-05
179,6,23,588.2782592773438,170.47271728515625,539.3226928710938,177.3363800048828,9.864903714349005e-05
180,6,24,612.259765625,170.79078674316406,560.2105712890625,177.3363800048828,0.00037027909680276605
181,6,25,635.7200927734375,171.51611328125,581.0984497070312,177.3363800048828,0.00038308837983394887
182,7,0,11.539509773254395,194.1929931640625,58.90156555175781,198.2242431640625,0.00036031890770020573
183,7,1,35.62327575683594,193.84591674804688,79.78944396972656,198.2242431640625,0.0003218029866511509
184,7,2,59.63420867919922,193.70498657226562,100.67731475830078,198.2242431640625,0.00013685428955040002
185,7,3,84.4047622680664,193.64202880859375,121.56519317626953,198.2242431640625,6.651347575292991e-05
186,7,4,109.02007293701172,193.6566162109375,142.45306396484375,198.2242431640625,8.05182074194122e-05
187,7,5,133.9879913330078,193.5683135986328,163.3409423828125,198.2242431640625,5.915677198683777e-05
188,7,6,159.1448211669922,193.48069763183594,184.22882080078125,198.2242431640625,5.551960365542604e-05
189,7,7,184.4534149169922,193.5414581298828,205.11668395996094,198.2242431640625,1.168123776081443e-05
190,7,8,209.72325134277344,193.5058135986328,226.0045623779297,198.2242431640625,5.1495405061583485e-05
191,7,9,235.5541534423828,193.70570373535156,246.89244079589844,198.2242431640625,5.120886279039617e-05
192,7,10,261.01190185546875,193.58001708984375,267.7803039550781,198.2242431640625,5.261811723658246e-05
193,7,11,286.7029724121094,193.64187622070312,288.6681823730469,198.2242431640625,1.602737353444286e-05
194,7,12,312.5332336425781,193.64015197753906,309.5560607910156,198.2242431640625,4.8210714865339966e-05
195,7,13,338.2901611328125,193.7425537109375,330.4439392089844,198.2242431640625,5.5841558617846244e-05
196,7,14,363.5021057128906,194.0356903076172,351.3318176269531,198.2242431640625,4.845328509936532e-05
197,7,15,389.2105407714844,194.4777069091797,372.2196960449219,198.2242431640625,0.00010129226207052212
198,7,16,414.68792724609375,194.35171508789062,393.1075744628906,198.2242431640625,5.621888659067331e-05
199,7,17,440.3476257324219,194.4237823486328,413.99542236328125,198.2242431640625,5.8988399975331926e-05
200,7,18,465.2948913574219,194.51318359375,434.88330078125,198.2242431640625,4.897529863897125e-05
201,7,19,490.4183349609375,194.64309692382812,455.77117919921875,198.2242431640625,6.320320455675943e-05
202,7,20,515.083740234375,195.11373901367188,476.6590576171875,198.2242431640625,6.251799655396054e-05
203,7,21,539.7262573242188,195.27957153320312,497.54693603515625,198.2242431640625,2.0266207641973228e-05
204,7,22,564.2463989257812,195.5529327392578,518.434814453125,198.2242431640625,1.4113620003242697e-05
205,7,23,588.3510131835938,195.7347869873047,539.3226928710938,198.2242431640625,4.736890654076391e-05
206,7,24,612.475830078125,196.05972290039062,560.2105712890625,198.2242431640625,0.0002806295112059376
207,7,25,635.7613525390625,196.3661651611328,581.0984497070312,198.2242431640625,0.0003416812846011864
208,8,0,11.568724632263184,219.29263305664062,58.90156555175781,219.11212158203125,0.00032714810552461187
209,8,1,35.464866638183594,219.19378662109375,79.78944396972656,219.11212158203125,0.0002901875084617935
210,8,2,59.73860549926758,219.11944580078125,100.67731475830078,219.11212158203125,5.246829235506537e-05
211,8,3,84.20222473144531,218.84378051757812,121.56519317626953,219.11212158203125,4.1617384010698746e-05
212,8,4,109.21574401855469,218.9356689453125,142.45306396484375,219.11212158203125,0.00010347912911687891
213,8,5,133.64666748046875,219.1160888671875,163.3409423828125,219.11212158203125,6.659116678797202e-05
214,8,6,158.8031768798828,219.21258544921875,184.22882080078125,219.11212158203125,7.57706512453596e-05
215,8,7,184.45962524414062,219.2210693359375,205.11668395996094,219.11212158203125,6.0339503114037566e-05
216,8,8,209.7404022216797,219.26097106933594,226.0045623779297,219.11212158203125,4.9924206506207525e-05
217,8,9,235.52435302734375,219.35617065429688,246.89244079589844,219.11212158203125,3.492675968555331e-05
218,8,10,261.09259033203125,219.4213104248047,267.7803039550781,219.11212158203125,5.900649369919645e-05
219,8,11,286.7267150878906,219.417236328125,288.6681823730469,219.11212158203125,2.716347188578866e-05
220,8,12,312.4451904296875,219.5283660888672,309.5560607910156,219.11212158203125,6.913371034560965e-05
221,8,13,338.3494873046875,219.56539916992188,330.4439392089844,219.11212158203125,0.00010803275698814755
222,8,14,363.5491638183594,219.603515625,351.3318176269531,219.11212158203125,4.3657919033718335e-05
223,8,15,389.27362060546875,219.64381408691406,372.2196960449219,219.11212158203125,7.838005782949712e-05
224,8,16,414.7804260253906,219.64170837402344,393.1075744628906,219.11212158203125,5.588364556104761e-05
225,8,17,440.310546875,219.8742218017578,413.99542236328125,219.11212158203125,2.9385248228264584e-05
226,8,18,465.29803466796875,220.2158660888672,434.88330078125,219.11212158203125,3.674581858305591e-05
227,8,19,490.32037353515625,220.32870483398438,455.77117919921875,219.11212158203125,4.163396169802306e-05
228,8,20,515.1011962890625,220.36495971679688,476.6590576171875,219.11212158203125,5.290076198054808e-05
229,8,21,539.6224365234375,220.5523681640625,497.54693603515625,219.11212158203125,3.537101751306333e-05
230,8,22,564.2549438476562,220.7376251220703,518.434814453125,219.11212158203125,3.559876024926281e-05
231,8,23,588.2716674804688,220.88917541503906,539.3226928710938,219.11212158203125,5.7898396549499835e-05
232,8,24,612.3257446289062,221.25030517578125,560.2105712890625,219.11212158203125,0.0003306405742260606
233,8,25,635.7868041992188,221.31631469726562,581.0984497070312,219.11212158203125,0.0003768179989204101
234,9,0,11.556272506713867,244.16949462890625,58.90156555175781,240.0,0.00036395100591941784
235,9,1,35.52425003051758,244.03366088867188,79.78944396972656,240.0,0.00032755077476758344
236,9,2,59.60210418701172,244.2117462158203,100.67731475830078,240.0,9.679107894729803e-05
237,9,3,84.09860229492188,244.20892333984375,121.56519317626953,240.0,1.563300491826644e-05
238,9,4,108.90084075927734,244.28871154785156,142.45306396484375,240.0,2.8260407192389623e-05
239,9,5,133.68565368652344,244.19873046875,163.3409423828125,240.0,6.299571287064819e-05
240,9,6,159.11251831054688,244.3595733642578,184.22882080078125,240.0,5.6592154696257624e-05
241,9,7,184.37384033203125,244.45086669921875,205.11668395996094,240.0,5.043045764329638e-05
242,9,8,209.81495666503906,244.58737182617188,226.0045623779297,240.0,1.6594521767985694e-05
243,9,9,235.45077514648438,244.5605010986328,246.89244079589844,240.0,4.6567187477779256e-05
244,9,10,260.9073791503906,244.58709716796875,267.7803039550781,240.0,8.198348788218206e-05
245,9,11,286.6982727050781,244.7281494140625,288.6681823730469,240.0,3.961739817517321e-05
246,9,12,312.511474609375,244.86708068847656,309.5560607910156,240.0,4.8009900472750334e-05
247,9,13,337.8282775878906,244.91526794433594,330.4439392089844,240.0,0.0001036288688646762
248,9,14,363.53717041015625,245.24647521972656,351.3318176269531,240.0,2.6474217172548165e-05
249,9,15,389.11260986328125,245.43051147460938,372.2196960449219,240.0,6.660396674329727e-05
250,9,16,414.5246276855469,245.38612365722656,393.1075744628906,240.0,7.184378747088269e-05
251,9,17,440.15753173828125,245.4025421142578,413.99542236328125,240.0,8.441237436576741e-05
252,9,18,464.91064453125,245.47640991210938,434.88330078125,240.0,0.00011334543615586976
253,9,19,490.3889465332031,245.50148010253906,455.77117919921875,240.0,0.00011612382665671098
254,9,20,514.6279296875,245.47006225585938,476.6590576171875,240.0,0.00013127291947569235
255,9,21,539.5853881835938,245.59751892089844,497.54693603515625,240.0,5.787120626470373e-05
256,9,22,563.927490234375,245.6041259765625,518.434814453125,240.0,4.304170320873724e-05
257,9,23,587.9806518554688,245.67926025390625,539.3226928710938,240.0,7.312769322098367e-05
258,9,24,612.024658203125,245.7541961669922,560.2105712890625,240.0,0.00034283639065229085
259,9,25,635.6826171875,246.00938415527344,581.0984497070312,240.0,0.00040055375459624107
260,10,0,11.529855728149414,269.18255615234375,58.90156555175781,260.88787841796875,0.0003839081054123001
261,10,1,35.69698715209961,269.22198486328125,79.78944396972656,260.88787841796875,0.00036556780159793887
262,10,2,59.68019485473633,269.41986083984375,100.67731475830078,260.88787841796875,0.00010402539562614227
263,10,3,84.4378433227539,269.4259338378906,121.56519317626953,260.88787841796875,8.378771450246215e-05
264,10,4,108.96741485595703,269.5138244628906,142.45306396484375,260.88787841796875,6.070715571082568e-05
265,10,5,133.95263671875,269.6457214355469,163.3409423828125,260.88787841796875,4.604215887817882e-05
266,10,6,159.1894989013672,269.6886291503906,184.22882080078125,260.88787841796875,4.8919665240736063e-05
267,10,7,184.40252685546875,270.09600830078125,205.11668395996094,260.88787841796875,5.054449491165062e-05
268,10,8,209.7828826904297,270.15753173828125,226.0045623779297,260.88787841796875,4.6722259663838836e-05
269,10,9,235.5532684326172,270.2171630859375,246.89244079589844,260.88787841796875,6.484296500912837e-05
270,10,10,260.84918212890625,270.4894714355469,267.7803039550781,260.88787841796875,0.00010752483301741398
271,10,11,286.7173156738281,270.43115234375,288.6681823730469,260.88787841796875,2.7387315276417925e-05
272,10,12,312.5057678222656,270.5323181152344,309.5560607910156,260.88787841796875,3.180813288901565e-05
273,10,13,337.9949035644531,270.58795166015625,330.4439392089844,260.88787841796875,1.1890753161636652e-05
274,10,14,363.6330871582031,270.64996337890625,351.3318176269531,260.88787841796875,2.8305614591063342e-05
275,10,15,389.0967712402344,270.61871337890625,372.2196960449219,260.88787841796875,6.827930249443835e-05
276,10,16,414.4971923828125,270.7208557128906,393.1075744628906,260.88787841796875,2.373992534495585e-05
277,10,17,439.7421875,270.811767578125,413.99542236328125,260.88787841796875,1.1091326861447879e-05
278,10,18,464.7782287597656,270.88104248046875,434.88330078125,260.88787841796875,2.911880901225459e-05
279,10,19,490.12774658203125,270.8492126464844,455.77117919921875,260.88787841796875,4.447365252062222e-05
280,10,20,514.692138671875,270.8027038574219,476.6590576171875,260.88787841796875,1.48998400123889e-05
281,10,21,539.3798828125,270.7598571777344,497.54693603515625,260.88787841796875,4.217061638927496e-05
282,10,22,563.755859375,270.7195129394531,518.434814453125,260.88787841796875,4.7366596286225136e-05
283,10,23,587.6881713867188,270.7474670410156,539.3226928710938,260.88787841796875,6.913753563666921e-05
284,10,24,611.6309204101562,270.8025817871094,560.2105712890625,260.88787841796875,0.0003743888180485859
285,10,25,635.575927734375,270.8152160644531,581.0984497070312,260.88787841796875,0.0003932232062207189
286,11,0,11.7554349899292,293.6012878417969,58.90156555175781,281.7757568359375,0.0003533580265764531
287,11,1,35.762351989746094,293.8097839355469,79.78944396972656,281.7757568359375,0.0003376674655607974
288,11,2,59.68806076049805,294.2706604003906,100.67731475830078,281.7757568359375,0.00016323410203261017
289,11,3,84.53265380859375,294.48089599609375,121.56519317626953,281.7757568359375,2.7878648081002163e-05
290,11,4,109.4630355834961,294.6837158203125,142.45306396484375,281.7757568359375,8.467554348318738e-05
291,11,5,133.95558166503906,294.921875,163.3409423828125,281.7757568359375,8.05603142065781e-05
292,11,6,159.25584411621094,295.26129150390625,184.22882080078125,281.7757568359375,4.974465503783416e-05
293,11,7,184.5067596435547,295.3343505859375,205.11668395996094,281.7757568359375,4.187307248598293e-06
294,11,8,209.96356201171875,295.36773681640625,226.0045623779297,281.7757568359375,2.1724932064230625e-06
295,11,9,235.4901123046875,295.3490905761719,246.89244079589844,281.7757568359375,7.258462532144521e-05
296,11,10,260.7977294921875,295.5508728027344,267.7803039550781,281.7757568359375,6.256076392006831e-05
297,11,11,286.635986328125,295.6779479980469,288.6681823730469,281.7757568359375,4.0457485321732505e-05
298,11,12,312.46826171875,295.8810729980469,309.5560607910156,281.7757568359375,2.9381863851284117e-05
299,11,13,337.8917236328125,296.1104736328125,330.4439392089844,281.7757568359375,3.187869901742385e-05
300,11,14,363.479248046875,296.1531982421875,351.3318176269531,281.7757568359375,1.633167938846666e-05
301,11,15,388.686279296875,296.2701416015625,372.2196960449219,281.7757568359375,8.352546648238096e-05
302,11,16,414.32989501953125,296.24700927734375,393.1075744628906,281.7757568359375,4.761294217747225e-05
303,11,17,439.5228271484375,296.06494140625,413.99542236328125,281.7757568359375,3.463341394453811e-05
304,11,18,464.57879638671875,296.1314392089844,434.88330078125,281.7757568359375,2.487277803916625e-05
305,11,19,489.7470703125,296.1892395019531,455.77117919921875,281.7757568359375,1.7375364566856828e-05
306,11,20,514.503173828125,296.0549011230469,476.6590576171875,281.7757568359375,2.463837465978668e-05
307,11,21,538.864501953125,296.1329345703125,497.54693603515625,281.7757568359375,8.73727044455036e-05
308,11,22,563.627685546875,296.1497802734375,518.434814453125,281.7757568359375,0.00010757734907182527
309,11,23,587.4580688476562,295.6809387207031,539.3226928710938,281.7757568359375,9.34453133191508e-05
310,11,24,611.3727416992188,295.5830383300781,560.2105712890625,281.7757568359375,0.0003255964414193676
311,11,25,635.3442993164062,295.39813232421875,581.0984497070312,281.7757568359375,0.0004090611427528387
312,12,0,12.359070777893066,318.3798522949219,58.90156555175781,302.66363525390625,0.00035558057828557723
313,12,1,36.20674133300781,318.9408874511719,79.78944396972656,302.66363525390625,0.0003240622960550653
314,12,2,60.319557189941406,319.3033447265625,100.67731475830078,302.66363525390625,3.3909728914466854e-05
315,12,3,84.55113220214844,319.5366516113281,121.56519317626953,302.66363525390625,3.0384303544079638e-05
316,12,4,109.470703125,319.5664367675781,142.45306396484375,302.66363525390625,0.00012689289219123293
317,12,5,134.2935333251953,320.2113952636719,163.3409423828125,302.66363525390625,5.0937247879781944e-05
318,12,6,159.38812255859375,320.3922119140625,184.22882080078125,302.66363525390625,2.6990965282018072e-05
319,12,7,184.54541015625,320.483154296875,205.11668395996094,302.66363525390625,6.04378946513769e-05
320,12,8,210.10299682617188,320.7782287597656,226.0045623779297,302.66363525390625,2.7711871275986525e-05
321,12,9,235.43360900878906,321.1703186035156,246.89244079589844,302.66363525390625,4.410124466743788e-05
322,12,10,260.7572937011719,321.31884765625,267.7803039550781,302.66363525390625,4.8919607608171185e-05
323,12,11,286.57659912109375,321.31878662109375,288.6681823730469,302.66363525390625,2.476025854000134e-05
324,12,12,312.2801513671875,321.2707214355469,309.5560607910156,302.66363525390625,2.1956990757621423e-05
325,12,13,337.69342041015625,321.41461181640625,330.4439392089844,302.66363525390625,3.6599651820106645e-05
326,12,14,363.40228271484375,321.49725341796875,351.3318176269531,302.66363525390625,5.008588658780029e-05
327,12,15,388.5841064453125,321.4962463378906,372.2196960449219,302.66363525390625,3.315710835416063e-05
328,12,16,413.968505859375,321.5533752441406,393.1075744628906,302.66363525390625,1.6878384240814052e-06
329,12,17,439.3472900390625,321.4840393066406,413.99542236328125,302.66363525390625,1.511994592473723e-05
330,12,18,464.4827575683594,321.3798522949219,434.88330078125,302.66363525390625,2.596622745290148e-05
331,12,19,489.3783264160156,321.36297607421875,455.77117919921875,302.66363525390625,2.8958945012073246e-05
332,12,20,514.2109985351562,321.2502136230469,476.6590576171875,302.66363525390625,5.9090713439622584e-05
333,12,21,538.5034790039062,320.8245849609375,497.54693603515625,302.66363525390625,0.00013585709099556858
334,12,22,563.1078491210938,320.7948303222656,518.434814453125,302.66363525390625,8.818286999652361e-05
335,12,23,586.7881469726562,320.6869812011719,539.3226928710938,302.66363525390625,3.736379086567248e-05
336,12,24,610.673583984375,320.5064392089844,560.2105712890625,302.66363525390625,0.0003922009310821954
337,12,25,634.5006103515625,320.108154296875,581.0984497070312,302.66363525390625,0.0004067586559168549
338,13,0,13.025407791137695,343.4390563964844,58.90156555175781,323.551513671875,0.00038331850004955613
339,13,1,36.564151763916016,343.76544189453125,79.78944396972656,323.551513671875,0.0002875362113371772
340,13,2,60.414737701416016,344.1227111816406,100.67731475830078,323.551513671875,0.00012215506113762232
341,13,3,84.85086059570312,344.61590576171875,121.56519317626953,323.551513671875,8.109342077530649e-06
342,13,4,109.62799835205078,345.2620544433594,142.45306396484375,323.551513671875,0.00014406782308522246
343,13,5,134.48976135253906,345.2616271972656,163.3409423828125,323.551513671875,4.676039091850719e-05
344,13,6,159.5722198486328,345.6180725097656,184.22882080078125,323.551513671875,3.292837643707467e-05
345,13,7,184.4793243408203,346.1121826171875,205.11668395996094,323.551513671875,0.0001051078367202748
346,13,8,210.22677612304688,346.33160400390625,226.0045623779297,323.551513671875,4.6952473994111756e-05
347,13,9,235.6003875732422,346.5331115722656,246.89244079589844,323.551513671875,3.920083918053174e-05
348,13,10,260.8160095214844,346.4862060546875,267.7803039550781,323.551513671875,5.663601165599577e-05
349,13,11,286.5395812988281,346.65435791015625,288.6681823730469,323.551513671875,2.045607781112994e-05
350,13,12,312.2288818359375,346.6636047363281,309.5560607910156,323.551513671875,1.683476467058935e-05
351,13,13,337.53692626953125,346.6921691894531,330.4439392089844,323.551513671875,1.8421491562671212e-05
352,13,14,363.1365051269531,346.7601318359375,351.3318176269531,323.551513671875,2.486218394459621e-05
353,13,15,388.37091064453125,346.77349853515625,372.2196960449219,323.551513671875,2.843124375225217e-05
354,13,16,413.63238525390625,346.7234802246094,393.1075744628906,323.551513671875,3.387002688285811e-05
355,13,17,439.105712890625,346.6381530761719,413.99542236328125,323.551513671875,4.6356076184032906e-05
356,13,18,464.0787658691406,346.5870361328125,434.88330078125,323.551513671875,2.905694783479638e-05
357,13,19,488.9998779296875,346.4928894042969,455.77117919921875,323.551513671875,2.6857517184139838e-05
358,13,20,513.5281982421875,346.3675842285156,476.6590576171875,323.551513671875,2.9757203796598974e-05
359,13,21,538.2548217773438,346.3770751953125,497.54693603515625,323.551513671875,0.00012510908512351141
360,13,22,562.534423828125,346.2157287597656,518.434814453125,323.551513671875,0.00011990507424891656
361,13,23,586.5301513671875,345.53125,539.3226928710938,323.551513671875,0.00012548671207745924
362,13,24,610.3530883789062,345.3663024902344,560.2105712890625,323.551513671875,0.0002616962683968462
363,13,25,633.5946655273438,344.89495849609375,581.0984497070312,323.551513671875,0.0003664170155806004
364,14,0,13.379922866821289,367.5385437011719,58.90156555175781,344.4393615722656,0.00037367323935535816
365,14,1,37.377017974853516,368.2843933105469,79.78944396972656,344.4393615722656,0.0003951236388033523
366,14,2,61.00978088378906,368.7315979003906,100.67731475830078,344.4393615722656,0.00010842113776187321
367,14,3,85.45281982421875,369.2986755371094,121.56519317626953,344.4393615722656,8.128298035885783e-05
368,14,4,109.99632263183594,369.6452941894531,142.45306396484375,344.4393615722656,8.492494160160298e-05
369,14,5,134.7806854248047,370.227294921875,163.3409423828125,344.4393615722656,3.892807759182289e-05
370,14,6,159.8764190673828,370.4456787109375,184.22882080078125,344.4393615722656,4.83704264907373e-05
371,14,7,184.7677459716797,370.75640869140625,205.11668395996094,344.4393615722656,4.9968651265204905e-05
372,14,8,210.2445526123047,371.2090148925781,226.0045623779297,344.4393615722656,9.0537134945321e-06
373,14,9,235.5322265625,371.32940673828125,246.89244079589844,344.4393615722656,4.249143152510899e-05
374,14,10,260.9847412109375,371.5321044921875,267.7803039550781,344.4393615722656,5.141879474390198e-05
375,14,11,286.549560546875,371.59820556640625,288.6681823730469,344.4393615722656,2.1783134088547524e-05
376,14,12,312.2771911621094,371.6944274902344,309.5560607910156,344.4393615722656,6.405123624375473e-05
377,14,13,337.3101806640625,371.72406005859375,330.4439392089844,344.4393615722656,7.00732044214647e-05
378,14,14,362.85845947265625,371.72283935546875,351.3318176269531,344.4393615722656,3.081533754888164e-05
379,14,15,388.2275085449219,371.7747802734375,372.2196960449219,344.4393615722656,4.106599810496931e-05
380,14,16,413.456298828125,371.6282653808594,393.1075744628906,344.4393615722656,3.1055118859182215e-05
381,14,17,438.629150390625,371.633544921875,413.99542236328125,344.4393615722656,3.7711284374445086e-05
382,14,18,463.5349426269531,371.4128723144531,434.88330078125,344.4393615722656,4.3838233954853635e-05
383,14,19,488.49658203125,371.3950500488281,455.77117919921875,344.4393615722656,3.8312700337677386e-05
384,14,20,512.7611694335938,371.2247619628906,476.6590576171875,344.4393615722656,0.00010757406573949466
385,14,21,537.519287109375,370.51556396484375,497.54693603515625,344.4393615722656,0.00013137102442415435
386,14,22,562.0540161132812,370.49755859375,518.434814453125,344.4393615722656,7.22275309927984e-05
387,14,23,585.688720703125,370.32427978515625,539.3226928710938,344.4393615722656,0.00011901100532557867
388,14,24,609.4231567382812,369.6224365234375,560.2105712890625,344.4393615722656,0.00043827492882573806
389,14,25,633.1522827148438,369.2125244140625,581.0984497070312,344.4393615722656,0.00042969537889722383
390,15,0,13.632654190063477,391.843505859375,58.90156555175781,365.3272399902344,0.00035985321694240966
391,15,1,37.634029388427734,392.68389892578125,79.78944396972656,365.3272399902344,0.00035095737665312974
392,15,2,61.52688980102539,393.44140625,100.67731475830078,365.3272399902344,3.07677700818789e-05
393,15,3,85.64828491210938,394.2423095703125,121.56519317626953,365.3272399902344,7.925330337001252e-05
394,15,4,110.6393814086914,394.5104675292969,142.45306396484375,365.3272399902344,7.66473398060727e-05
395,15,5,135.2681121826172,395.1349182128906,163.3409423828125,365.3272399902344,1.7995473488374935e-05
396,15,6,160.15518188476562,395.45355224609375,184.22882080078125,365.3272399902344,4.5143405170073695e-07
397,15,7,185.15969848632812,395.6236877441406,205.11668395996094,365.3272399902344,4.911736389485538e-05
398,15,8,210.4585723876953,396.193359375,226.0045623779297,365.3272399902344,3.750668731210594e-05
399,15,9,235.6405487060547,396.294921875,246.89244079589844,365.3272399902344,7.609822377943812e-05
400,15,10,260.8202819824219,396.4592590332031,267.7803039550781,365.3272399902344,6.769365623459796e-05
401,15,11,286.4842834472656,396.57171630859375,288.6681823730469,365.3272399902344,1.3135375574042288e-05
402,15,12,312.06671142578125,396.7271728515625,309.5560607910156,365.3272399902344,1.556825461451505e-05
403,15,13,337.38006591796875,396.9161071777344,330.4439392089844,365.3272399902344,2.9163605733537153e-05
404,15,14,362.566650390625,396.8323669433594,351.3318176269531,365.3272399902344,4.210292586032364e-05
405,15,15,387.6614074707031,396.9444580078125,372.2196960449219,365.3272399902344,7.405450924672482e-05
406,15,16,413.1692810058594,396.692138671875,393.1075744628906,365.3272399902344,3.405139328118065e-05
407,15,17,438.4186706542969,396.5743713378906,413.99542236328125,365.3272399902344,8.113999766371391e-05
408,15,18,463.0679016113281,396.4258117675781,434.88330078125,365.3272399902344,6.92139493114565e-05
409,15,19,488.0610656738281,396.2875061035156,455.77117919921875,365.3272399902344,3.558330682548967e-05
410,15,20,512.5341796875,395.80816650390625,476.6590576171875,365.3272399902344,8.382362100173663e-05
411,15,21,536.69091796875,395.55474853515625,497.54693603515625,365.3272399902344,9.820345556673566e-05
412,15,22,561.2653198242188,395.3407287597656,518.434814453125,365.3272399902344,5.457702780652099e-05
413,15,23,585.0641479492188,394.5854797363281,539.3226928710938,365.3272399902344,0.00012126773414148349
414,15,24,608.7258911132812,394.3684387207031,560.2105712890625,365.3272399902344,0.00031728427886474123
415,15,25,632.4228515625,393.5594787597656,581.0984497070312,365.3272399902344,0.0004231081699975473
416,16,0,14.15610408782959,416.6591491699219,58.90156555175781,386.2151184082031,0.0006158746396252524
417,16,1,38.25999450683594,417.32147216796875,79.78944396972656,386.2151184082031,0.00036248759569868004
418,16,2,61.892425537109375,418.15264892578125,100.67731475830078,386.2151184082031,0.0002750783394802364
419,16,3,86.3571548461914,418.46295166015625,121.56519317626953,386.2151184082031,1.5427510209523315e-05
420,16,4,111.1310806274414,419.1850280761719,142.45306396484375,386.2151184082031,0.00011729241601453483
421,16,5,135.60543823242188,419.6733093261719,163.3409423828125,386.2151184082031,0.00011462080068757249
422,16,6,160.57745361328125,420.2105712890625,184.22882080078125,386.2151184082031,0.0001254113494983953
423,16,7,185.45404052734375,420.50531005859375,205.11668395996094,386.2151184082031,5.853815151160395e-05
424,16,8,210.54673767089844,421.1929931640625,226.0045623779297,386.2151184082031,0.00014375051246347427
425,16,9,235.6109619140625,421.39080810546875,246.89244079589844,386.2151184082031,0.00016568025890656903
426,16,10,261.1620178222656,421.4613952636719,267.7803039550781,386.2151184082031,0.0001303363058528277
427,16,11,286.54412841796875,421.4099426269531,288.6681823730469,386.2151184082031,4.9741158001284985e-05
428,16,12,311.9127502441406,421.539306640625,309.5560607910156,386.2151184082031,7.083128356128106e-05
429,16,13,337.23773193359375,421.6590881347656,330.4439392089844,386.2151184082031,6.809388538721371e-05
430,16,14,362.4673156738281,421.7605285644531,351.3318176269531,386.2151184082031,8.709886413913503e-05
431,16,15,387.5805969238281,421.7291259765625,372.2196960449219,386.2151184082031,9.673118392632973e-05
432,16,16,412.6031188964844,421.51739501953125,393.1075744628906,386.2151184082031,5.079026919902807e-05
433,16,17,437.5999450683594,421.47076416015625,413.99542236328125,386.2151184082031,0.00012430791907784013
434,16,18,462.5947265625,421.3330383300781,434.88330078125,386.2151184082031,0.00014857722464225494
435,16,19,487.2770080566406,420.895751953125,455.77117919921875,386.2151184082031,7.149609978850833e-05
436,16,20,511.7741394042969,420.61053466796875,476.6590576171875,386.2151184082031,8.567901743379782e-05
437,16,21,536.3331909179688,420.408447265625,497.54693603515625,386.2151184082031,0.00019079341588840957
438,16,22,560.5050048828125,419.6510009765625,518.434814453125,386.2151184082031,7.589109607261968e-05
439,16,23,584.1988525390625,419.3384094238281,539.3226928710938,386.2151184082031,0.0002522056026421263
440,16,24,607.385986328125,418.6541748046875,560.2105712890625,386.2151184082031,0.00040050128113680014
441,16,25,631.385009765625,417.59527587890625,581.0984497070312,386.2151184082031,0.0005619723672605597
442,17,0,15.711379051208496,440.3671875,58.90156555175781,407.1029968261719,4.0194239616913945e-05
443,17,1,38.91154098510742,441.4114685058594,79.78944396972656,407.1029968261719,0.0005846567099333268
444,17,2,62.77824020385742,442.1015930175781,100.67731475830078,407.1029968261719,0.0003934098139832506
445,17,3,86.90756225585938,442.6372985839844,121.56519317626953,407.1029968261719,0.00045261887789446194
446,17,4,111.62104797363281,443.43841552734375,142.45306396484375,407.1029968261719,0.00038261950485729253
447,17,5,136.26927185058594,444.0771789550781,163.3409423828125,407.1029968261719,0.0003563283849147024
448,17,6,160.74452209472656,444.4138488769531,184.22882080078125,407.1029968261719,0.00038853696667939477
449,17,7,185.7163848876953,445.14306640625,205.11668395996094,407.1029968261719,0.0003491829519238834
450,17,8,210.91575622558594,445.4659729003906,226.0045623779297,407.1029968261719,0.0003851016292293029
451,17,9,236.21072387695312,445.44879150390625,246.89244079589844,407.1029968261719,0.00043878402705800233
452,17,10,261.17242431640625,445.809814453125,267.7803039550781,407.1029968261719,0.00033927457892888544
453,17,11,286.5719909667969,446.19671630859375,288.6681823730469,407.1029968261719,0.00030499446483509446
454,17,12,311.71002197265625,446.29931640625,309.5560607910156,407.1029968261719,0.0003344869917105532
455,17,13,336.84686279296875,446.3146057128906,330.4439392089844,407.1029968261719,0.0003616017396189878
456,17,14,362.2296447753906,446.4101867675781,351.3318176269531,407.1029968261719,0.0003210782928674207
457,17,15,387.467041015625,446.16015625,372.2196960449219,407.1029968261719,0.00036944514871387144
458,17,16,412.3853759765625,446.2055969238281,393.1075744628906,407.1029968261719,0.00029388753781512945
459,17,17,437.47113037109375,445.737548828125,413.99542236328125,407.1029968261719,0.00044287196799371726
460,17,18,462.0548095703125,445.5191955566406,434.88330078125,407.1029968261719,0.00042999958853631487
461,17,19,486.63671875,445.2510070800781,455.77117919921875,407.1029968261719,0.0003788978747060629
462,17,20,511.1971130371094,444.8861083984375,476.6590576171875,407.1029968261719,0.00039341848686162684
463,17,21,535.4453735351562,444.4861145019531,497.54693603515625,407.1029968261719,0.0004117707090018837
464,17,22,559.464111328125,443.6519775390625,518.434814453125,407.1029968261719,0.0005808903655798893
465,17,23,583.5040283203125,443.2145690917969,539.3226928710938,407.1029968261719,0.0003379510096179316
466,17,24,606.7440185546875,442.5789489746094,560.2105712890625,407.1029968261719,0.0007204122083630615
467,17,25,630.2223510742188,441.5731201171875,581.0984497070312,407.1029968261719,0.0001119077173231076
468,18,0,16.483076095581055,462.6717224121094,58.90156555175781,427.9908752441406,0.0009000847373948771
469,18,1,39.87535095214844,464.35198974609375,79.78944396972656,427.9908752441406,6.855432455801342e-05
470,18,2,63.72629165649414,466.2153015136719,100.67731475830078,427.9908752441406,0.0006998015451908653
471,18,3,87.76898956298828,466.7935485839844,121.56519317626953,427.9908752441406,0.0005970520466695423
472,18,4,112.48616027832031,467.7090148925781,142.45306396484375,427.9908752441406,0.0004585868991045254
473,18,5,136.60374450683594,468.1976623535156,163.3409423828125,427.9908752441406,0.00039350036099649845
474,18,6,161.36434936523438,468.7680969238281,184.22882080078125,427.9908752441406,0.00037394790401571294
475,18,7,185.9921875,469.36883544921875,205.11668395996094,427.9908752441406,0.000500298070287473
476,18,8,211.00537109375,469.710693359375,226.0045623779297,427.9908752441406,0.0004895474882382581
477,18,9,236.4541473388672,470.1119079589844,246.89244079589844,427.9908752441406,0.0004088042470010456
478,18,10,261.2703552246094,470.3589782714844,267.7803039550781,427.9908752441406,0.000331721184841509
479,18,11,286.51416015625,470.5662841796875,288.6681823730469,427.9908752441406,0.0003717413104919313
480,18,12,311.6842346191406,470.4849548339844,309.5560607910156,427.9908752441406,0.0004460989523986005
481,18,13,336.6009521484375,470.5164794921875,330.4439392089844,427.9908752441406,0.0004163331859261441
482,18,14,361.9508361816406,470.8939208984375,351.3318176269531,427.9908752441406,0.0004280757947279877
483,18,15,386.8158264160156,470.66619873046875,372.2196960449219,427.9908752441406,0.0003161771317834366
484,18,16,411.6958923339844,470.4862976074219,393.1075744628906,427.9908752441406,0.0003647831941991618
485,18,17,436.8811340332031,470.29156494140625,413.99542236328125,427.9908752441406,0.0005655185827255422
486,18,18,461.47760009765625,469.8587646484375,434.88330078125,427.9908752441406,0.0005066050489818088
487,18,19,486.05206298828125,469.52740478515625,455.77117919921875,427.9908752441406,0.00041282639857575447
488,18,20,510.3917541503906,469.26934814453125,476.6590576171875,427.9908752441406,0.00042709697333122765
489,18,21,534.5350341796875,468.58203125,497.54693603515625,427.9908752441406,0.0004797453340011859
490,18,22,558.5377807617188,468.0797119140625,518.434814453125,427.9908752441406,0.0007012430263067211
491,18,23,582.3159790039062,467.3330993652344,539.3226928710938,427.9908752441406,0.0006585806423704813
492,18,24,605.9666748046875,466.4625549316406,560.2105712890625,427.9908752441406,6.105178345624282e-05
493,18,25,629.1778564453125,465.6185607910156,581.0984497070312,427.9908752441406,0.0009944945333988137
