frame_id,t_capture,t_queue_in,t_process_done,t_fg_sent,seg1,seg2,seg3,total
100,73002.9351553,73002.9352375,73002.9376666,73002.9383761,0.0822000001790002,2.42910000088159,0.7095000037224963,3.2208000047830865
101,73002.9389502,73002.9389984,73002.9405685,73002.9413636,0.04820000322069973,1.5700999938417226,0.7951000006869435,2.413399997749366
102,73002.9521037,73002.9522205,73002.9552542,73003.0413916,0.11680000170599669,3.0337000061990693,86.13739999418613,89.28790000209119
103,73002.9564091,73002.9564592,73002.9579193,73003.0419442,0.050099988584406674,1.4601000002585351,84.02490000298712,85.53509999183007
104,73002.9669023,73002.9672838,73002.9708367,73003.0427132,0.381499994546175,3.552900001523085,71.87650000560097,75.81090000167023
105,73002.9713694,73002.9716824,73002.9741924,73003.043724,0.3130000113742426,2.5099999911617488,69.53160000557546,72.35460000811145
106,73002.9824952,73002.9826046,73002.9853931,73003.0448519,0.10939998901449144,2.788500001770444,59.45880000945181,62.35670000023674
107,73002.9882564,73002.9884118,73002.9909851,73003.1490688,0.1554000045871362,2.5732999929459766,158.0837000074098,160.8124000049429
108,73002.9983468,73002.9984334,73003.0017024,73003.1499044,0.08660000457894057,3.268999993451871,148.20199999667238,151.5575999947032
109,73003.0030673,73003.003129,73003.0048969,73003.1504915,0.061700004152953625,1.7679000011412427,145.59459999145474,147.42419999674894
110,73003.0145353,73003.0145926,73003.01616,73003.2511733,0.05729999975301325,1.567400002386421,235.01329999999143,236.63800000213087
111,73003.0312305,73003.0315703,73003.034522,73003.2517736,0.3397999971639365,2.951700007542968,217.25159999914467,220.54310000385158
112,73003.0351253,73003.0351998,73003.0368684,73003.2523854,0.07449999975506216,1.668600001721643,215.5170000041835,217.2601000056602
113,73003.047305,73003.0475935,73003.0502078,73003.2533423,0.2884999994421378,2.614299999549985,203.1344999995781,206.03729999857023
114,73003.0512026,73003.0512597,73003.0529952,73003.2537536,0.05709999823011458,1.7355000018142164,200.75839999481104,202.55099999485537
115,73003.0619641,73003.062267,73003.0650022,73003.254387,0.3029000072274357,2.735200003371574,189.38479998905677,192.42289999965578
116,73003.0662578,73003.0665849,73003.0694913,73003.2553502,0.3271000023232773,2.9063999973004684,185.8588999893982,189.09239998902194
117,73003.0785025,73003.0789134,73003.0818614,73003.2561706,0.41090000013355166,2.948000008473173,174.30919999605976,177.66810000466648
118,73003.0827968,73003.0828836,73003.0845729,73003.2567007,0.08680000610183924,1.6892999992705882,172.1278000040911,173.90390000946354
119,73003.0963668,73003.096643,73003.0998606,73003.2579708,0.2761999930953607,3.217600009520538,158.11019999091513,161.60399999353103
120,73003.1006817,73003.1007803,73003.1031064,73003.258879,0.09859999408945441,2.326100002392195,155.77260000281967,158.19729999930132
121,73003.1098154,73003.1099054,73003.1126537,73003.2596601,0.08999998681247234,2.7483000012580305,147.00640000228304,149.84469999035355
122,73003.1139433,73003.1140131,73003.1157455,73003.2606426,0.06979999307077378,1.7324000073131174,144.89709999179468,146.69929999217857
123,73003.1270992,73003.1272077,73003.1301851,73003.2611806,0.10849999671336263,2.977399999508634,130.99550000333693,134.08139999955893
124,73003.1313709,73003.1314558,73003.1331759,73003.2625221,0.08490000618621707,1.7201000009663403,129.34620000305586,131.1512000102084
125,73003.1447207,73003.1448211,73003.1481867,73003.2636099,0.10039999324362725,3.365600001416169,115.4231999971671,118.8891999918269
126,73003.1497765,73003.1499944,73003.1521178,73003.2643733,0.2179000002797693,2.1234000014374033,112.2555000038119,114.59680000552908
127,73003.1593593,73003.1594524,73003.1620333,73003.2650135,0.09309999586548656,2.5809000071603805,102.98019999754615,105.65420000057202
128,73003.1636323,73003.1637009,73003.1663755,73003.2655167,0.06859999848529696,2.674600007594563,99.1412000003038,101.88440000638366
129,73003.1740223,73003.1742758,73003.1780008,73003.2662539,0.25350000942125916,3.7250000023050234,88.25309999519959,92.23160000692587
130,73003.177616,73003.1780172,73003.1807128,73003.2667923,0.4011999990325421,2.695599992875941,86.07950000441633,89.17629999632481
131,73003.1900634,73003.1904059,73003.192882,73003.2674344,0.34249998861923814,2.476100009516813,74.55239999399055,77.3709999921266
132,73003.1937655,73003.193816,73003.1952658,73003.2680984,0.05050000618211925,1.4497999945888296,72.83260000986047,74.33290001063142
133,73003.207485,73003.2075857,73003.2102584,73003.2687267,0.10069999552797526,2.6726999931270257,58.46830000518821,61.24169999384321
134,73003.2112154,73003.2112643,73003.2128521,73003.2693295,0.04889999399892986,1.5877999976510182,56.47740000858903,58.11410000023898
135,73003.2231835,73003.2235889,73003.2275361,73003.2699722,0.4054000019095838,3.9472000062232837,42.43609998957254,46.78869999770541
136,73003.227276,73003.2275533,73003.2292558,73003.2705809,0.2773000014713034,1.702499997918494,41.32509999908507,43.304899998474866
137,73003.2381966,73003.2385556,73003.2423704,73003.2712454,0.3589999978430569,3.8148000021465123,28.875000003608875,33.048800003598444
138,73003.2545251,73003.2546143,73003.2573748,73003.2719096,0.0892000098247081,2.760499992291443,14.534799993271008,17.38449999538716
139,73003.2589365,73003.2590068,73003.2618208,73003.2725297,0.07029999687802047,2.814000006765127,10.70889999391511,13.593199997558258
140,73003.2713375,73003.2714187,73003.2742203,73003.2747568,0.08119999256450683,2.8015999996569008,0.5365000106394291,3.4193000028608367
141,73003.2757175,73003.2757694,73003.2785055,73003.2794137,0.05190000229049474,2.736099995672703,0.9082000033231452,3.6962000012863427
142,73003.2864995,73003.286587,73003.2888695,73003.2895102,0.08749999688006938,2.2825000050943345,0.6407000037143007,3.0107000056887046
143,73003.2907444,73003.2908003,73003.2924946,73003.3776462,0.055900003644637764,1.6942999936873093,85.15159999660682,86.90179999393877
144,73003.3023286,73003.302438,73003.3048273,73003.3794828,0.10940000356640667,2.3893000034149736,74.65549999324139,77.15420000022277
145,73003.3063488,73003.3064055,73003.3082232,73003.4791936,0.05669999518431723,1.8177000019932166,170.9703999949852,172.84479999216273
146,73003.3183772,73003.3184889,73003.3208488,73003.4798239,0.11169999197591096,2.359899997827597,158.97509999922477,161.44669998902828
147,73003.3231266,73003.3231884,73003.3247468,73003.5813248,0.06180000491440296,1.5584000066155568,256.5780000004452,258.19820001197513
149,73003.3385138,73003.3385632,73003.3400207,73003.582241,0.04939999780617654,1.4574999950127676,242.22030000237282,243.72719999519177
150,73003.3506257,73003.3508904,73003.3528764,73003.5831622,0.26470000739209354,1.9859999883919954,230.2858000039123,232.5364999996964
151,73003.3536019,73003.353646,73003.3549156,73003.5840912,0.04410000110510737,1.2695999903371558,229.1756000049645,230.48929999640677
152,73003.3670575,73003.3672235,73003.3710686,73003.585062,0.16599999798927456,3.8451000000350177,213.99340000061784,218.00449999864213
153,73003.370161,73003.3710834,73003.3739001,73003.5856217,0.9223999950336292,2.816700012772344,211.7215999896871,215.46069999749307
154,73003.3822584,73003.3823867,73003.385092,73003.5860527,0.12830000196117908,2.7052999939769506,200.96070000727195,203.79430000321008
155,73003.3862263,73003.3865196,73003.388298,73003.5874226,0.29329999233596027,1.778400008333847,199.1245999961393,201.1962999968091
156,73003.3982401,73003.3986913,73003.4014135,73003.5886857,0.4512000014074147,2.7222000062465668,187.27219999709632,190.4456000047503
157,73003.4015557,73003.4016014,73003.4030614,73003.5896341,0.04569999873638153,1.4599999994970858,186.5727000113111,188.07840000954457
158,73003.4141494,73003.4142204,73003.4170578,73003.5909652,0.0709999876562506,2.8374000103212893,173.90739999245852,176.81579999043606
159,73003.4175426,73003.4175903,73003.4189115,73003.5919977,0.04769999941345304,1.3212000048952177,173.08619999676012,174.45510000106879
160,73003.4299992,73003.4303193,73003.4328761,73003.593161,0.3200999926775694,2.5568000128259882,160.28489999007434,163.1617999955779
161,73003.4330598,73003.433321,73003.4358206,73003.597128,0.2612000098451972,2.499599999282509,161.30739999061916,164.06819999974687
162,73003.4474237,73003.4477598,73003.4513018,73003.5976734,0.3360999980941415,3.5420000058365986,146.3715999998385,150.24970000376925
163,73003.4516607,73003.4517421,73003.4543287,73003.5982297,0.08140000863932073,2.586599992355332,143.90100000309758,146.56900000409223
164,73003.463613,73003.4637353,73003.4659129,73003.5988275,0.12229999992996454,2.1776000066893175,132.91459999163635,135.21449999825563
165,73003.4788063,73003.4790718,73003.481656,73003.5994658,0.265499998931773,2.584200003184378,117.80979999457486,120.65949999669101
166,73003.4830795,73003.4831291,73003.4851323,73003.6001179,0.04959999932907522,2.0032000029459596,114.98559999745339,117.03839999972843
167,73003.4945921,73003.4946934,73003.4974559,73003.6007512,0.10130000009667128,2.7624999929685146,103.29530001035891,106.1591000034241
168,73003.4993012,73003.4993633,73003.5007998,73003.6014601,0.062099992646835744,1.4364999951794744,100.66030001325998,102.1589000010863
169,73003.5104093,73003.5106448,73003.5135717,73003.6020902,0.23550000332761556,2.926899993326515,88.51850000792183,91.68090000457596
170,73003.5145271,73003.5145882,73003.5161326,73003.6027435,0.06110001413617283,1.544399987324141,86.61090000532568,88.21640000678599
171,73003.5260606,73003.5263758,73003.5298102,73003.6035109,0.31519999902229756,3.4344000014243647,73.70069999888074,77.4502999993274
172,73003.5299759,73003.5303365,73003.5332024,73003.6039372,0.3605999954743311,2.8658999945037067,70.73479999962728,73.96129998960532
173,73003.542246,73003.5425237,73003.5445407,73003.6045419,0.27770000451710075,2.0169999916106462,60.001200006809086,62.29590000293683
174,73003.545664,73003.5457117,73003.5479095,73003.6051712,0.04769999941345304,2.197800000431016,57.26169999979902,59.50719999964349
175,73003.5574579,73003.557759,73003.5596515,73003.6058433,0.30110000807326287,1.8925000040326267,46.191799992811866,48.385400004917756
176,73003.5606107,73003.5606549,73003.5620507,73003.6064894,0.044199987314641476,1.3958000054117292,44.43870000250172,45.87869999522809
177,73003.5743485,73003.5746347,73003.5774599,73003.6074192,0.28619999648071826,2.8252000047359616,29.959299994516186,33.070699995732866
178,73003.5776056,73003.5776471,73003.5789184,73003.6080759,0.04149999585933983,1.2713000032817945,29.157500001019798,30.470300000160933
179,73003.5899562,73003.5902484,73003.5936039,73003.608676,0.2921999985119328,3.355499997269362,15.072100010002032,18.719800005783327
180,73003.5934631,73003.5936192,73003.5951357,73003.6092447,0.15609999536536634,1.5165000077104196,14.108999996096827,15.781599999172613
181,73003.6066168,73003.6068852,73003.6097254,73003.6101643,0.26840000646188855,2.8402000025380403,0.4388999950606376,3.5475000040605664
182,73003.6109226,73003.6109843,73003.6126079,73003.6132637,0.061700004152953625,1.6235999937634915,0.6558000022778288,2.341100000194274
183,73003.6220931,73003.6221901,73003.6246735,73003.6254297,0.09699999645818025,2.4834000068949535,0.756199995521456,3.33659999887459
184,73003.6264121,73003.6264634,73003.6281105,73003.716324,0.05129999772179872,1.647099998081103,88.21349999925587,89.91189999505877
185,73003.6384779,73003.6386035,73003.6417421,73003.7172053,0.1255999959539622,3.138599990052171,75.46320000255946,78.7273999885656
186,73003.6423969,73003.6424703,73003.6444725,73003.8213121,0.07339999137911946,2.0022000098833814,176.83959999703802,178.91519999830052
187,73003.6544473,73003.6545566,73003.6571598,73003.8218521,0.10930000280495733,2.6032000023406,164.6922999934759,167.40479999862146
188,73003.6589044,73003.6589627,73003.6603965,73003.8224515,0.05830000736750662,1.4337999891722575,162.05500000796746,163.54710000450723
189,73003.671034,73003.6713194,73003.674495,73003.8232443,0.2854000049410388,3.1755999953020364,148.74930000223685,152.21030000247993
190,73003.6755879,73003.6757096,73003.6786837,73003.8238469,0.12169999536126852,2.9741000034846365,145.16320000984706,148.25900000869296
191,73003.6871751,73003.6872926,73003.6898906,73003.8244476,0.11750000703614205,2.597999991849065,134.55699999758508,137.2724999964703
192,73003.7047697,73003.7049218,73003.7081993,73003.8250782,0.15210000856313854,3.2774999999674037,116.8788999930257,120.30850000155624
193,73003.7093772,73003.7094666,73003.7120836,73003.8257199,0.08940001134760678,2.6169999910052866,113.63630001142155,116.34270001377445
194,73003.7196101,73003.7198567,73003.7224902,73003.826399,0.2466000005370006,2.6335000002291054,103.9087999961339,106.7888999969
195,73003.7240792,73003.7241427,73003.7260157,73003.8270337,0.06350000330712646,1.8730000010691583,101.0180000012042,102.95450000558048
196,73003.7351481,73003.7352626,73003.7379333,73003.8276064,0.1145000132964924,2.670699992449954,89.67309999570716,92.45830000145361
197,73003.7397662,73003.7398489,73003.7415229,73003.8282515,0.08270000398624688,1.6739999991841614,86.7285999993328,88.48530000250321
198,73003.7518204,73003.7519818,73003.7541899,73003.829035,0.16140000661835074,2.2081000061007217,74.84509999630973,77.2146000090288
199,73003.7559153,73003.7559779,73003.757768,73003.8297433,0.06259999645408243,1.7900999955600128,71.97530000121333,73.82799999322742
200,73003.7668961,73003.7670153,73003.7705094,73003.8303484,0.11920000542886555,3.4940999903483316,59.839000008651055,63.45230000442825
201,73003.7716891,73003.7720455,73003.7745328,73003.8308297,0.3563999925972894,2.4873000074876472,56.29690000205301,59.140600002137944
202,73003.7829883,73003.783089,73003.7861514,73003.8323801,0.10070001007989049,3.0623999919043854,46.22869999730028,49.39179999928456
203,73003.7875691,73003.7876235,73003.7897009,73003.9332343,0.05440000677481294,2.0774000004166737,143.53339999797754,145.66520000516903
204,73003.7990603,73003.7991667,73003.8023658,73003.9339877,0.10639999527484179,3.199099999619648,131.62190000002738,134.92739999492187
205,73003.8032947,73003.8033561,73003.8053055,73003.9350012,0.061400001868605614,1.9494000007398427,129.6957000013208,131.70650000392925
206,73003.8145247,73003.8147929,73003.817115,73003.9357131,0.26819999038707465,2.322100001038052,118.59810000169091,121.18839999311604
207,73003.8184465,73003.8186902,73003.8204913,73003.9366201,0.24370000755880028,1.8010999920079485,116.1288000002969,118.17359999986365
208,73003.8311537,73003.8317308,73003.8353096,73003.9374084,0.5770999996457249,3.5788000095635653,102.09879999456462,106.2547000037739
209,73003.8361576,73003.8362643,73003.8385329,73003.9384486,0.1066999975591898,2.2686000011162832,99.91570000420325,102.29100000287872
210,73003.8465166,73003.8469085,73003.8501158,73003.9393731,0.3919000009773299,3.2073000038508326,89.25730000191834,92.8565000067465
211,73003.851071,73003.8511486,73003.8535299,73003.9403736,0.07760000880807638,2.3813000007066876,86.84369998809416,89.30259999760892
212,73003.86239,73003.8624889,73003.8647813,73003.9412335,0.09890001092571765,2.2923999931663275,76.45219999540132,78.84349999949336
213,73003.866676,73003.86674,73003.8688415,73003.9421897,0.06399999256245792,2.101500009302981,73.34819999232423,75.51369999418966
214,73003.8784718,73003.8785686,73003.881435,73003.9429967,0.0968000094871968,2.8663999983109534,61.56170000031125,64.5249000081094
215,73003.8829147,73003.8829984,73003.8856954,73003.9439228,0.08369999704882503,2.6969999889843166,58.22740000439808,61.00809999043122
216,73003.8948897,73003.8949949,73003.8984175,73003.9448502,0.10520000068936497,3.4225999988848343,46.432700008153915,49.960500007728115
217,73003.8994233,73003.8995121,73003.9013284,73003.9458468,0.08880000677891076,1.8162999913329259,44.5183999981964,46.42349999630824
218,73003.9116838,73003.911811,73003.9156896,73003.9468041,0.12719999358523637,3.8786000077379867,31.114499986870214,35.12029998819344
219,73003.9168645,73003.9169818,73003.9193956,73003.9478066,0.11729999096132815,2.413800000795163,28.41100000659935,30.942099998355843
220,73003.9272583,73003.9273627,73003.9307533,73003.9489317,0.10439999459777027,3.3906000026036054,18.178400001488626,21.67339999869
221,73003.9423064,73003.9423825,73003.9461367,73003.9496202,0.07609999738633633,3.7542000063695014,3.4834999969461933,7.313800000702031
222,73003.9476288,73003.9477135,73003.9507332,73003.9519253,0.0847000046633184,3.0197000014595687,1.192099996842444,4.296500002965331
223,73003.9581938,73003.958307,73003.9609058,73003.9615449,0.11319998884573579,2.5988000124925748,0.6390999915311113,3.351099992869422
224,73003.9624956,73003.9625791,73003.965651,73003.9663851,0.08349999552592635,3.0719000060344115,0.73409998731222,3.889499988872558
225,73003.9738623,73003.973969,73003.9762238,73004.0640452,0.1066999975591898,2.2547999978996813,87.82139999675564,90.18289999221452
226,73003.9778728,73003.9779294,73003.9803169,73004.1690107,0.05660000897478312,2.3874999897088856,188.69380000978708,191.13790000847075
227,73003.9903326,73003.9906016,73003.9931971,73004.1710034,0.26899999647866935,2.595500001916662,177.80629999469966,180.670799993095
228,73003.9943748,73003.9944351,73003.9969597,73004.2710506,0.060300008044578135,2.5246000004699454,274.09089999855496,276.6758000070695
232,73004.0259903,73004.0260472,73004.0278632,73004.2725267,0.056899996707215905,1.816000003600493,244.66350000875536,246.53640000906307
233,73004.0383427,73004.0384495,73004.0410852,73004.3757195,0.10679999832063913,2.6357000024290755,334.6343000011984,337.37680000194814
245,73004.1354448,73004.1355413,73004.1382152,73004.3762273,0.09649999265093356,2.6739000022644177,238.01210000237916,240.7824999972945
246,73004.1391981,73004.1392549,73004.1408741,73004.3768646,0.05679999594576657,1.6192000039154664,235.99049999029376,237.666499990155
247,73004.1504582,73004.1505584,73004.1521984,73004.3780775,0.10019999172072858,1.640000002225861,225.87910000584088,227.61929999978747
248,73004.1662026,73004.1663131,73004.1685453,73004.4791296,0.11049999739043415,2.232200000435114,310.584300008486,312.9270000063116
257,73004.2339882,73004.2340577,73004.2358562,73004.480467,0.069500005338341,1.7985000013140962,244.61080000037327,246.4788000070257
258,73004.2457899,73004.246115,73004.2495631,73004.4813733,0.3251000016462058,3.4481000038795173,231.81019999901764,235.58340000454336
259,73004.2490713,73004.2495816,73004.2521024,73004.4823333,0.5103000003146008,2.520800000638701,230.23089999333024,233.26199999428354
260,73004.2623703,73004.2626086,73004.2650821,73004.4831961,0.23829999554436654,2.4735000042710453,218.11400000297,220.8258000027854
261,73004.2663143,73004.266653,73004.2688328,73004.4842437,0.338700003339909,2.1797999943373725,215.410900011193,217.9294000088703
262,73004.2784715,73004.2785677,73004.2811687,73004.4850721,0.09620000491850078,2.6010000001406297,203.90339998994023,206.60059999499936
263,73004.282502,73004.2825621,73004.2849552,73004.4855683,0.06009999196976423,2.393100003246218,200.61310000892263,203.0663000041386
264,73004.2951123,73004.2960312,73004.2997834,73004.486381,0.9189000120386481,3.7521999911405146,186.59759999718517,191.26870000036433
265,73004.300794,73004.3012222,73004.3037313,73004.4878687,0.4282000008970499,2.50909999886062,184.1374000068754,187.07470000663307
266,73004.3101931,73004.3102752,73004.3124851,73004.4891019,0.08209999941755086,2.2099000052548945,176.61680000310298,178.90880000777543
267,73004.3140184,73004.3141173,73004.316354,73004.490537,0.09890001092571765,2.2366999910445884,174.18300001008902,176.51860001205932
268,73004.3255043,73004.3257957,73004.3278471,73004.4913056,0.2914000069722533,2.051399991614744,163.45849999925122,165.8012999978382
269,73004.3291162,73004.3293452,73004.3325681,73004.4923702,0.22900001204106957,3.222899991669692,159.8020999954315,163.25399999914225
270,73004.3423027,73004.3426601,73004.3449669,73004.4927188,0.35740000021178275,2.3068000009516254,147.7519000036409,150.41610000480432
271,73004.3461818,73004.3462928,73004.3499107,73004.4936999,0.1109999866457656,3.6179000017000362,143.78920001036022,147.51809999870602
272,73004.3575414,73004.3578194,73004.3600715,73004.4941004,0.27800000680144876,2.2521000064443797,134.02889999269973,136.55900000594556
273,73004.361379,73004.3614432,73004.3636168,73004.4946439,0.06420000863727182,2.1735999907832593,131.02710001112428,133.2649000105448
274,73004.3738275,73004.3738977,73004.3755397,73004.4953982,0.07019999611657113,1.6420000029029325,119.8584999947343,121.5706999937538
275,73004.3905554,73004.3908193,73004.392938,73004.4959833,0.26390000130049884,2.11870000930503,103.04529999848455,105.42790000909008
276,73004.3945574,73004.3946163,73004.3964594,73004.4965818,0.05889999738428742,1.8431000062264502,100.12240000651218,102.02440001012292
277,73004.4057782,73004.4060731,73004.4084499,73004.497182,0.29490000451914966,2.376799995545298,88.73210000456311,91.40380000462756
278,73004.4096766,73004.409729,73004.4114361,73004.4977973,0.052400006097741425,1.7070999892894179,86.36120001028758,88.12070000567473
279,73004.4215794,73004.4218106,73004.4240536,73004.4985052,0.23119999968912452,2.242999995360151,74.45159999770112,76.9257999927504
280,73004.4252624,73004.4253092,73004.4270974,73004.4991386,0.04680000711232424,1.7881999956443906,72.04120000824332,73.87620001100004
281,73004.4378252,73004.4381225,73004.4403816,73004.4996861,0.2972999936901033,2.2591000015381724,59.3044999986887,61.86089999391697
282,73004.4415028,73004.4415526,73004.4430595,73004.5003307,0.04980000085197389,1.5069000073708594,57.27119999937713,58.827900007599965
283,73004.4537508,73004.4540373,73004.4561917,73004.5009783,0.28649999876506627,2.154399990104139,44.78660000313539,47.227499992004596
284,73004.4573889,73004.4574337,73004.4589989,73004.5022096,0.0447999918833375,1.5652000001864508,43.21070000878535,44.82070000085514
285,73004.4697449,73004.4698937,73004.4718819,73004.5063573,0.14880001253914088,1.9881999905919656,34.47539999615401,36.61239999928512
286,73004.4738633,73004.4739286,73004.4755619,73004.507076,0.0653000024612993,1.6333000094164163,31.514099988271482,33.2127000001492
287,73004.4868816,73004.4869832,73004.4896226,73004.5075786,0.1016000023810193,2.6394000014988706,17.955999996047467,20.696999999927357
288,73004.4912117,73004.4913802,73004.4934339,73004.50818,0.16849998792167753,2.053700009128079,14.746100001502782,16.96829999855254
289,73004.5029232,73004.503011,73004.5058653,73004.5088344,0.08779999916441739,2.85430000803899,2.969099994516,5.911200001719408
290,73004.5079791,73004.5080543,73004.5100262,73004.5104936,0.0751999905332923,1.971900011994876,0.4673999937949702,2.5144999963231385
291,73004.5184893,73004.5187384,73004.5221967,73004.5518615,0.2491000050213188,3.4582999942358583,29.66480000759475,33.372200006851926
292,73004.5235409,73004.5236064,73004.5251649,73004.5526523,0.06550000398419797,1.5584999928250909,27.48740000242833,29.11139999923762
293,73004.5344166,73004.5347632,73004.5385074,73004.5532505,0.3466000052867457,3.7441999884322286,14.743100007763132,18.833900001482107
294,73004.540507,73004.5407504,73004.5440404,73004.5538361,0.24340000527445227,3.2899999932851642,9.79570001072716,13.329100009286776
295,73004.5509265,73004.5510338,73004.5541722,73004.5546468,0.10730000212788582,3.1384000030811876,0.47459999041166157,3.720299995620735
296,73004.5555922,73004.555862,73004.5575273,73004.5581282,0.2697999880183488,1.6653000056976452,0.6009000062476844,2.5359999999636784
297,73004.5668987,73004.5671542,73004.5700734,73004.570684,0.2555000100983307,2.919199992902577,0.6106000073486939,3.7853000103496015
298,73004.5713802,73004.5714314,73004.5730182,73004.664115,0.05120001151226461,1.5867999900365248,91.09680000983644,92.73480001138523
299,73004.5829734,73004.5830857,73004.5856363,73004.7683415,0.11229999654460698,2.550600009271875,182.7052000007825,185.36810000659898
300,73004.5872954,73004.5876487,73004.5894683,73004.7688123,0.3533000126481056,1.8195999873569235,179.34400000376627,181.5169000037713
301,73004.5987953,73004.599064,73004.6016027,73004.769491,0.26869999419432133,2.5387000059708953,167.88829999859445,170.69569999875966
302,73004.6025175,73004.6025757,73004.6040219,73004.7701373,0.058200006606057286,1.446199996280484,166.11540000303648,167.61980000592303
303,73004.6139785,73004.6142331,73004.6163479,73004.7707865,0.25460000324528664,2.114799994160421,154.43860000232235,156.80799999972805
304,73004.6307603,73004.6308684,73004.634458,73004.7713986,0.10809999366756529,3.5896000044886023,136.9406000012532,140.63829999940936
305,73004.6336768,73004.6344844,73004.6365593,73004.7720428,0.8075999940047041,2.0748999959323555,135.48350000928622,138.36599999922328
306,73004.646808,73004.6469151,73004.6491344,73004.7726711,0.10710000060498714,2.219299989519641,123.53670000447892,125.86309999460354
307,73004.650157,73004.6502161,73004.6515888,73004.7733696,0.05909999890718609,1.372700004139915,121.7808000074001,123.2126000104472
308,73004.6620396,73004.6621172,73004.6656596,73004.774228,0.07759999425616115,3.5423999943304807,108.56839999905787,112.18839998764452
309,73004.6667486,73004.6671645,73004.6695616,73004.7752407,0.41590000910218805,2.397100004600361,105.67909998644609,108.49210000014864
310,73004.6780466,73004.6783089,73004.6813773,73004.7760136,0.26229998911730945,3.068400008487515,94.63629999663681,97.96699999424163
311,73004.683297,73004.6836415,73004.6865259,73004.8765601,0.3445000038482249,2.884400004404597,190.0342000008095,193.26310000906233
312,73004.6939078,73004.6940169,73004.6973685,73004.8770204,0.10910000128205866,3.3515999966766685,179.65190000541043,183.11260000336915
313,73004.6987627,73004.6988525,73004.7011751,73004.8776547,0.0897999998414889,2.3225999902933836,176.4796000061324,178.89199999626726
314,73004.712273,73004.7123875,73004.715774,73004.8782815,0.11449999874457717,3.386500000488013,162.5075000047218,166.0085000039544
315,73004.7169717,73004.7170642,73004.7194925,73004.8790811,0.09249999129679054,2.4282999947899953,159.58860001410358,162.10940000019036
316,73004.7276434,73004.7277607,73004.7308171,73004.8797579,0.11730000551324338,3.056400004425086,148.9407999906689,152.11450000060722
317,73004.7325416,73004.7326121,73004.7349427,73004.880324,0.07049999840091914,2.330600007553585,145.3812999970978,147.78240000305232
318,73004.7422517,73004.7423629,73004.7447592,73004.8808748,0.1112000027205795,2.3962999985087663,136.11560000572354,138.62310000695288
319,73004.7466858,73004.7467622,73004.7487067,73004.8814661,0.07639999967068434,1.9445000070845708,132.75940000312403,134.78030000987928
320,73004.7588528,73004.7592051,73004.7616691,73004.8821507,0.352299990481697,2.4640000046929345,120.48159999540076,123.29789999057539
321,73004.7631219,73004.7631886,73004.7656412,73004.8831306,0.06669999856967479,2.4526000051992014,117.48939999961294,120.00870000338182
322,73004.7746076,73004.7746726,73004.7776139,73004.8837664,0.06500000017695129,2.941300001111813,106.15249999682419,109.15879999811295
323,73004.7783844,73004.7784463,73004.7804802,73004.8845079,0.0619000056758523,2.0339000038802624,104.02769999927841,106.12350000883453
324,73004.7897629,73004.7900176,73004.7920603,73004.8851919,0.25469998945482075,2.042699998128228,93.13160000601783,95.42899999360088
325,73004.7936354,73004.793676,73004.7951081,73004.8858234,0.04060000355821103,1.4321000053314492,90.71530000073835,92.18800000962801
326,73004.8061272,73004.8064745,73004.8090221,73004.8864376,0.34729999606497586,2.54760000098031,77.4154999962775,80.31039999332279
327,73004.8097291,73004.8097882,73004.8113973,73004.8870929,0.05909999890718609,1.6090999997686595,75.69559999683406,77.36379999550991
328,73004.82363,73004.8238992,73004.8268703,73004.8877183,0.269199998001568,2.971100009744987,60.84799999371171,64.08830000145826
329,73004.8283644,73004.8284637,73004.8309456,73004.8883955,0.09929999941959977,2.4818999954732135,57.44990000675898,60.031100001651794
330,73004.8389618,73004.8390801,73004.8418834,73004.8896217,0.11830001312773675,2.8032999980496243,47.73829999612644,50.659900007303804
331,73004.8549424,73004.8552849,73004.8583015,73004.8906608,0.34250000317115337,3.0166000069584697,32.35929999209475,35.71840000222437
332,73004.8593766,73004.8596281,73004.8620414,73004.8913908,0.25150000874418765,2.4132999969879165,29.349399992497638,32.01419999822974
333,73004.8706698,73004.8710185,73004.8741973,73004.8919257,0.34869999217335135,3.1788000051165,17.728399994666688,21.25589999195654
334,73004.874423,73004.8744987,73004.8786865,73004.8924913,0.07569999434053898,4.18780000472907,13.804799993522465,18.068299992592074
335,73004.887767,73004.8878519,73004.8912831,73004.8934998,0.08490000618621707,3.4312000061618164,2.2166999988257885,5.732800011173822
336,73004.8928311,73004.8929183,73004.8956223,73004.8966422,0.08719999459572136,2.7039999986300245,1.0198999952990562,3.811099988524802
337,73004.9038035,73004.9039291,73004.9066783,73004.9074321,0.1255999959539622,2.7492000081110746,0.7537999917985871,3.628599995863624
338,73004.9084752,73004.9085451,73004.9103993,73005.007302,0.06989999383222312,1.8542000034358352,96.90269999555312,98.82679999282118
339,73004.9192765,73004.9194303,73004.9222438,73005.0082232,0.15379999240394682,2.8135000029578805,85.97939999890514,88.94669999426696
340,73004.9235277,73004.9235746,73004.925138,73005.108965,0.046900007873773575,1.563400001032278,183.82700000074692,185.43730000965297
341,73004.9351119,73004.9352178,73004.9385127,73005.1102631,0.1058999914675951,3.2949000014923513,171.75039999710862,175.15119999006856
342,73004.9397386,73004.9398171,73004.9421533,73005.111489,0.07850000110920519,2.336199991987087,169.33570000401232,171.75039999710862
343,73004.9504835,73004.9505889,73004.9528951,73005.1123156,0.10540000221226364,2.3061999963829294,159.42050000012387,161.83209999871906
344,73004.954619,73004.9546905,73004.9563485,73005.1130159,0.07150000601541251,1.6579999937675893,156.667400005972,158.39690000575501
345,73004.9671434,73004.9675153,73004.9702277,73005.1174399,0.3718999942066148,2.712400004384108,147.21219999773894,150.29649999632966
346,73004.9711034,73004.9711589,73004.9727305,73005.1182573,0.055500000598840415,1.5715999907115474,145.52679999906104,147.15389999037143
347,73004.9829123,73004.9830114,73004.9865481,73005.1188738,0.09910001244861633,3.536699994583614,132.325700004003,135.96150001103524
348,73004.9868753,73004.9872493,73004.9893032,73005.1192932,0.37399999564513564,2.0538999960990623,129.99000000127126,132.41789999301545
349,73004.998911,73004.999263,73005.0029536,73005.1198301,0.35200000274926424,3.6905999877490103,116.87650000385474,120.91909999435302
350,73005.0045907,73005.0046805,73005.0070687,73005.1204509,0.0897999998414889,2.388199995039031,113.3821999974316,115.86019999231212
351,73005.0138194,73005.0139314,73005.0172723,73005.1212558,0.11199999426025897,3.340900002513081,103.98349999741185,107.4363999941852
352,73005.0194746,73005.0195486,73005.022602,73005.1217953,0.07399999594781548,3.053399996133521,99.19330000411719,102.32069999619853
353,73005.0307639,73005.030886,73005.0337368,73005.1225245,0.12209999840706587,2.850800010492094,88.78769999137148,91.76060000027064
354,73005.0348675,73005.0349264,73005.0366713,73005.1237749,0.05889999738428742,1.744900000630878,87.10360000259243,88.9074000006076
355,73005.0466403,73005.0469203,73005.0496682,73005.1249306,0.27999999292660505,2.747899998212233,75.26240000152029,78.29029999265913
356,73005.0513108,73005.0513625,73005.0533313,73005.1261586,0.051700000767596066,1.9688000029418617,72.82729999860749,74.84780000231694
357,73005.0619658,73005.0620558,73005.064297,73005.1272478,0.08999998681247234,2.2412000107578933,62.95079999836162,65.28199999593198
358,73005.0787225,73005.0790167,73005.0825444,73005.1281576,0.2941999991890043,3.52769999881275,45.61320001084823,49.435100008849986
359,73005.0828047,73005.0828954,73005.0849177,73005.1288975,0.09070000669453293,2.0223000028636307,43.979800000670366,46.09280001022853
360,73005.0950557,73005.095151,73005.0978291,73005.1297023,0.09529999806545675,2.6781000051414594,31.87319998687599,34.646599990082905
361,73005.0998408,73005.0999099,73005.1016572,73005.1304228,0.06910000229254365,1.7472999898018315,28.76560000004247,30.581999992136844
362,73005.1116523,73005.1117532,73005.1154041,73005.130919,0.10090001160278916,3.6508999910438433,15.514900005655363,19.266700008301996
363,73005.1160783,73005.1161543,73005.1185449,73005.131612,0.07600001117680222,2.3905999987618998,13.067099993349984,15.533700003288686
364,73005.127065,73005.1273211,73005.1305352,73005.1323141,0.25610000011511147,3.214100011973642,1.7788999975891784,5.249100009677932
365,73005.1322225,73005.1324538,73005.1355729,73005.1362974,0.23130000045057386,3.119100001640618,0.7244999869726598,4.0748999890638515
366,73005.1418363,73005.1419578,73005.1444921,73005.1452362,0.12150000839028507,2.5342999870190397,0.7441000052494928,3.3999000006588176
367,73005.146292,73005.1463765,73005.1499434,73005.2385871,0.0844999885885045,3.5669000062625855,88.64370000083,92.29509999568108
368,73005.1577472,73005.1578507,73005.160459,73005.2399265,0.10349998774472624,2.6083000120706856,79.46749999246094,82.17929999227636
369,73005.1623225,73005.1623996,73005.1657084,73005.3394958,0.0771000050008297,3.3088000054704025,173.78739999548998,177.1733000059612
370,73005.1737988,73005.1740649,73005.1768269,73005.340528,0.26610000350046903,2.762000003713183,163.70109999843407,166.72920000564773
371,73005.1780999,73005.1781878,73005.1799828,73005.3410016,0.08789999992586672,1.7949999892152846,161.0188000049675,162.90169999410864
372,73005.18988,73005.1901184,73005.1934109,73005.3416835,0.23839999630581588,3.2924999977694824,148.27259999583475,151.80349998991005
373,73005.1942543,73005.1943066,73005.1963039,73005.3423922,0.05229999078437686,1.9973000016761944,146.088299996336,148.13789998879656
374,73005.2057104,73005.2060122,73005.2083571,73005.3434646,0.301799998851493,2.3449000000255182,135.1074999984121,137.7541999972891
375,73005.2097406,73005.2097903,73005.2112931,73005.3439773,0.049700000090524554,1.502800005255267,132.68419999803882,134.2367000033846
376,73005.2219361,73005.2222495,73005.2243886,73005.3454703,0.3133999998681247,2.1391000045696273,121.08169999555685,123.5341999999946
377,73005.2257017,73005.2257544,73005.2276711,73005.3461674,0.052700008382089436,1.9166999991284683,118.49629999778699,120.46570000529755
378,73005.2386785,73005.2390268,73005.2413409,73005.347223,0.34830000367946923,2.314099998329766,105.88210000423715,108.54450000624638
379,73005.242026,73005.2420703,73005.2434315,73005.3507111,0.04429998807609081,1.3612000038847327,107.2796000080416,108.68510000000242
380,73005.2547319,73005.2550145,73005.2571849,73005.3515591,0.2825999981723726,2.170399995520711,94.3742000090424,96.82720000273548
381,73005.2585394,73005.2586477,73005.2604387,73005.352089,0.10829999519046396,1.7910000024130568,91.6503000044031,93.54960000200663
382,73005.2702417,73005.2705643,73005.2726428,73005.3526006,0.3225999971618876,2.0785000087926164,79.95780000055674,82.35890000651125
383,73005.2737719,73005.2738271,73005.2752149,73005.3532569,0.055199998314492404,1.3878000027034432,78.0419999937294,79.48499999474734
384,73005.2879161,73005.2882679,73005.2910173,73005.353881,0.35180000122636557,2.749399995082058,62.863700004527345,65.96490000083577
385,73005.2928372,73005.2929207,73005.2945086,73005.3544867,0.08349999552592635,1.5878999984124675,59.97810000553727,61.649499999475665
386,73005.3029982,73005.3031043,73005.3057727,73005.3551019,0.10609999299049377,2.66840000404045,49.329200002830476,52.10369999986142
387,73005.3190298,73005.3191696,73005.3213774,73005.3557602,0.13980000221636146,2.2078000038163736,34.382799989543855,36.73039999557659
388,73005.3231407,73005.3231949,73005.3248068,73005.3563822,0.05420000525191426,1.6118999919854105,31.575400003930554,33.24150000116788
389,73005.3349469,73005.3352959,73005.3378955,73005.3570402,0.3490000090096146,2.599599989480339,19.14470001065638,22.093300009146333
390,73005.3395897,73005.3396415,73005.3418227,73005.357639,0.0518000015290454,2.181199990445748,15.816300001461059,18.049299993435852
391,73005.3508842,73005.3509894,73005.3538121,73005.3582627,0.10520000068936497,2.8227000002516434,4.450599997653626,7.378499998594634
392,73005.3552808,73005.3553519,73005.3572547,73005.3589162,0.07110000296961516,1.902799995150417,1.661500005866401,3.635400003986433
393,73005.3665441,73005.3666579,73005.3694073,73005.3702793,0.11379999341443181,2.749399995082058,0.8720000041648746,3.7351999926613644
394,73005.3710786,73005.3711366,73005.3727026,73005.4689834,0.05800000508315861,1.5659999917261302,96.28080000402406,97.90480000083335
395,73005.3824935,73005.3827568,73005.3853034,73005.469589,0.2632999967318028,2.546600007917732,84.28559999447316,87.0954999991227
396,73005.3866249,73005.386681,73005.3882648,73005.4702886,0.05610000516753644,1.5837999962968752,82.02380000147969,83.6637000029441
397,73005.3990948,73005.3999528,73005.4027389,73005.4709538,0.857999999425374,2.7860999980475754,68.21490000584163,71.85900000331458
398,73005.4023065,73005.4027569,73005.4044668,73005.4714847,0.4504000098677352,1.709899996058084,67.017900000792,69.17820000671782
399,73005.4141703,73005.4145171,73005.4171736,73005.4721389,0.3467999922577292,2.65650000073947,54.96530000527855,57.96859999827575
400,73005.4181242,73005.4181729,73005.4201712,73005.4727637,0.048699992476031184,1.9983000092906877,52.59249999653548,54.6394999983022
401,73005.4298606,73005.4299672,73005.4328094,73005.4733993,0.10660001134965569,2.8421999886631966,40.589900003396906,43.53870000340976
402,73005.4347182,73005.4347662,73005.4360761,73005.4740482,0.047999987145885825,1.309900006162934,37.972100006300025,39.329999999608845
403,73005.4461082,73005.4462192,73005.4488593,73005.4746284,0.11100000119768083,2.6400999922771007,25.769100000616163,28.520199994090945
404,73005.4498402,73005.4498878,73005.4512937,73005.4756142,0.047599998652003706,1.4058999950066209,24.32050000061281,25.773999994271435
405,73005.4620033,73005.4622991,73005.4653494,73005.4763928,0.2958000113721937,3.050299987080507,11.043400008929893,14.389500007382594
406,73005.4655281,73005.4655694,73005.4668898,73005.4770997,0.04129999433644116,1.320399998803623,10.209900006884709,11.571600000024773
407,73005.4781364,73005.4781982,73005.4812516,73005.4818009,0.06180000491440296,3.053399996133521,0.5493000062415376,3.664500007289462
408,73005.4819698,73005.4820228,73005.4835443,73005.4840397,0.05299999611452222,1.5215000021271408,0.49539998872205615,2.069899986963719
409,73005.4944168,73005.4946227,73005.497581,73005.4983509,0.20590001076925546,2.958299999590963,0.7698999979766086,3.934100008336827
410,73005.4985448,73005.4985886,73005.4999708,73005.5935571,0.043800013372674584,1.3821999891661108,93.58630000497214,95.01230000751093
411,73005.5105743,73005.510771,73005.5126651,73005.5948029,0.19669999892357737,1.894100001663901,82.13779999641702,84.2285999970045
412,73005.514435,73005.5145096,73005.5159775,73005.6956842,0.0746000005165115,1.4679000014439225,179.70670000067912,181.24920000263955
413,73005.5275358,73005.5278144,73005.5307256,73005.6968375,0.27859999681822956,2.911199990194291,166.1119000054896,169.3016999925021
414,73005.5430363,73005.5431353,73005.5467892,73005.6977379,0.09899999713525176,3.653899999335408,150.94870000029914,154.7015999967698
415,73005.54752,73005.5476446,73005.550597,73005.6987002,0.12460000289138407,2.952399998321198,148.10320000106003,151.1802000022726
416,73005.5586218,73005.5589279,73005.5610171,73005.6998184,0.30610000248998404,2.089200002956204,138.80129999597557,141.19660000142176
417,73005.5625463,73005.5626278,73005.566291,73005.70081,0.08149999484885484,3.6631999973906204,134.51899999927264,138.2636999915121
418,73005.5737015,73005.5739606,73005.5766706,73005.7021023,0.2590999938547611,2.710000000661239,125.43169999844395,128.40079999295995
419,73005.5774007,73005.5774483,73005.5803644,73005.7030411,0.047599998652003706,2.916099998401478,122.67670000437647,125.64040000142995
420,73005.5898291,73005.5900912,73005.5927277,73005.7040137,0.262100002146326,2.636499993968755,111.2859999993816,114.18459999549668
421,73005.5938525,73005.5943636,73005.598611,73005.7051304,0.5111000064061955,4.247399992891587,106.519400011166,111.27790001046378
422,73005.6074097,73005.6076207,73005.6100163,73005.7055817,0.21100000594742596,2.395599993178621,95.5653999990318,98.17199999815784
423,73005.6116464,73005.6119708,73005.6150737,73005.7067749,0.32440001086797565,3.102899994701147,91.70119999907911,95.12850000464823
424,73005.6224332,73005.6226746,73005.6253445,73005.7071923,0.24140000459738076,2.6699000009102747,81.84780000010505,84.75910000561271
425,73005.626563,73005.6266205,73005.6286468,73005.7079386,0.05750000127591193,2.0263000042177737,79.29179999337066,81.37559999886435
426,73005.6384802,73005.6387876,73005.641079,73005.7088983,0.3073999978369102,2.2914000001037493,67.8193000057945,70.41810000373516
427,73005.6424215,73005.642468,73005.6439231,73005.7092736,0.04650000482797623,1.4550999912898988,65.35050000820775,66.85210000432562
428,73005.6548387,73005.6549286,73005.6568127,73005.7098354,0.08990000060293823,1.8841000128304586,53.0226999981096,54.996700011543
429,73005.6589787,73005.6592163,73005.6619313,73005.7104133,0.2376000047661364,2.71499999507796,48.48199999833014,51.434599998174235
430,73005.6702819,73005.6707743,73005.6735823,73005.7110722,0.4923999949824065,2.8080000047339126,37.48990000167396,40.79030000139028
431,73005.6741138,73005.6743785,73005.6762206,73005.7116893,0.2646999928401783,1.8420999986119568,35.46870000718627,37.575499998638406
432,73005.6863492,73005.6866158,73005.6895967,73005.7123459,0.2666000073077157,2.9808999970555305,22.749199997633696,25.996700001996942
433,73005.6901829,73005.6904328,73005.692866,73005.7129832,0.24989999656099826,2.4332000029971823,20.11720000882633,22.80030000838451
434,73005.7034616,73005.7037864,73005.7066427,73005.7135858,0.32479999936185777,2.8562999941641465,6.943100001080893,10.124199994606897
435,73005.7080151,73005.7080633,73005.709924,73005.7144775,0.04820000322069973,1.8606999947223812,4.553500009933487,6.4624000078765675
436,73005.7183935,73005.7185016,73005.7221051,73005.7230954,0.10809999366756529,3.6034999939147383,0.9903000027406961,4.701899990323
437,73005.723243,73005.7233461,73005.7263042,73005.7271475,0.10309999925084412,2.9580999980680645,0.8433000039076433,3.904500001226552
438,73005.7351497,73005.7352607,73005.7386534,73005.7396903,0.11100000119768083,3.392699989490211,1.0369000083301216,4.5405999990180135
439,73005.7402209,73005.7403215,73005.7430377,73005.8283751,0.10059999476652592,2.7162000042153522,85.33739999984391,88.15419999882579
440,73005.7508557,73005.7509646,73005.7526095,73005.9282865,0.10889999975915998,1.644900010433048,175.6769999919925,177.4308000021847
441,73005.7678198,73005.7679336,73005.7704881,73005.9296615,0.11379999341443181,2.5544999953126535,159.17340001033153,161.84169999905862
442,73005.772383,73005.7724791,73005.7747545,73005.9308398,0.09609998960513622,2.2754000092390925,156.08529999735765,158.45679999620188
443,73005.7828937,73005.7829892,73005.7856383,73005.931395,0.09549999958835542,2.64910000259988,145.75670000340324,148.50130000559147
444,73005.787091,73005.7871523,73005.7887747,73005.9319848,0.06130000110715628,1.6223999991780147,143.2100999954855,144.89379999577068
445,73005.7989469,73005.7990797,73005.8015804,73005.9327862,0.13279999257065356,2.500700007658452,131.2058000039542,133.83930000418331
446,73005.8033558,73005.80341,73005.8048247,73005.9339832,0.054199990699999034,1.4147000038065016,129.15849999990314,130.62739999440964
447,73005.8140958,73005.8144417,73005.8171248,73005.9349478,0.34589999995660037,2.6830999995581806,117.82299999322277,120.85199999273755
448,73005.817859,73005.8179062,73005.8204326,73005.9356904,0.04719999560620636,2.526399999624118,115.25780000374652,117.83139999897685
449,73005.8307182,73005.8308621,73005.8342084,73005.9362619,0.14390000433195382,3.3462999999755993,102.05349999887403,105.54370000318158
450,73005.8352572,73005.8353416,73005.8378809,73005.9366538,0.08440000237897038,2.539299995987676,98.77290000440553,101.39660000277217
451,73005.8457263,73005.8458117,73005.8483696,73005.9372811,0.08539999544154853,2.5579000066500157,88.91150000272319,91.55480000481475
452,73005.8502159,73005.8502947,73005.8519115,73005.9379129,0.07879998884163797,1.6168000001925975,86.00140000635292,87.69699999538716
453,73005.8618577,73005.8621148,73005.8649448,73005.9385224,0.2570999931776896,2.8300000121816993,73.57759999285918,76.66469999821857
454,73005.8658425,73005.8658952,73005.8676372,73005.9391969,0.05269999383017421,1.7420000076526776,71.55969999439549,73.35439999587834
455,73005.8787732,73005.8788821,73005.8823556,73005.9398886,0.10889999975915998,3.4734999935608357,57.53299999923911,61.115399992559105
456,73005.8827602,73005.8828312,73005.8852902,73005.940438,0.07100000220816582,2.4590000102762133,55.14779999793973,57.67780001042411
457,73005.8952017,73005.8955421,73005.8993693,73005.9411414,0.3404000017326325,3.8271999947028235,41.77210001216736,45.93970000860281
458,73005.8999134,73005.8999824,73005.9023152,73005.9418024,0.06900000153109431,2.33279999520164,39.487200003350154,41.88900000008289
459,73005.9116501,73005.9118871,73005.9151073,73005.942706,0.23700000019744039,3.2202000002143905,27.59870000591036,31.05590000632219
460,73005.9160842,73005.9161939,73005.9186665,73005.9440378,0.10970000585075468,2.4725999974180013,25.371299998369068,27.953600001637824
461,73005.9271519,73005.9272477,73005.9302075,73005.9452989,0.09580000187270343,2.959799996460788,15.091399996890686,18.146999995224178
462,73005.9324987,73005.9326767,73005.9361972,73005.9457965,0.17800000205170363,3.5205000021960586,9.599299999536015,13.297800003783777
463,73005.9424299,73005.9425012,73005.9451864,73005.9468871,0.07130000449251384,2.6852000009967014,1.7006999987643212,4.4572000042535365
464,73005.9466394,73005.9467027,73005.9491283,73005.950138,0.06330000178422779,2.4255999887827784,1.0097000049427152,3.4985999955097213
465,73005.9581609,73005.9582759,73005.9617538,73005.962899,0.11500000255182385,3.477899997960776,1.1452000035205856,4.7381000040331855
466,73005.9629632,73005.9630552,73005.9658096,73006.0583824,0.09200000204145908,2.7544000040506944,92.57280000019819,95.41920000629034
467,73005.9739532,73005.9740476,73005.9756552,73006.1636117,0.09440000576432794,1.6076000028988346,187.95649999810848,189.65850000677165
468,73005.9894568,73005.9897858,73005.9920292,73006.1648828,0.32900000223889947,2.2433999984059483,172.85360000096262,175.42600000160746
469,73005.9926566,73005.9929603,73005.9943327,73006.2653764,0.3036999987671152,1.3723999873036519,271.04370000597555,272.7197999920463
472,73006.021573,73006.0218002,73006.0238416,73006.3696156,0.2271999983349815,2.0414000027813017,345.77399998670444,348.0425999878207
485,73006.1238661,73006.1239157,73006.1257458,73006.3709313,0.04959999932907522,1.830100009101443,245.18549999629613,247.06520000472665
486,73006.1352443,73006.1353568,73006.1385727,73006.4722715,0.11249999806750566,3.2158999965758994,333.6987999937264,337.02719998836983
496,73006.2146969,73006.2150542,73006.2172217,73006.4738949,0.3572999994503334,2.1675000025425106,256.6731999977492,259.197999999742
497,73006.2310332,73006.2314135,73006.2347199,73006.4747079,0.3802999999606982,3.3064000017475337,239.98799998662435,243.67469998833258
498,73006.234346,73006.2347379,73006.2362969,73006.4782632,0.3919000009773299,1.5589999966323376,241.96630000369623,243.9172000013059
499,73006.2468455,73006.2472227,73006.2503558,73006.4794878,0.37719999090768397,3.1331000063801184,229.13199999311473,232.64229999040253
500,73006.2514318,73006.251499,73006.2530074,73006.4807364,0.06720000237692147,1.508399989688769,227.72900000563823,229.30459999770392
501,73006.2618223,73006.2619093,73006.264893,73006.4811241,0.08699999307282269,2.9837000038241968,216.23109999927692,219.30179999617394
502,73006.2665517,73006.2666381,73006.2697675,73006.4818004,0.0864000030560419,3.129399992758408,212.0329000026686,215.24869999848306
503,73006.278696,73006.2789974,73006.282683,73006.4824441,0.3014000103576109,3.685599993332289,199.76109999697655,203.74810000066645
504,73006.2825382,73006.2827144,73006.2842919,73006.4836604,0.1762000028975308,1.5774999919813126,199.368500005221,201.12220000009984
505,73006.2937797,73006.2940374,73006.2971753,73006.4851304,0.25769999774638563,3.137899999273941,187.9551000020001,191.35069999902043
506,73006.2978303,73006.2982586,73006.3012244,73006.4863077,0.42830000165849924,2.9657999984920025,185.08330000622664,188.47740000637714
507,73006.3104157,73006.3105101,73006.3136706,73006.4878523,0.09439999121241271,3.1604999967385083,174.18170000019018,177.4365999881411
508,73006.3139795,73006.3140173,73006.3164315,73006.4892252,0.03779999678954482,2.4142000038409606,172.79369999596383,175.24569999659434
509,73006.3254921,73006.3258189,73006.3278282,73006.4899961,0.3268000000389293,2.009299991186708,162.16790000908077,164.5040000003064
510,73006.3290286,73006.3290719,73006.330959,73006.4913939,0.0433000095654279,1.887099992018193,160.43489999719895,162.36529999878258
511,73006.3415626,73006.3418047,73006.3438683,73006.4925537,0.2420999953756109,2.063599997200072,148.68539999588393,150.9910999884596
512,73006.3449527,73006.3449958,73006.3466892,73006.493401,0.043099993490614,1.6934000013861805,146.71180000004824,148.44829999492504
513,73006.3581155,73006.3582345,73006.3609831,73006.4939994,0.11900000390596688,2.7486000035423785,133.01629999477882,135.88390000222716
514,73006.3612985,73006.3615501,73006.3631473,73006.4950104,0.25159999495372176,1.5971999964676797,131.86310000310186,133.71189999452326
515,73006.3740916,73006.3741847,73006.3766961,73006.4958002,0.09310001041740179,2.5113999872701243,119.10410001291893,121.70860001060646
516,73006.3779315,73006.3779771,73006.3793696,73006.4962128,0.045599997974932194,1.3925000093877316,116.84319999767467,118.28130000503734
517,73006.3896877,73006.3899826,73006.3919936,73006.4967744,0.29490000451914966,2.011000004131347,104.78080000029877,107.08670000894926
518,73006.392892,73006.3929464,73006.394399,73006.4973534,0.05439999222289771,1.4526000013574958,102.95440000481904,104.46139999839943
519,73006.4064506,73006.4065619,73006.4089223,73006.4979978,0.11130000348202884,2.3604000016348436,89.07550000003539,91.54720000515226
520,73006.4119339,73006.4121712,73006.4162894,73006.4986187,0.2373000024817884,4.118199998629279,82.32929999940097,86.68480000051204
521,73006.4222376,73006.4226475,73006.4245515,73006.4992986,0.4099000070709735,1.903999989735894,74.74710000678897,77.06100000359584
522,73006.4259983,73006.4260399,73006.4274185,73006.4999204,0.0416000111727044,1.378599990857765,72.50190000922885,73.92210001125932
523,73006.4384003,73006.4386758,73006.4410994,73006.5005522,0.27550000231713057,2.423600002657622,59.45279999286868,62.15189999784343
524,73006.454483,73006.4547564,73006.4565961,73006.5011401,0.2734000008786097,1.8397000094410032,44.54399998940062,46.65709999972023
525,73006.4580399,73006.4580773,73006.4593535,73006.5018219,0.0374000082956627,1.2761999969370663,42.46840000269003,43.78200000792276
526,73006.4705261,73006.470647,73006.4740757,73006.5027533,0.12089998926967382,3.428700001677498,28.677599999355152,32.227199990302324
527,73006.4753677,73006.4756312,73006.4775389,73006.5031678,0.2634999982547015,1.9077000033576041,25.628899995354004,27.80009999696631
528,73006.48685,73006.4871231,73006.4906056,73006.5037686,0.2730999985942617,3.482500003883615,13.162999995984137,16.918599998462014
529,73006.49273,73006.4927879,73006.4956079,73006.505012,0.057900004321709275,2.8199999942444265,9.404099997482263,12.281999996048398
530,73006.5026224,73006.5030062,73006.5076329,73006.508497,0.3837999975075945,4.626699999789707,0.8641000022180378,5.87459999951534
531,73006.507522,73006.5076616,73006.5101056,73006.6082161,0.1396000006934628,2.4439999979222193,98.11049999552779,100.69409999414347
532,73006.5182974,73006.5184037,73006.5208827,73006.7125765,0.10629999451339245,2.479000002495013,191.69379999220837,194.27909998921677
533,73006.5235083,73006.5238061,73006.5257557,73006.7135868,0.29779999749735,1.9496000022627413,187.83110000367742,190.0785000034375
534,73006.5351022,73006.5352194,73006.5381092,73006.8143515,0.11720000475179404,2.8898000018671155,276.24229999491945,279.24930000153836
539,73006.5707886,73006.5708368,73006.5727518,73006.8154652,0.04820000322069973,1.9150000007357448,242.71339998813346,244.6765999920899
540,73006.5826106,73006.5828725,73006.5849962,73006.8170075,0.26190000062342733,2.1237000037217513,232.01129998778924,234.39689999213442
541,73006.5861649,73006.5862102,73006.58766,73006.8179862,0.04529999569058418,1.4498000091407448,230.3261999913957,231.82129999622703
542,73006.5991728,73006.5995094,73006.601787,73006.8185553,0.33660000190138817,2.2776000114390627,216.76829998614267,219.38249999948312
543,73006.6029923,73006.6030372,73006.6046861,73006.8196381,0.044899992644786835,1.648900011787191,214.95199999480974,216.64579999924172
544,73006.6143996,73006.6147226,73006.6168028,73006.8207369,0.32300000020768493,2.0801999926334247,203.93410000542644,206.33729999826755
545,73006.6180514,73006.6180967,73006.6196894,73006.8212551,0.04529999569058418,1.5927000058582053,201.56570000108331,203.2037000026321
546,73006.6305086,73006.6305966,73006.6331,73006.8218873,0.08800000068731606,2.5033999991137534,188.78729999414645,191.37869999394752
547,73006.6340014,73006.6340561,73006.6356918,73006.8225186,0.05469999450724572,1.63569999858737,186.82680001074914,188.51720000384375
548,73006.6472994,73006.647612,73006.6504746,73006.8233274,0.31259999377653,2.862599998479709,172.85279999487102,176.02799998712726
549,73006.6515784,73006.6516367,73006.6540153,73006.8242657,0.05830000736750662,2.3785999946994707,170.25039999862202,172.687300000689
550,73006.6621781,73006.6622458,73006.6644754,73006.825361,0.06770000618416816,2.2295999951893464,160.88559999479912,163.18289999617264
551,73006.6781048,73006.6783832,73006.681076,73006.8263218,0.2783999952953309,2.69280000065919,145.24580001307186,148.21700000902638
552,73006.6820264,73006.682069,73006.6842356,73006.8267332,0.04260000423528254,2.1665999956894666,142.49759999802336,144.7067999979481
553,73006.6959801,73006.6962601,73006.6993287,73006.8277193,0.27999999292660505,3.0685999954584986,128.3906000026036,131.7391999909887
554,73006.7005154,73006.7006246,73006.7031004,73006.8282948,0.10919998749159276,2.475800007232465,125.19439999596216,127.77939999068622
555,73006.7116284,73006.711746,73006.7156932,73006.8286561,0.11760000779759139,3.9472000062232837,112.96289999154396,117.02770000556484
556,73006.7173794,73006.7174925,73006.7204462,73006.82955,0.11310000263620168,2.953699993668124,109.10380000132136,112.17059999762569
557,73006.7274547,73006.7275824,73006.7308269,73006.8299971,0.12769999739248306,3.2445000106235966,99.17019998829346,102.54239999630954
558,73006.7327643,73006.7328569,73006.7357977,73006.8307274,0.09259999205823988,2.9408000118564814,94.92969998973422,97.96309999364894
559,73006.7435055,73006.7436179,73006.7462944,73006.831544,0.11240001185797155,2.67649999295827,85.2496000006795,88.03850000549573
560,73006.7483147,73006.7483813,73006.7502726,73006.8319895,0.06659999780822545,1.8912999948952347,81.71690000745002,83.67480000015348
561,73006.759759,73006.7598709,73006.76297,73006.8326091,0.11190000805072486,3.0990999948699027,69.63910000922624,72.85010001214687
562,73006.7647181,73006.7647986,73006.7674776,73006.8332513,0.08049998723436147,2.6790000119945034,65.77370000013616,68.53319999936502
563,73006.7752205,73006.7753154,73006.7780714,73006.8338981,0.0948999950196594,2.7560000016819686,55.82670000148937,58.677599998191
564,73006.7799355,73006.7800285,73006.7829615,73006.8345676,0.09299999510403723,2.932999996119179,51.60610000893939,54.63210000016261
565,73006.790226,73006.7903356,73006.7928596,73006.8355194,0.10960000508930534,2.5239999959012493,42.65980000491254,45.293400005903095
566,73006.7942418,73006.7942982,73006.7958782,73006.8364999,0.05639999289996922,1.580000011017546,40.621699998155236,42.25810000207275
567,73006.8060645,73006.8061933,73006.8088199,73006.8373233,0.12880000576842576,2.626600005896762,28.503399997134693,31.25880000879988
568,73006.8100139,73006.8100601,73006.8116404,73006.8378175,0.046200002543628216,1.5802999987499788,26.1770999932196,27.803599994513206
569,73006.8229446,73006.8232465,73006.8259528,73006.8389837,0.30189999961294234,2.706300001591444,13.030899994191714,16.0390999953961
570,73006.8269487,73006.826998,73006.8289126,73006.840181,0.049299997044727206,1.9145999976899475,11.268400005064905,13.23229999979958
571,73006.8384099,73006.8385005,73006.8413527,73006.8418618,0.0906000059330836,2.852199992048554,0.509100005729124,3.4519000037107617
572,73006.8425239,73006.8425688,73006.8442635,73006.8465458,0.044899992644786835,1.6946999967331067,2.282300003571436,4.021899992949329
573,73006.8538356,73006.8541359,73006.8570659,73006.8580434,0.30029998742975295,2.930000002379529,0.9775000071385875,4.20779999694787
574,73006.8576553,73006.8579441,73006.8596046,73006.9515733,0.2888000017264858,1.6604999982519075,91.96869999868795,93.91799999866635
575,73006.8709511,73006.8713358,73006.8733557,73007.0522744,0.38469998980872333,2.019899999140762,178.91870001039933,181.32329999934882
576,73006.8746005,73006.8746869,73006.8764622,73007.0528197,0.0864000030560419,1.7752999992808327,176.3574999931734,178.21919999551028
577,73006.8867964,73006.8870885,73006.8896051,73007.0534125,0.2921000123023987,2.5165999977616593,163.80739999294747,166.61610000301152
578,73006.8904628,73006.8905132,73006.8918949,73007.0541399,0.05040000542066991,1.3816999999107793,162.24499999952968,163.67710000486113
579,73006.9033256,73006.9036517,73006.9054551,73007.0549252,0.32610000926069915,1.803399994969368,149.47010000469163,151.5996000089217
580,73006.9185246,73006.9188608,73006.9216503,73007.0555799,0.3361999988555908,2.7895000093849376,133.92959999328014,137.05530000152066
581,73006.9224228,73006.9224748,73006.9238549,73007.0562519,0.05200000305194408,1.3801000022795051,132.3969999939436,133.82909999927506
582,73006.934628,73006.9349275,73006.9370493,73007.0567068,0.2994999958900735,2.121800003806129,119.65749999217223,122.07879999186844
583,73006.9384617,73006.9387932,73006.9401532,73007.0572867,0.33149999217130244,1.360000009299256,117.13349999627098,118.82499999774154
584,73006.9504719,73006.9507948,73006.954019,73007.0581004,0.3228999994462356,3.2242000015685335,104.08140000072308,107.62850000173785
585,73006.9548936,73006.9550936,73006.9564176,73007.0587267,0.19999999494757503,1.3239999971119687,102.3090999951819,103.83309998724144
586,73006.9675193,73006.9679033,73006.970009,73007.0595781,0.3839999990304932,2.1056999976281077,89.56910000415519,92.05880000081379
587,73006.9707477,73006.9708057,73006.9724649,73007.0603127,0.057999990531243384,1.6592000029049814,87.84780000860337,89.5650000020396
588,73006.9828352,73006.9830971,73006.9862922,73007.1648397,0.26190000062342733,3.195099998265505,178.54749999241903,182.00449999130797
589,73006.9868184,73006.9871418,73006.9885351,73007.1661707,0.3234000032534823,1.393300000927411,177.635600004578,179.3523000087589
590,73006.999248,73006.9993617,73007.0014808,73007.270507,0.1137000072048977,2.1190999977989122,269.02619999600574,271.25900000100955
593,73007.0191735,73007.0196634,73007.0225589,73007.271414,0.48990000505000353,2.895500001613982,248.85509999876376,252.24050000542775
594,73007.0304419,73007.0309616,73007.0348041,73007.3725434,0.5196999991312623,3.84249999478925,337.7392999973381,342.1014999912586
606,73007.1258188,73007.1259328,73007.1279572,73007.4772137,0.11399999493733048,2.0244000043021515,349.25649999058805,351.39489998982754
618,73007.2254266,73007.2257734,73007.2279047,73007.4776909,0.3468000068096444,2.13130000338424,249.78620000183582,252.2643000120297
619,73007.2378588,73007.2381713,73007.2407867,73007.4784278,0.3125000075669959,2.6153999933740124,237.64110000047367,240.56900000141468
620,73007.2413847,73007.2416746,73007.2438268,73007.4795736,0.28989999555051327,2.152200002456084,235.74679999728687,238.18889999529347
621,73007.2536423,73007.253729,73007.2554808,73007.4809152,0.08670000534038991,1.7517999949632213,225.43439999572,227.27289999602363
622,73007.2591896,73007.2594896,73007.2623775,73007.5858602,0.29999999969732016,2.8879000019514933,323.4826999978395,326.67059999948833
632,73007.3422397,73007.34249,73007.3450536,73007.6920016,0.2502999996067956,2.5636000063968822,346.9479999912437,349.7618999972474
644,73007.4481803,73007.4486125,73007.4527105,73007.6933511,0.4322000022511929,4.098000004887581,240.64059999363963,245.1708000007784
645,73007.4532483,73007.4532991,73007.4546906,73007.7924759,0.05080000846646726,1.3915000017732382,337.7852999983588,339.22760000859853
657,73007.5453965,73007.5454396,73007.5477974,73007.8965864,0.043099993490614,2.357799996389076,348.78900001058355,351.18990000046324
668,73007.6422227,73007.6422646,73007.6437323,73007.8983433,0.04189999890513718,1.4676999999210238,254.61099999665748,256.12059999548364
669,73007.6541744,73007.6545576,73007.6566775,73007.9985286,0.38320000749081373,2.1198999893385917,341.8511000054423,344.3542000022717
682,73007.7558662,73007.7559178,73007.7580466,73007.999436,0.05160000000614673,2.128800013451837,241.3893999910215,243.56980000447948
683,73007.7666027,73007.7669289,73007.7697532,73008.0006487,0.3262000100221485,2.8242999978829175,230.89550000440795,234.04600001231302
684,73007.7703119,73007.770371,73007.7727829,73008.0015518,0.05909999890718609,2.411900000879541,228.76889999315608,231.2398999929428
685,73007.782982,73007.7833053,73007.7857223,73008.0021178,0.32330000249203295,2.4169999960577115,216.39549999963492,219.13579999818467
686,73007.7865191,73007.7868539,73007.7900729,73008.0034017,0.33480000274721533,3.2189999910769984,213.32880000409205,216.88259999791626
687,73007.7982835,73007.7986502,73007.8013601,73008.0046079,0.36669999826699495,2.7098999998997897,203.2478000037372,206.324400001904
688,73007.8021768,73007.8022524,73007.8037123,73008.0058047,0.07559999357908964,1.4598999987356365,202.09240000986028,203.627900002175
689,73007.8156167,73007.8159942,73007.8180963,73008.0070094,0.3775000077439472,2.102099999319762,188.9130999916233,191.39269999868702
690,73007.8293063,73007.8295886,73007.8320841,73008.0077926,0.28229999588802457,2.4954999971669167,175.7084999990184,178.48629999207333
691,73007.8330683,73007.8331251,73007.8355284,73008.0084772,0.0568000104976818,2.403299993602559,172.94879999826662,175.40890000236686
692,73007.8455747,73007.8458258,73007.848335,73008.0095976,0.2511000056983903,2.5091999996220693,161.26259999873582,164.02290000405628
693,73007.8492728,73007.8493153,73007.8507773,73008.0102782,0.0425000034738332,1.4620000001741573,159.5009000011487,161.00540000479668
694,73007.8618497,73007.8621372,73007.8649854,73008.0108395,0.28750000637955964,2.848199990694411,145.85410000290722,148.9897999999812
695,73007.865508,73007.8655526,73007.8670329,73008.0114408,0.044599990360438824,1.480300008552149,144.40789999207482,145.9327999909874
696,73007.8781957,73007.8785732,73007.8813461,73008.0120458,0.377499993192032,2.7728999993996695,130.69970000651665,133.85009999910835
697,73007.8818158,73007.8818623,73007.883374,73008.0127628,0.046499990276061,1.5117000002646819,129.38880000729114,130.94699999783188
698,73007.8944801,73007.8947716,73007.898821,73008.013463,0.29149999318178743,4.049399998621084,114.64200000045821,118.98289999226108
699,73007.8994791,73007.899558,73007.9020589,73008.0140702,0.07890000415500253,2.5008999946294352,112.01130000699777,114.59110000578221
700,73007.910443,73007.9107708,73007.9140691,73008.0149466,0.3277999931015074,3.2983000128297135,100.8774999936577,104.50359999958891
701,73007.9150887,73007.9151342,73007.9165084,73008.0156417,0.04549999721348286,1.37420000100974,99.13329999835696,100.55299999658018
702,73007.9281631,73007.928438,73007.9314092,73008.016684,0.27489999774843454,2.971199995954521,85.27480000338983,88.52089999709278
703,73007.932329,73007.9324039,73007.9346547,73008.0172501,0.07490000280085951,2.2507999965455383,82.59540000290144,84.92110000224784
704,73007.9423302,73007.9426693,73007.9454865,73008.0179471,0.33909999183379114,2.8172000020276755,72.46060000034049,75.61689999420196
705,73007.9462986,73007.9463785,73007.9490438,73008.0186372,0.07989999721758068,2.665300009539351,69.59339999593794,72.33860000269488
706,73007.9584109,73007.9586459,73007.9607252,73008.0192754,0.23499999952036887,2.079300000332296,58.550200003082864,60.86450000293553
707,73007.9620097,73007.9620517,73007.9651488,73008.0200087,0.04199999966658652,3.097099994192831,54.859900003066286,57.998999996925704
708,73007.9735656,73007.9738536,73007.9758513,73008.020746,0.2879999956348911,1.9977000047219917,44.894699996802956,47.18039999715984
709,73007.9770661,73007.9771125,73007.9786437,73008.0213767,0.04640000406652689,1.5312000032281503,42.73299999476876,44.31060000206344
710,73007.9918407,73007.9921791,73007.9942667,73008.0218404,0.338400001055561,2.08760000532493,27.573700004722923,29.999700011103414
711,73007.9952946,73007.9953467,73007.9975066,73008.0224148,0.052100003813393414,2.159900002880022,24.908199993660673,27.12020000035409
712,73008.0088388,73008.0093907,73008.0133672,73008.0230529,0.5518999969353899,3.976499996497296,9.685700002592057,14.214099996024743
713,73008.0136444,73008.0137296,73008.0165506,73008.0239581,0.08520000847056508,2.82100000185892,7.4075000011362135,10.313700011465698
714,73008.0234059,73008.0238227,73008.0268798,73008.0277008,0.4167999868514016,3.0571000097552314,0.8209999941755086,4.294899990782142
715,73008.0278528,73008.0279376,73008.0300094,73008.0307376,0.0847999908728525,2.0718000014312565,0.7282000005943701,2.884799992898479
716,73008.0385195,73008.0387197,73008.0404074,73008.0415868,0.2001999964704737,1.687700001639314,1.1794000020017847,3.0673000001115724
717,73008.0536982,73008.0538036,73008.0559496,73008.1352472,0.10540000221226364,2.1459999989019707,79.29759999387898,81.54899999499321
718,73008.0571644,73008.0572097,73008.0585946,73008.2367177,0.04529999569058418,1.3849000097252429,178.12309999135323,179.55329999676906
719,73008.0698715,73008.0701585,73008.0720121,73008.2380067,0.28700000257231295,1.8535999988671392,165.99459999997634,168.1352000014158
720,73008.0731095,73008.0731506,73008.0745078,73008.3424596,0.041100007365457714,1.3572000025305897,267.9517999931704,269.3501000030665
722,73008.0916137,73008.0916845,73008.0930433,73008.3438877,0.07080000068526715,1.3588000001618639,250.84439999773167,252.2739999985788
723,73008.1023773,73008.1026509,73008.1077203,73008.3445592,0.27359998784959316,5.0694000092335045,236.83890000393149,242.18190000101458
724,73008.1078116,73008.1078887,73008.1100902,73008.34537,0.0771000050008297,2.201499999500811,235.27979999198578,237.55839999648742
725,73008.1191135,73008.1192424,73008.1216139,73008.3461732,0.1289000065298751,2.3714999988442287,224.55929999705404,227.05970000242814
726,73008.1230377,73008.1230889,73008.1244761,73008.3474355,0.05119999696034938,1.3871999981347471,222.95940000913106,224.39780000422616
727,73008.1356585,73008.1357498,73008.1385882,73008.3481332,0.09129999671131372,2.8384000033838674,209.54499999061227,212.47469999070745
